filename,cipher_family,code,target_size,implementation,sample_id,fingerprint,file_size,entropy,chi2,byte_mean,byte_variance,byte_skewness,byte_kurtosis,serial_corr,bigram_entropy,trigram_entropy,runs,runs_z,block_entropy_std_16,block_entropy_std_8,block_mean_std_16,block_mean_std_8,top8_ratio,top16_ratio,low_byte_ratio,high_byte_ratio,even_byte_ratio,zero_byte_ratio,peak_count,max_run_length,diff_entropy
3des_s099_liboqs.bin,3DES,3des,1032,liboqs,0,1d5796a08e74d7d8,1032,7.797562669726756,252.96124031007753,127.05910852713178,5471.972281375819,-0.012031905080465656,-1.2133937346781694,-0.043737614317309666,9.996249567901572,10.008428622070578,534,1.0620050382053956,0.17600094136380845,0.10533083908295499,18.94220080016697,25.49241830176068,0.06589147286821706,0.12306201550387597,0.06782945736434108,0.055232558139534885,0.5261627906976745,0.0048449612403100775,0,2,7.823046330900108
3des_s045_openssl.bin,3DES,3des,272,openssl,1,e14903c7e7cdff87,272,7.158853673975952,275.7647058823529,121.42647058823529,5292.744593425605,0.1979636673035083,-1.1529535237766224,0.05454715358979337,8.074768967553133,8.07681559705083,134,-0.23769517346630667,0.047652505135351915,0.058823529411764705,13.274173898601427,23.908163709390507,0.11397058823529412,0.20220588235294118,0.03676470588235294,0.06985294117647059,0.4852941176470588,0.0,5,2,7.209058543023257
des_s058_openssl.bin,DES,des,4104,openssl,2,91bde60add68a219,4104,7.955289871295628,252.99025341130604,126.75243664717348,5495.715028175811,0.026884940869476806,-1.1992285601276769,-0.009370073632139169,11.927754853707798,12.00211177647985,2070,0.5632769390431691,0.09848711376504045,0.07577306715624488,18.647845168352635,25.543414079458532,0.05141325536062378,0.09673489278752437,0.06262183235867447,0.06164717348927875,0.4956140350877193,0.003167641325536062,0,2,7.952846687480841
3des_s000_openssl.bin,3DES,3des,1032,openssl,3,f4a6c04479868808,1032,7.775292074026936,301.5813953488372,127.53875968992249,5216.552761252329,-0.03338909226153059,-1.1448048578617611,0.012742764605342436,9.98849011106355,10.008428622070578,513,-0.2432798984310797,0.1484482299896686,0.08662595596367058,18.573318301711367,25.97955367066084,0.07848837209302326,0.14147286821705427,0.0687984496124031,0.05329457364341085,0.5058139534883721,0.003875968992248062,0,2,7.790142521816732
aes128_s071_openssl.bin,AES-128,aes128,272,openssl,4,ad4a5d85149fd5b4,272,7.233867012188849,249.41176470588235,128.41176470588235,5421.926038062284,-0.108850767277414,-1.1822556981690666,-0.07869132071630532,8.074768967553133,8.07681559705083,139,0.27568261017380846,0.07352941176470588,0.08854113660876688,12.97953456307461,25.377273322750376,0.11764705882352941,0.20588235294117646,0.07720588235294118,0.03676470588235294,0.5220588235294118,0.014705882352941176,7,2,7.2146296685004785
aes256_s008_liboqs.bin,AES-256,aes256,272,liboqs,5,874a64c1c864e259,272,7.213243333974008,262.5882352941176,136.59191176470588,5507.043022815744,-0.21445234912544217,-1.1647989234034484,-0.036386759090550114,8.08214904135387,8.07681559705083,129,-0.5921521289011491,0.07498558108224684,0.08854113660876688,19.19830623138352,27.020320322226826,0.125,0.21323529411764705,0.0625,0.06985294117647059,0.4889705882352941,0.003676470588235294,8,2,7.2194637794381435
des_s034_liboqs.bin,DES,des,1032,liboqs,6,d3697ac6c994637d,1032,7.796410689768567,277.7674418604651,127.07751937984496,5090.422285319391,-0.01332576107990533,-1.128186716392548,-0.07286811153888013,9.99236983948256,10.008428622070578,556,2.432458737615151,0.14668856851004428,0.08240423110647016,13.679009180483918,22.027819981760548,0.06976744186046512,0.13178294573643412,0.05135658914728682,0.05232558139534884,0.4941860465116279,0.0029069767441860465,0,2,7.804697808748149
des_s096_openssl.bin,DES,des,528,openssl,7,0b91d083e5c61c2a,528,7.611716481431456,242.9090909090909,127.2215909090909,5664.918700499311,0.000966176262256328,-1.2001078095397162,-0.0070793649289055405,9.03406901880989,9.038918989292302,274,0.7871656206793806,0.06901843620563863,0.06615245907792795,22.590873365162896,28.426080336591284,0.08712121212121213,0.1553030303030303,0.07196969696969698,0.06628787878787878,0.5056818181818182,0.001893939393939394,2,2,7.635679848076628
chacha20_s064_openssl.bin,ChaCha20,chacha20,272,openssl,8,0c8aeb6350b5ba99,272,7.221792701471407,253.1764705882353,131.36029411764707,5654.392246972318,-0.0247732620559706,-1.2381259702717171,0.041979788062260874,8.08214904135387,8.07681559705083,129,-0.9685743432310124,0.07352941176470588,0.07090919677200702,15.899594909803449,22.52218605329814,0.11029411764705882,0.19852941176470587,0.058823529411764705,0.0661764705882353,0.5220588235294118,0.007352941176470588,5,2,7.2635046223670345
aes256_s072_liboqs.bin,AES-256,aes256,1056,liboqs,9,0b7455ecc06396b2,1056,7.843061127282486,228.36363636363637,127.51231060606061,5509.196818145948,-0.010260026740229576,-1.2171064913816065,-0.02918676014021766,10.029757141414452,10.041659151637214,532,0.19422744514595605,0.08928189143551457,0.07934227297595989,17.62212265525946,27.3832441398608,0.07386363636363637,0.13257575757575757,0.06723484848484848,0.056818181818181816,0.5123106060606061,0.005681818181818182,0,2,7.798604871928289
rsa2048_s047_openssl.bin,RSA-2048,rsa2048,256,openssl,10,eb862fad4368fdb8,256,7.168620751809457,254.0,125.69140625,5816.174301147461,-0.018483530882077527,-1.2605773197875365,-0.09875167405819069,7.986510299603956,7.9886846867721655,137,1.0186209612646435,0.05412658773652741,0.07287014885225637,17.039038768753535,23.428748040414174,0.11328125,0.20703125,0.06640625,0.0625,0.52734375,0.00390625,5,2,7.194693032944211
aes256_s049_openssl.bin,AES-256,aes256,4128,openssl,11,4fbf779bcb6e2748,4128,7.952019696091758,268.8992248062016,127.45397286821705,5459.759509410116,0.0006750426168097158,-1.2059300988391506,-0.0007508576542107282,11.947512136623626,12.010528105886484,2038,-0.8402029768055588,0.08883991620181778,0.08344893934276101,18.935743451199677,26.3819439353029,0.04941860465116279,0.09447674418604651,0.06201550387596899,0.05450581395348837,0.5043604651162791,0.005329457364341085,0,2,7.957225669867332
des_s027_openssl.bin,DES,des,1040,openssl,12,9b322111127c03a0,1040,7.82996214343043,235.56923076923078,124.3875,5318.789266826923,0.06683461678604352,-1.1480315860723573,-0.03923719789404881,10.005580516382556,10.019590728357882,542,1.4150958943468244,0.0922442088382911,0.0877900939270256,16.54863243826882,23.507352828832744,0.0673076923076923,0.12596153846153846,0.0673076923076923,0.05480769230769231,0.4951923076923077,0.004807692307692308,0,2,7.793194093113272
3des_s057_liboqs.bin,3DES,3des,4112,liboqs,13,bb291ba163d7e94d,4112,7.953206855524485,260.0466926070039,126.81347276264592,5459.119147278441,-0.003412082685890666,-1.2135663091262567,0.031613558459139775,11.937585828175106,12.003949442559312,1997,-1.8708545091450781,0.0780668539011719,0.08649386226059111,19.43857788251468,28.19005040404029,0.048638132295719845,0.0933852140077821,0.06444552529182879,0.05520428015564202,0.4885700389105058,0.0019455252918287938,0,2,7.955786612048175
rsa2048_s077_openssl.bin,RSA-2048,rsa2048,256,openssl,14,0b9e6520e8f50b2c,256,7.263404589725435,210.0,125.3046875,5034.407165527344,-0.002208074279888417,-1.1235008074604953,-0.06285788953256198,7.994353436858858,7.9886846867721655,133,0.5050209985942212,0.05412658773652741,0.07287014885225637,13.526303133703745,19.940902371817174,0.09765625,0.1875,0.0546875,0.05078125,0.484375,0.0,1,1,7.1809292093978305
aes128_s035_openssl.bin,AES-128,aes128,544,openssl,15,ab3bf525310cee8c,544,7.6632464205528565,225.88235294117646,125.4595588235294,5242.75939392301,0.01146923722653336,-1.1553795863110128,0.04179542642472511,9.070075422795155,9.082149041353869,267,-0.5072532503488212,0.07579238282385406,0.08854113660876688,19.624080172061085,25.88056242762257,0.08272058823529412,0.15625,0.05698529411764706,0.04779411764705882,0.5147058823529411,0.003676470588235294,0,2,7.629888333808182
chacha20_s033_openssl.bin,ChaCha20,chacha20,528,openssl,16,046679110d36abb4,528,7.622578863047951,249.6969696969697,128.47727272727272,5120.696453168043,-0.0522802170898504,-1.1449003909471298,-0.018274130279054127,9.037864085223552,9.038918989292302,263,-0.17424305044047042,0.08544109887349692,0.0815934061687046,16.940290487604035,23.90097457728035,0.0946969696969697,0.16666666666666666,0.06060606060606061,0.041666666666666664,0.5,0.001893939393939394,3,2,7.577052529381676
rsa2048_s030_openssl.bin,RSA-2048,rsa2048,256,openssl,17,8507eb5c9cfee045,256,7.212546972504131,236.0,133.94921875,5671.032577514648,-0.11225973704212831,-1.1591421643716322,0.022182592110902663,7.994353436858858,7.9886846867721655,127,-0.22637635092625977,0.062009796353076345,0.06051536478449089,17.02085718957108,27.664103040689724,0.10546875,0.19921875,0.0703125,0.07421875,0.49609375,0.01171875,3,1,7.147480876013592
mlkem768_s037_liboqs.bin,ML-KEM-768,mlkem768,1088,liboqs,18,77250d59df111a6c,1088,7.7951902324280855,280.94117647058823,121.3189338235294,5489.024200333856,0.11491045662461051,-1.1544415808221105,-0.04581764860934458,10.06221718178904,10.084808387804364,566,1.4996021976891085,0.08607945203103119,0.09837564823720332,16.2925176930611,24.215664271415616,0.06801470588235294,0.12683823529411764,0.06433823529411764,0.0661764705882353,0.4898897058823529,0.008272058823529412,0,2,7.820438779898723
mlkem768_s006_liboqs.bin,ML-KEM-768,mlkem768,1088,liboqs,19,dc1ddb46368429a9,1088,7.86240899152883,199.05882352941177,128.328125,5322.108326631434,0.005846233011235858,-1.1705986977196,-0.004896704354028034,10.073256740206702,10.084808387804364,538,-0.4245226371293884,0.07153885587889995,0.08610309789264307,17.494193413642535,24.5338383212073,0.0625,0.11856617647058823,0.05514705882352941,0.06341911764705882,0.5229779411764706,0.004595588235294118,0,3,7.833774143844549
3des_s056_openssl.bin,3DES,3des,528,openssl,20,46ada1793b77fa2a,528,7.613556154985376,248.72727272727272,129.63257575757575,5469.258938820019,-0.034477040962026334,-1.1965459401739034,0.014120493590376117,9.037864085223552,9.038918989292302,249,-1.374088221614467,0.09863042853251165,0.10578969730127986,18.4525892131295,26.752892781031207,0.08712121212121213,0.16287878787878787,0.056818181818181816,0.07007575757575757,0.5454545454545454,0.001893939393939394,2,2,7.547868949130041
aes128_s004_liboqs.bin,AES-128,aes128,1056,liboqs,21,8013480179a637a4,1056,7.804475164402952,268.6060606060606,125.53882575757575,5500.742810742367,0.04409602314841474,-1.1870565731592395,-0.08282483184976537,10.022174203025827,10.041659151637214,551,1.3644915470704075,0.07556794448204547,0.08720351843349498,16.975196244568405,23.994525360910917,0.07291666666666667,0.13257575757575757,0.06723484848484848,0.056818181818181816,0.48011363636363635,0.004734848484848485,0,2,7.83039348412985
mlkem768_s097_openssl.bin,ML-KEM-768,mlkem768,1088,openssl,22,586a409481fca4d1,1088,7.80673504511336,258.8235294117647,126.69485294117646,5483.57600291955,-0.004249451734404592,-1.17595653647472,-0.02043540698896218,10.069576887400814,10.084808387804364,556,0.6745626774841263,0.08396222338064149,0.0920353750422646,17.298862253700136,25.341730420665197,0.06525735294117647,0.12316176470588236,0.06709558823529412,0.06341911764705882,0.5220588235294118,0.0009191176470588235,0,3,7.818742138802028
aes256_s066_openssl.bin,AES-256,aes256,544,openssl,23,1975f04afb3f9e0f,544,7.5764706623165905,280.4705882352941,129.38970588235293,5387.770923442907,0.008717665495111515,-1.1897151789125486,-0.012878981681600624,9.070075422795155,9.082149041353869,277,0.3436336412391555,0.09226891950226943,0.0920587060702126,18.76787786670025,26.715743332822683,0.0900735294117647,0.1636029411764706,0.05698529411764706,0.06066176470588235,0.5404411764705882,0.007352941176470588,1,2,7.628895738869385
aes256_s048_liboqs.bin,AES-256,aes256,288,liboqs,24,2dae17dc68047c1d,288,7.2138952063006565,275.55555555555554,126.79861111111111,5568.653886959877,0.012941957870921329,-1.2522796073595173,-0.00017127154037095894,8.157938285560705,8.159871336778389,142,-0.33407913247471605,0.07382045703287951,0.08645763609714398,18.64765535273325,27.01263653909425,0.11805555555555555,0.2013888888888889,0.06597222222222222,0.052083333333333336,0.5138888888888888,0.0,8,2,7.252618404039904
mlkem768_s074_openssl.bin,ML-KEM-768,mlkem768,1088,openssl,25,92bf47f3060e59d5,1088,7.822226699792613,247.05882352941177,128.7840073529412,5560.116030999946,-0.028641822607025573,-1.1927862596329672,-0.07455207011246069,10.071416813803758,10.084808387804364,566,1.2905842413350044,0.09220763154542619,0.08854113660876688,14.77788379553076,24.171765225670754,0.0661764705882353,0.125,0.05974264705882353,0.06801470588235294,0.5082720588235294,0.003676470588235294,0,2,7.814595613284462
aes256_s092_openssl.bin,AES-256,aes256,1040,openssl,26,6f009a532fd4e14b,1040,7.813322164262381,255.75384615384615,125.13365384615385,5399.171559726331,0.036699808631617814,-1.19573591136284,0.022893544638024427,10.00365558856735,10.019590728357882,526,0.3113204343774184,0.07236495277779531,0.06007884366082042,19.129150118224334,29.398906754846813,0.07307692307692308,0.13365384615384615,0.06153846153846154,0.04903846153846154,0.4701923076923077,0.004807692307692308,1,2,7.79701586350751
3des_s059_liboqs.bin,3DES,3des,1032,liboqs,27,dbdf4f628f56846d,1032,7.817500020968783,249.48837209302326,127.86821705426357,5471.12410612343,-0.010654607460604074,-1.215594792825845,-0.017876611011801984,9.98849011106355,10.008428622070578,526,0.5650095648821464,0.14045045874238626,0.07525770480212247,20.517417914294736,26.712202114059124,0.06782945736434108,0.125,0.061046511627906974,0.05717054263565891,0.4903100775193798,0.006782945736434108,0,2,7.7986637432919945
rsa2048_s042_openssl.bin,RSA-2048,rsa2048,256,openssl,28,dae861055278acfb,256,7.118897876992268,282.0,129.7578125,4985.558532714844,-0.0810187617572133,-1.1321388067188582,0.08919589295699049,7.994353436858858,7.9886846867721655,103,-3.2282872976557986,0.07614683081882002,0.08267972847076846,21.22632959018336,29.325755556589566,0.125,0.21875,0.06640625,0.04296875,0.5546875,0.0,6,1,7.227341770039476
mlkem768_s032_openssl.bin,ML-KEM-768,mlkem768,1088,openssl,29,e3598e4937459be0,1088,7.8297579384379805,263.52941176470586,129.3308823529412,5696.254487456747,-0.06496697381640205,-1.2779444896703833,-0.013570597818258054,10.06773696099787,10.084808387804364,562,1.0538055511892213,0.08154806254712807,0.0735064302321037,17.952728019415332,23.851387352378854,0.07720588235294118,0.13878676470588236,0.06709558823529412,0.05330882352941176,0.4852941176470588,0.006433823529411764,2,2,7.811407301795782
aes256_s026_liboqs.bin,AES-256,aes256,544,liboqs,30,36f13b5f366324d7,544,7.593299828025573,267.29411764705884,126.51838235294117,5232.481279736159,0.012568745790305973,-1.1494898280538721,-0.029380667712776684,9.08112514655206,9.082149041353869,288,1.287758392926533,0.0970616086944418,0.07090919677200702,21.391304246894766,27.25287748489593,0.08455882352941177,0.15808823529411764,0.05514705882352941,0.04963235294117647,0.5073529411764706,0.001838235294117647,1,2,7.650687655416108
des_s012_liboqs.bin,DES,des,1032,liboqs,31,b1b764c5993dfef5,1032,7.819567075977125,240.5581395348837,127.91279069767442,5567.257898413557,0.058959103501914266,-1.179513831767833,0.038706749442036406,9.984610382644538,10.008428622070578,507,-0.6227565818646639,0.1495908652573227,0.0859731512124761,19.88592313621095,26.214499825988195,0.06686046511627906,0.12596899224806202,0.05717054263565891,0.08236434108527131,0.5174418604651163,0.0029069767441860465,0,2,7.808603063501503
des_s063_openssl.bin,DES,des,1040,openssl,32,64fd7499653c6bc7,1040,7.809338888414299,262.6461538461538,129.60096153846155,5641.020575998521,-0.024989484879203862,-1.2123594328745648,-0.08090403871601162,9.999805732936936,10.019590728357882,547,1.64533361681807,0.09984431080256528,0.08569751747837767,19.851194295075256,25.38606284116235,0.07307692307692308,0.13076923076923078,0.06346153846153846,0.06826923076923076,0.4894230769230769,0.010576923076923078,0,3,7.801251873314628
rsa2048_s036_openssl.bin,RSA-2048,rsa2048,256,openssl,33,491e3a38301e9d6f,256,7.172704273518898,262.0,124.53515625,5084.764389038086,0.08059861518305309,-1.1462251068006015,-0.1247264007608994,7.978667162349054,7.9886846867721655,136,1.112213482224709,0.04878904686248749,0.06051536478449089,14.184487716250487,19.98843010986195,0.125,0.21875,0.0546875,0.03125,0.48046875,0.0078125,6,1,7.205888142639401
chacha20_s055_liboqs.bin,ChaCha20,chacha20,272,liboqs,34,840a9d66cd7f72ec,272,7.26267290543745,240.0,119.90073529411765,5462.405587694637,0.09173397872591352,-1.1337939360540137,0.009266090865202083,8.074768967553133,8.07681559705083,133,-0.360144202221677,0.029411764705882353,0.0,16.65103361402003,25.951697556749338,0.11029411764705882,0.19852941176470587,0.08455882352941177,0.05514705882352941,0.4963235294117647,0.011029411764705883,6,1,7.202655083637613
aes128_s038_liboqs.bin,AES-128,aes128,288,liboqs,35,0f4cfc5ced00b313,288,7.178915921852229,295.1111111111111,124.15277777777777,5417.643325617284,0.038574015010885754,-1.2205281602049172,-0.13730967952608827,8.164906926675688,8.159871336778389,156,1.3419812340501012,0.06211299937499416,0.07856742013183862,13.13392920837543,24.060977785746214,0.1284722222222222,0.21180555555555555,0.0625,0.05555555555555555,0.5138888888888888,0.010416666666666666,8,2,7.236973020779719
aes128_s093_openssl.bin,AES-128,aes128,544,openssl,36,58c5673bb72fdc38,544,7.6348668524538885,236.23529411764704,125.09191176470588,5265.480522815744,0.08729860737992413,-1.1776967991037788,0.04399960292771476,9.066392181542852,9.082149041353869,265,-0.6617935932884895,0.06239177481057773,0.08854113660876688,21.624857803500728,26.848941005370428,0.08455882352941177,0.15073529411764705,0.051470588235294115,0.04779411764705882,0.4963235294117647,0.003676470588235294,1,2,7.645643686592609
aes128_s081_openssl.bin,AES-128,aes128,288,openssl,37,e34d33335dccb69c,288,7.255125424984431,268.44444444444446,126.55902777777777,5479.37151572145,0.09904920399600432,-1.2155536589828382,-0.05302970526219434,8.157938285560705,8.159871336778389,145,0.09978496744494166,0.0858980338670346,0.07856742013183862,12.571539592879606,18.138201277485088,0.12152777777777778,0.20833333333333334,0.04513888888888889,0.052083333333333336,0.5104166666666666,0.0,9,1,7.2396032908221
aes256_s086_liboqs.bin,AES-256,aes256,2064,liboqs,38,4adb0ba5f428b10a,2064,7.915364201489847,240.49612403100775,125.31589147286822,5472.645367616129,0.07878705113767462,-1.1827262756299892,0.017406785163436925,10.966536400844234,11.009828617368107,996,-1.5177104323172232,0.08940282591008249,0.08198586767592865,18.735917369848007,26.93606087326183,0.05813953488372093,0.10949612403100775,0.06153100775193798,0.061046511627906974,0.48352713178294576,0.005813953488372093,0,2,7.904485501145468
rsa2048_s055_openssl.bin,RSA-2048,rsa2048,256,openssl,39,c0fb53e95e314199,256,7.173094373011514,256.0,124.4453125,5998.356384277344,0.02987942918722151,-1.274436772801836,-0.004457448675897148,7.994353436858858,7.9886846867721655,126,-0.3604351093705661,0.11655495151989834,0.11587810136086973,21.77766150272668,27.474756480310134,0.1171875,0.2109375,0.08984375,0.0546875,0.5234375,0.0078125,5,2,7.185420374212445
des_s062_liboqs.bin,DES,des,1032,liboqs,40,60bd3209c3020a78,1032,7.771961867313221,294.63565891472865,123.71705426356588,5372.935445586202,0.051476133388550574,-1.2007872405005762,-0.03767818605690588,9.986550246854044,10.008428622070578,520,0.26292539201394644,0.14344658614593475,0.08013981832610594,17.336432707984116,23.729333722621377,0.07267441860465117,0.13468992248062014,0.060077519379844964,0.045542635658914726,0.5310077519379846,0.001937984496124031,0,2,7.831615684793405
3des_s035_openssl.bin,3DES,3des,4112,openssl,41,282a90f1fd0001f3,4112,7.960163064546345,222.31906614785993,128.9591439688716,5442.523136232191,-0.035740109348384605,-1.2099435352242731,0.005352546116453739,11.952850943111171,12.003949442559312,2078,0.7324056589714357,0.08351368606481877,0.07821800206938566,17.910045548879282,27.16067910316367,0.04839494163424125,0.09241245136186771,0.05860894941634241,0.057392996108949414,0.5043774319066148,0.004377431906614786,0,2,7.960966163409247
chacha20_s039_liboqs.bin,ChaCha20,chacha20,4112,liboqs,42,de9c552110f08af4,4112,7.952451068369219,271.1284046692607,127.27358949416342,5547.106812212808,0.00242165790569124,-1.2278774393902494,-0.012086338240389056,11.95169431759374,12.00443606056418,2064,0.21836578335795628,0.08476162724037822,0.0896051164691778,17.972632231224203,26.433806575349728,0.049854085603112844,0.09533073929961089,0.061770428015564205,0.05617704280155642,0.503647859922179,0.0038910505836575876,0,2,7.96111787892694
aes256_s035_liboqs.bin,AES-256,aes256,272,liboqs,43,1bf45c24928e06ba,272,7.223738749313248,256.94117647058823,120.8125,5092.740579044118,0.17011280399484777,-1.1511660457492718,-0.12553809494997814,8.08214904135387,8.07681559705083,144,1.0943390387780603,0.05302281287447043,0.07090919677200702,14.851145603464202,19.990099801489972,0.1213235294117647,0.20955882352941177,0.058823529411764705,0.03676470588235294,0.48161764705882354,0.003676470588235294,8,2,7.307416557901684
mlkem768_s003_openssl.bin,ML-KEM-768,mlkem768,1088,openssl,44,4cd536a157c15158,1088,7.820538167998927,263.52941176470586,126.890625,5865.979765050552,0.04153831012319554,-1.2716615760504923,0.007681378213518305,10.056697402580207,10.084808387804364,532,-0.7881682282543204,0.08961026904070821,0.11473716121991595,20.99424207378674,28.681293532375022,0.07261029411764706,0.13419117647058823,0.0661764705882353,0.07261029411764706,0.49172794117647056,0.007352941176470588,0,2,7.818814232799185
des_s007_liboqs.bin,DES,des,520,liboqs,45,f8e0aba9c4324dfc,520,7.5373443170567835,293.2923076923077,124.14807692307693,5720.364611686391,0.058879285496789564,-1.239352186311767,0.03002753661704067,9.01959072835788,9.016808287686555,248,-1.102396172638374,0.18378044652588185,0.06007884366082042,21.250678566381836,29.46009272913898,0.09807692307692308,0.17307692307692307,0.0673076923076923,0.05961538461538462,0.5288461538461539,0.0038461538461538464,2,2,7.612245932894512
mlkem768_s059_openssl.bin,ML-KEM-768,mlkem768,1088,openssl,46,589a24bc020efa25,1088,7.8128818368875645,256.4705882352941,127.76102941176471,5690.0642165873705,0.005554492514338202,-1.2544729698807942,0.044874381716439295,10.06221718178904,10.084808387804364,528,-1.0181747650280324,0.09263088066830581,0.10346030757866989,22.389156970717522,29.111306545623343,0.0661764705882353,0.125,0.0625,0.058823529411764705,0.49264705882352944,0.003676470588235294,0,2,7.81457441417785
rsa2048_s004_openssl.bin,RSA-2048,rsa2048,256,openssl,47,00a0291c526feeb8,256,7.237018310420109,222.0,127.9921875,5701.273376464844,-0.020755092560667786,-1.222845819800744,0.04147030270305118,7.994353436858858,7.9886846867721655,134,0.6425147601823136,0.07654655446197431,0.08267972847076846,19.41703951017878,27.110432030905443,0.1015625,0.1953125,0.05859375,0.0625,0.4609375,0.01171875,2,1,7.040637297590704
des_s070_openssl.bin,DES,des,272,openssl,48,ef68c923d01da703,272,7.2613327290528895,241.88235294117646,126.5,5348.117647058823,0.052524636990352196,-1.1843301157800632,-0.015339371741569326,8.08214904135387,8.07681559705083,137,0.04388961995597875,0.05973557650467618,0.08854113660876688,19.734392101548178,26.53712022808805,0.11029411764705882,0.19852941176470587,0.0625,0.058823529411764705,0.5,0.007352941176470588,5,2,7.265313570690551
aes256_s005_openssl.bin,AES-256,aes256,1040,openssl,49,f17e8c71b80e4195,1040,7.817582987348385,245.90769230769232,128.0625,5265.235516826923,0.02112869888619559,-1.1673820172648093,-0.02448755653793566,10.005580516382556,10.019590728357882,525,0.2511952212374516,0.07792890970926158,0.06957712505817516,17.853214265654927,25.51972394239706,0.07307692307692308,0.13076923076923078,0.051923076923076926,0.06057692307692308,0.510576923076923,0.0028846153846153848,0,2,7.833576348460156
des_s022_openssl.bin,DES,des,1040,openssl,50,c92113e4df8bceea,1040,7.81072299367068,255.75384615384615,126.38173076923077,5595.7590893121305,0.021026158216073062,-1.2577150184393482,-0.011637684696437544,10.007505444197763,10.019590728357882,524,0.1891422449697673,0.08522507617753976,0.07236495277779531,17.694347081456645,24.91541127735648,0.07307692307692308,0.1346153846153846,0.06634615384615385,0.052884615384615384,0.510576923076923,0.0019230769230769232,0,2,7.817934080116766
des_s000_openssl.bin,DES,des,2056,openssl,51,005e802c915d9fa6,2056,7.915166901260224,239.284046692607,128.16391050583658,5627.966810388878,-0.005999761096427107,-1.2291679896536616,0.01585352869909894,10.963679424310085,11.004220466318195,1026,-0.13197140486234452,0.11574643747221926,0.09480319370089818,18.90707303729718,28.012273115841644,0.05885214007782101,0.10749027237354086,0.058365758754863814,0.0646887159533074,0.4907587548638132,0.003404669260700389,0,2,7.911190598459517
mlkem768_s085_liboqs.bin,ML-KEM-768,mlkem768,1088,liboqs,52,22377c8ba09885cb,1088,7.802380968332624,286.5882352941176,127.35845588235294,5064.836582909818,-0.04398660359817587,-1.1173343697450189,-0.008479891103168035,10.060377255386095,10.084808387804364,535,-0.5749535653445623,0.0838042836602014,0.08397738073897368,16.21346861493448,25.022319121802994,0.07169117647058823,0.1332720588235294,0.05974264705882353,0.043198529411764705,0.5055147058823529,0.0055147058823529415,0,2,7.825873643402759
3des_s009_openssl.bin,3DES,3des,528,openssl,53,e3143a55a757bd0c,528,7.6334846585037095,240.96969696969697,126.08143939393939,5336.105110049357,0.01268191553082847,-1.1743227110756491,-0.0379683718940278,9.026478885982566,9.038918989292302,273,0.6973122316140743,0.08720351843349498,0.09620019014545678,19.726512482150717,24.753916628655922,0.08333333333333333,0.1571969696969697,0.06060606060606061,0.054924242424242424,0.4943181818181818,0.003787878787878788,0,2,7.632320699315056
3des_s026_openssl.bin,3DES,3des,1032,openssl,54,8396e503146a4d1a,1032,7.843311410007738,220.2170542635659,127.23934108527132,5501.313839875909,0.040394122184705505,-1.2063960040615875,0.04146822704336442,9.99236983948256,10.008428622070578,513,-0.24483747811559817,0.1380613488572812,0.09603115756368495,19.17924843772807,26.424677356649802,0.0687984496124031,0.12790697674418605,0.05910852713178295,0.06782945736434108,0.5067829457364341,0.001937984496124031,0,2,7.823117391805256
des_s032_openssl.bin,DES,des,528,openssl,55,907ea8e097ff4a34,528,7.621614570493957,243.87878787878788,130.5568181818182,5165.849044421488,0.02143059896355211,-1.1429163614816193,-0.03643380981919418,9.022683819568904,9.038918989292302,269,0.3515016293599762,0.08194434716963613,0.07697879330644536,17.105568241833797,26.967653725376085,0.08901515151515152,0.16098484848484848,0.04734848484848485,0.06818181818181818,0.5075757575757576,0.001893939393939394,2,1,7.608197590315011
chacha20_s020_openssl.bin,ChaCha20,chacha20,272,openssl,56,e7b9e0c0f5f59ab7,272,7.220357556156836,253.1764705882353,128.76470588235293,5177.3343425605535,-0.035614051799618435,-1.148819045448992,-0.020745159752337452,8.08214904135387,8.07681559705083,142,0.6083872145006467,0.075703162801375,0.04223943122454433,18.41188436697631,24.7531519959989,0.11029411764705882,0.19852941176470587,0.0661764705882353,0.04779411764705882,0.49264705882352944,0.0,6,1,7.205440646376224
mlkem768_s021_liboqs.bin,ML-KEM-768,mlkem768,1088,liboqs,57,78b272033ae0b1d1,1088,7.813728998411571,269.1764705882353,127.83363970588235,5529.114787487835,0.014727453563647488,-1.2247686675583398,-0.009892837051166432,10.071416813803758,10.084808387804364,548,0.1820975745816391,0.08937680721428837,0.07090919677200702,18.39559236008116,25.919080344544497,0.07077205882352941,0.12959558823529413,0.05698529411764706,0.05698529411764706,0.47518382352941174,0.0027573529411764708,0,2,7.827541636127632
aes128_s025_openssl.bin,AES-128,aes128,1056,openssl,58,7fa7bd2d472fd907,1056,7.832800133993892,227.3939393939394,128.78598484848484,5548.747758120982,-0.023598894287691453,-1.2241395362927545,0.004925291021730758,10.033548610608765,10.041659151637214,528,-0.04748464148105656,0.0769723309158677,0.08510385674681334,19.62972842997628,26.14283468695519,0.06628787878787878,0.12026515151515152,0.06060606060606061,0.06060606060606061,0.49053030303030304,0.003787878787878788,0,2,7.799655339314885
rsa2048_s069_openssl.bin,RSA-2048,rsa2048,256,openssl,59,3938b3916a8a3673,256,7.21854543560292,250.0,120.19921875,5230.440780639648,0.17714897881624567,-1.1106167335739348,0.06864475829047431,7.994353436858858,7.9886846867721655,114,-1.5932908346852146,0.08423536508124162,0.07287014885225637,18.55304392391646,27.202005099273443,0.12109375,0.21484375,0.06640625,0.05078125,0.48828125,0.00390625,5,2,7.123951464248886
aes256_s099_openssl.bin,AES-256,aes256,2080,openssl,60,dad77e982c844e2f,2080,7.910788015045207,250.58461538461538,129.41538461538462,5572.25822485207,-0.025120202174635894,-1.196230530047896,0.025442238878984225,10.998222918518707,11.020979938904212,1013,-1.2278072732825138,0.08927303375719355,0.07749785261388417,18.210479570791783,25.05683546855478,0.05913461538461538,0.10865384615384616,0.06394230769230769,0.06778846153846153,0.5,0.005288461538461539,0,2,7.908703037660534
des_s030_openssl.bin,DES,des,520,openssl,61,b65b60d19409cb5b,520,7.602848523986807,262.7692307692308,131.7403846153846,5867.449907544379,-0.04535555781167017,-1.2796836636929099,-0.07010516672075598,9.011883599263468,9.016808287686555,282,1.8731977409281568,0.21779479562825835,0.043172969847391635,14.560154740269969,21.907347596142827,0.09230769230769231,0.16538461538461538,0.05961538461538462,0.07692307692307693,0.5057692307692307,0.0038461538461538464,2,2,7.58947292608793
des_s045_openssl.bin,DES,des,2064,openssl,62,1a4ed7652cdd2ce3,2064,7.905221696386645,260.5891472868217,129.01308139534885,5491.442173838335,-0.044707621478555316,-1.2119816951554963,-0.012140662262444469,10.982047792022131,11.009828617368107,1015,-0.7704094958141844,0.0809852833725918,0.09874691878287865,18.127959652801728,25.965379938113443,0.05717054263565891,0.10755813953488372,0.06153100775193798,0.055232558139534885,0.5101744186046512,0.0029069767441860465,0,2,7.906524837630161
aes128_s008_openssl.bin,AES-128,aes128,288,openssl,63,fb8b0dd6308cd4ca,288,7.2451233953968055,257.77777777777777,123.24652777777777,5976.755196277006,0.025508074746844314,-1.3802792322239694,-0.040166898677597096,8.157938285560705,8.159871336778389,151,0.7502932435319913,0.11132791348528748,0.10462860537027335,20.825274193521185,26.23844795596945,0.11458333333333333,0.19791666666666666,0.09027777777777778,0.04513888888888889,0.5659722222222222,0.003472222222222222,7,1,7.286675677596759
mlkem768_s060_liboqs.bin,ML-KEM-768,mlkem768,1088,liboqs,64,b9d697944cb9e740,1088,7.809741173103533,281.88235294117646,126.39154411764706,5482.740075556877,0.013348676178472943,-1.2340650614692612,-0.023408318494959026,10.07693659301259,10.084808387804364,560,0.909927239981554,0.09033939501333002,0.11063366238354064,18.833089846522032,25.298347572422838,0.06985294117647059,0.13143382352941177,0.05974264705882353,0.05422794117647059,0.4889705882352941,0.004595588235294118,0,2,7.820333002872751
aes256_s014_liboqs.bin,AES-256,aes256,1040,liboqs,65,f9b25b1c55e0f6be,1040,7.798965272035773,274.46153846153845,123.72980769230769,5411.206803809172,0.07702505666450063,-1.2102778432981074,-0.007883021158840606,10.00943037201297,10.019590728357882,516,-0.07980145440577377,0.08522507617753976,0.06957712505817516,17.186523076055465,24.762287178473066,0.07307692307692308,0.13557692307692307,0.058653846153846154,0.052884615384615384,0.4894230769230769,0.004807692307692308,0,2,7.863617715220661
des_s089_openssl.bin,DES,des,528,openssl,66,8f8a60ee0488e7c1,528,7.614800566408916,245.8181818181818,123.8125,5594.201586174242,0.06955017242037828,-1.23360107492096,-0.03860787436429872,9.037864085223552,9.038918989292302,247,-1.46810341811273,0.05567022142689041,0.052074723806316364,15.314807340075694,26.867372508163584,0.08712121212121213,0.1571969696969697,0.07575757575757576,0.06060606060606061,0.4753787878787879,0.001893939393939394,0,2,7.552771666537185
des_s093_liboqs.bin,DES,des,1040,liboqs,67,49c6ff37db5f0d59,1040,7.8021718359319845,269.04615384615386,128.02596153846153,5546.481056767751,0.025214947757114123,-1.2037024136780041,-0.005167985835805782,10.001730660752143,10.019590728357882,535,0.8746666825550552,0.10133466445796563,0.075,18.713875111039872,25.86316013096735,0.07019230769230769,0.13076923076923078,0.06346153846153846,0.06826923076923076,0.4798076923076923,0.0028846153846153848,0,2,7.801609485672019
aes256_s068_openssl.bin,AES-256,aes256,544,openssl,68,42f6640b5f6f73fe,544,7.532323884096315,307.7647058823529,124.8216911764706,5560.764161845805,0.10102989311703245,-1.2291740320392086,0.06979101368674782,9.066392181542852,9.082149041353869,269,-0.2634470724446763,0.1013770993819107,0.12169884775293659,20.328280817624893,28.14574656521748,0.09558823529411764,0.17095588235294118,0.06066176470588235,0.06985294117647059,0.5018382352941176,0.003676470588235294,4,2,7.592004044686732
3des_s006_liboqs.bin,3DES,3des,4112,liboqs,69,19ad8cad51930bfe,4112,7.956146133522227,246.84824902723736,128.8054474708171,5359.244736862026,-0.03886760517814797,-1.1786009643340165,0.0005185482062762353,11.940018326350732,12.004922678569045,2055,-0.002171587143409007,0.08233699883896191,0.08211637972920342,18.654048313350447,25.538531428861774,0.04936770428015564,0.0943579766536965,0.05666342412451362,0.05690661478599222,0.49562256809338523,0.00316147859922179,0,2,7.958553141837241
chacha20_s088_openssl.bin,ChaCha20,chacha20,4112,openssl,70,7c1b9484b0f7219d,4112,7.948814916843819,288.8093385214008,124.41658560311284,5683.930785229054,0.05238449681357131,-1.231013170080042,0.010276059631124386,11.948775319782987,12.004922678569045,2067,0.3632559958942965,0.07728635230436541,0.0817757302448522,17.37587879787692,26.35569334061356,0.052285992217898834,0.09897859922178988,0.06760700389105058,0.05909533073929961,0.5055933852140078,0.004377431906614786,0,2,7.957290079185965
aes128_s095_openssl.bin,AES-128,aes128,288,openssl,71,638bfa4b4a5a8662,288,7.2390979179887855,256.0,134.53125,5337.9365234375,-0.12797455454223375,-1.1732796765572318,-0.0800625916478378,8.157938285560705,8.159871336778389,147,0.4515877009096932,0.11173902371527675,0.06909634979907084,14.864408139588935,23.872661589235637,0.1111111111111111,0.19791666666666666,0.041666666666666664,0.07291666666666667,0.4895833333333333,0.0,9,2,7.228992205255492
chacha20_s060_openssl.bin,ChaCha20,chacha20,272,openssl,72,54586c182de23449,272,7.220819677550486,253.1764705882353,129.97058823529412,5246.63884083045,-0.013175145175916468,-1.131952754511944,-0.10573242269375129,8.074768967553133,8.07681559705083,143,0.7373530920307355,0.07498558108224684,0.08854113660876688,10.79660548946546,21.82380687947918,0.10661764705882353,0.1948529411764706,0.04779411764705882,0.051470588235294115,0.49264705882352944,0.0,4,2,7.197787384674575
3des_s003_openssl.bin,3DES,3des,4112,openssl,73,4b96d6af80c85e88,4112,7.9612898486548875,217.5875486381323,127.71084630350195,5531.371886248751,-0.021952976333231327,-1.2067307571533594,0.0100944024699664,11.953218195605535,12.004922678569045,2071,0.4382286558112372,0.08019793828057978,0.08098650683534393,18.781566383966137,26.75271960271978,0.04839494163424125,0.09241245136186771,0.06590466926070039,0.05666342412451362,0.4978112840466926,0.003404669260700389,0,2,7.9638545485471965
mlkem768_s070_liboqs.bin,ML-KEM-768,mlkem768,1088,liboqs,74,557f7921540ddc0e,1088,7.814564775168954,257.4117647058824,131.66452205882354,5396.357123668631,-0.06956922089761697,-1.2064285251269355,-0.00788410568199327,10.069576887400814,10.084808387804364,535,-0.5535531490473578,0.09437865921318703,0.08471851927796259,18.123820652591647,24.663156753715388,0.06801470588235294,0.12775735294117646,0.05514705882352941,0.058823529411764705,0.5082720588235294,0.006433823529411764,0,2,7.832250205450094
mlkem768_s030_openssl.bin,ML-KEM-768,mlkem768,1088,openssl,75,a34465c8a64a6bbd,1088,7.831216142411421,242.8235294117647,126.55974264705883,5410.7519455220045,-0.00306863665202112,-1.194445277503389,-0.0654288346145433,10.075096666609646,10.084808387804364,582,2.2455591429608774,0.08032821431916284,0.07597050852857289,13.784596490043816,23.079535827538905,0.07169117647058823,0.12867647058823528,0.06525735294117647,0.05422794117647059,0.4898897058823529,0.003676470588235294,0,2,7.8105499710488315
des_s067_openssl.bin,DES,des,2064,openssl,76,61a795f5701cec0e,2064,7.9155589755544975,233.05426356589146,128.56589147286823,5679.918138933958,-0.025157346151442526,-1.2163551375451553,-0.02777524618718232,10.978535861582074,11.009828617368107,1047,0.6275389461800339,0.07530707438928383,0.07123905533222016,15.996216906191517,25.024450628216314,0.05377906976744186,0.10319767441860465,0.0692829457364341,0.06782945736434108,0.5174418604651163,0.006298449612403101,0,2,7.9127520011067976
3des_s014_openssl.bin,3DES,3des,4112,openssl,77,dd923efb8e85772d,4112,7.951382613154873,271.50194552529183,129.02699416342412,5514.662452248993,-0.0029127512818959166,-1.2021965292556316,0.005261839264932091,11.954980567898854,12.004922678569045,2076,0.595253620570667,0.08258041123834935,0.08121705912911198,18.07542994217078,26.195144316469538,0.048638132295719845,0.0938715953307393,0.05860894941634241,0.06930933852140078,0.498784046692607,0.0036478599221789884,0,2,7.950251364119297
rsa2048_s000_liboqs.bin,RSA-2048,rsa2048,256,liboqs,78,d2b0987fe35cc375,256,7.235103369030761,228.0,127.890625,5444.542724609375,0.04771075282264151,-1.1706833863472337,-0.10807271131899161,7.994353436858858,7.9886846867721655,133,0.5050209985942212,0.07493486755176124,0.06051536478449089,20.035692028929898,24.894106787237316,0.109375,0.203125,0.0625,0.0703125,0.4609375,0.0,4,2,7.186951195881321
aes128_s022_openssl.bin,AES-128,aes128,1056,openssl,79,b316da18056f7782,1056,7.821109886724917,250.1818181818182,132.2973484848485,5277.871811151286,-0.04822837057207576,-1.176820175101623,-0.0021396809130769245,10.029757141414452,10.041659151637214,537,0.5353929511373976,0.08292801016683121,0.07934227297595989,18.742861837601183,25.222821079267487,0.07102272727272728,0.13162878787878787,0.04924242424242424,0.06439393939393939,0.5246212121212122,0.002840909090909091,0,2,7.812877648761522
aes256_s032_openssl.bin,AES-256,aes256,2080,openssl,80,af121a6e1d53731e,2080,7.91642270797262,238.03076923076924,129.02259615384617,5464.060547106139,-0.016061427710480577,-1.2127099646919255,0.01562306165213665,10.988004009188337,11.020979938904212,1048,0.3142210913595241,0.07666956213691278,0.07808806713672226,19.346873200467954,27.031210264361807,0.055288461538461536,0.10528846153846154,0.05336538461538461,0.058653846153846154,0.5052884615384615,0.0033653846153846156,0,2,7.912597076859025
mlkem768_s004_openssl.bin,ML-KEM-768,mlkem768,1088,openssl,81,6c4298c90847471c,1088,7.8362658160392655,239.52941176470588,129.53216911764707,5367.934626912575,-0.05137946999948815,-1.1852142339775515,-0.009863020554045733,10.069576887400814,10.084808387804364,558,0.8109973259258008,0.07153885587889995,0.08267972847076846,15.210262281068635,24.100404619667557,0.07077205882352941,0.12959558823529413,0.05698529411764706,0.05238970588235294,0.5303308823529411,0.0027573529411764708,0,2,7.803828338152336
aes256_s050_openssl.bin,AES-256,aes256,544,openssl,82,72659853608bf8e3,544,7.625272586003754,250.35294117647058,127.6158088235294,5046.615264786981,-0.04762320656561151,-1.1365485111366076,-0.0018464967613940216,9.08112514655206,9.082149041353869,269,-0.3321157094681624,0.08154806254712807,0.09494979095694822,14.928330100957623,22.01650989148114,0.08639705882352941,0.15808823529411764,0.06066176470588235,0.03860294117647059,0.5018382352941176,0.0,1,2,7.5843943662129005
des_s006_liboqs.bin,DES,des,1040,liboqs,83,8b75bc78bc3a3247,1040,7.788353889987624,264.1230769230769,126.55192307692307,5489.3799963017755,0.012740753782406944,-1.1811259531536358,-0.029397989313214974,10.00365558856735,10.019590728357882,560,2.4209966627380104,0.07943029395408994,0.06007884366082042,18.026531492439943,24.467073560388613,0.06346153846153846,0.1201923076923077,0.0625,0.0625,0.5038461538461538,0.006730769230769231,0,2,7.798678150244536
mlkem768_s050_liboqs.bin,ML-KEM-768,mlkem768,1088,liboqs,84,90d7273d4b106318,1088,7.799751778425031,277.6470588235294,130.97610294117646,5280.01781128352,-0.052403577304353334,-1.158512504829185,-0.010907630408187227,10.06773696099787,10.084808387804364,565,1.2692853078640356,0.08036429461291617,0.09830692615530101,16.982744369514766,26.785489251557184,0.07169117647058823,0.12867647058823528,0.05514705882352941,0.06433823529411764,0.5330882352941176,0.0055147058823529415,1,2,7.824854276372149
chacha20_s015_liboqs.bin,ChaCha20,chacha20,4112,liboqs,85,775370537c3d13b7,4112,7.956447250090395,249.08949416342412,127.210359922179,5438.115524967732,-0.010260309641726164,-1.1987505328592531,-0.013485971099707731,11.934547583223592,12.00443606056418,2080,0.7174989201277259,0.08014230084282141,0.07634947481781006,19.349106276725152,26.968226520307404,0.051070038910505836,0.0963035019455253,0.0620136186770428,0.05277237354085603,0.5109435797665369,0.005350194552529183,0,2,7.960484910965084
mlkem768_s068_liboqs.bin,ML-KEM-768,mlkem768,1088,liboqs,86,4a80357a50574e6c,1088,7.8216710787753305,264.4705882352941,126.1341911764706,5587.0095662575695,0.014226327219213297,-1.2119186795983892,-0.027472077047946575,10.065897034594926,10.084808387804364,555,0.6121836403185358,0.08251256136976216,0.07090919677200702,19.565519243803063,24.98138384245436,0.07352941176470588,0.1323529411764706,0.06341911764705882,0.06158088235294118,0.49080882352941174,0.0055147058823529415,0,2,7.84064032813545
aes128_s011_openssl.bin,AES-128,aes128,544,openssl,87,823ee962e5c1cc6d,544,7.651174724083227,231.52941176470588,128.72610294117646,5472.724612754108,-0.05806008720971825,-1.2404575953392705,-0.017656011771884295,9.073758664047455,9.082149041353869,271,-0.14625796357640514,0.08129906024814698,0.07807632566762979,19.32337771129123,25.53026117993848,0.08272058823529412,0.15625,0.058823529411764705,0.04963235294117647,0.4834558823529412,0.009191176470588236,1,2,7.662930651505892
aes256_s096_liboqs.bin,AES-256,aes256,1040,liboqs,88,3571f99da5e5ee20,1040,7.840859915867277,228.6769230769231,129.68173076923077,5390.959281619823,-0.03139303059435506,-1.172983019798735,0.01282143954946196,10.00365558856735,10.019590728357882,522,0.07651942186214857,0.09585828748713912,0.09709158124126413,15.521730746595964,26.04953727413878,0.07403846153846154,0.13557692307692307,0.057692307692307696,0.05673076923076923,0.4971153846153846,0.0019230769230769232,0,2,7.826312411709297
3des_s075_openssl.bin,3DES,3des,272,openssl,89,19501f88b76dd4e1,272,7.213977638901286,247.52941176470588,132.63970588235293,5146.458423442907,-0.09103723102805694,-1.1371833343397082,-0.025421043074404848,8.074768967553133,8.07681559705083,134,-0.2766452863798127,0.05302281287447043,0.04223943122454433,17.482193270043147,24.376277581637115,0.10661764705882353,0.1948529411764706,0.04411764705882353,0.058823529411764705,0.5588235294117647,0.007352941176470588,5,2,7.128341557853784
des_s090_liboqs.bin,DES,des,1040,liboqs,90,f45dfb4d03075cf7,1040,7.806928293289325,274.46153846153845,129.64903846153845,5518.61432599852,-0.0737061453332547,-1.2254394238678243,-0.022325159171175897,10.001730660752143,10.019590728357882,524,0.20968086901885766,0.07149389139594922,0.07749785261388417,17.556093795713934,23.844080341767732,0.07596153846153846,0.1375,0.06346153846153846,0.05,0.4932692307692308,0.0028846153846153848,0,2,7.79613729568275
chacha20_s045_openssl.bin,ChaCha20,chacha20,528,openssl,91,5263ba5c145dc31d,528,7.607599247735894,250.66666666666666,129.68371212121212,5331.132916523187,-0.07345947088604177,-1.230276846812869,-0.04224676960966832,9.022683819568904,9.038918989292302,276,0.9862155944038492,0.10262285745563687,0.08842892068127843,20.847456989395653,27.378054517710012,0.08712121212121213,0.16287878787878787,0.05303030303030303,0.05303030303030303,0.5473484848484849,0.003787878787878788,2,2,7.610736305329519
chacha20_s084_openssl.bin,ChaCha20,chacha20,272,openssl,92,69863ca5c99d7657,272,7.309565874195403,211.76470588235293,130.125,5501.241727941177,-0.08889929845144481,-1.2052332693177672,0.07823350710760321,8.08214904135387,8.07681559705083,117,-2.380939770824666,0.09699195557553617,0.08054743492723031,12.555135754882517,23.708264412870637,0.09558823529411764,0.18382352941176472,0.051470588235294115,0.06985294117647059,0.4338235294117647,0.0,2,1,7.198524399214131
mlkem768_s063_liboqs.bin,ML-KEM-768,mlkem768,1088,liboqs,93,5dab22589f209416,1088,7.797900435425981,288.4705882352941,120.7904411764706,5545.483658628893,0.07625873782475862,-1.2519730134240958,0.05558448438049777,10.06336263946874,10.084808387804364,509,-2.1333464783705653,0.08431871280279202,0.08267972847076846,19.26103449945477,28.368670267507074,0.0744485294117647,0.13602941176470587,0.06709558823529412,0.04871323529411765,0.5238970588235294,0.004595588235294118,0,2,7.859889716004862
des_s040_openssl.bin,DES,des,1040,openssl,94,078fcef084cfe6d0,1040,7.835003571601835,233.1076923076923,127.15673076923076,5705.147550850592,-0.004242006570274182,-1.2412442338664755,0.028909865937823333,10.00943037201297,10.019590728357882,511,-0.6200042300247763,0.11173143518575786,0.10187898862890339,20.533249077472245,26.790234441443673,0.07211538461538461,0.12788461538461537,0.0673076923076923,0.06634615384615385,0.5067307692307692,0.0057692307692307696,0,2,7.830408393644608
des_s035_openssl.bin,DES,des,1040,openssl,95,39bb490f336b88c8,1040,7.82466692127498,237.53846153846155,129.18942307692308,5470.063157359467,-0.06995024959635437,-1.1747598407083057,-0.004626988543917869,10.001730660752143,10.019590728357882,527,0.43625883156257905,0.07929049280033963,0.08831509617850027,20.283299926717046,26.7556843107477,0.07115384615384615,0.12884615384615383,0.07307692307692308,0.057692307692307696,0.5144230769230769,0.0057692307692307696,0,2,7.812250396223803
3des_s041_liboqs.bin,3DES,3des,2064,liboqs,96,e95676dffd587100,2064,7.89378180441758,287.3798449612403,128.1264534883721,5519.303292461015,-0.014161178812146479,-1.1990856659151974,0.008831495001251275,10.981444247427929,11.009828617368107,1033,0.0072120112179710205,0.08751360346058522,0.0914502788438533,18.424745892712195,26.58078425094195,0.05765503875968992,0.10998062015503876,0.06782945736434108,0.060077519379844964,0.48304263565891475,0.003391472868217054,0,2,7.897296716333397
aes256_s012_openssl.bin,AES-256,aes256,1040,openssl,97,ae0b888c570d4575,1040,7.8151277356557936,258.2153846153846,127.2673076923077,5404.947777366864,-0.0005770164935768546,-1.187185106886457,0.013605356043079143,10.00365558856735,10.019590728357882,504,-1.051917280383918,0.07209359722139125,0.05245454498840714,17.047982721332865,25.75010620705391,0.07211538461538461,0.12788461538461537,0.06057692307692308,0.06153846153846154,0.5038461538461538,0.0019230769230769232,1,2,7.821693192330814
mlkem768_s083_openssl.bin,ML-KEM-768,mlkem768,1088,openssl,98,c7311ad6eeb2be7d,1088,7.809796672175885,271.05882352941177,129.43198529411765,5389.999050470372,-0.05079391887677101,-1.2199589531307176,-0.022768889932764182,10.065897034594926,10.084808387804364,572,1.7111804574839768,0.07352941176470588,0.0735064302321037,17.768523937952956,27.132038035694478,0.07261029411764706,0.13419117647058823,0.05514705882352941,0.05330882352941176,0.4834558823529412,0.003676470588235294,0,2,7.824109754179078
des_s044_openssl.bin,DES,des,4104,openssl,99,fd1cf19bba0cc83f,4104,7.95109372618485,273.2007797270955,125.56384015594541,5420.951577455932,0.0200903621930034,-1.2089751818327625,-0.007308870788407391,11.941835876742362,12.00211177647985,2055,0.09469142056347332,0.10405458167131315,0.08102575485425312,17.07983077987216,25.87767969700463,0.04922027290448343,0.09405458089668615,0.062134502923976605,0.05238791423001949,0.5053606237816765,0.004142300194931774,0,2,7.957527011131195
mlkem768_s044_openssl.bin,ML-KEM-768,mlkem768,1088,openssl,100,1dd2123198e23869,1088,7.813239507186626,263.05882352941177,127.59926470588235,5669.3449259299305,-0.018523255012928765,-1.2431884051079747,0.035273760852290933,10.073256740206702,10.084808387804364,536,-0.5432145084909454,0.07559148968732386,0.08997969301853248,18.44025787977429,27.410508286656633,0.0661764705882353,0.125,0.06709558823529412,0.057904411764705885,0.49080882352941174,0.0009191176470588235,0,2,7.8498990987757935
chacha20_s062_openssl.bin,ChaCha20,chacha20,4112,openssl,101,c7d751b22b304e7b,4112,7.95436240321837,259.2996108949416,130.255593385214,5611.195129219878,-0.045933724591496285,-1.2327932539905766,0.007462472255988695,11.939045327080482,12.004922678569045,2029,-0.8101118675185512,0.08519313440763424,0.08612108941202865,18.026115160651045,27.570454920465764,0.04815175097276265,0.0933852140077821,0.060797665369649805,0.0654182879377432,0.501215953307393,0.0026750972762645915,0,2,7.949307893817774
aes256_s080_liboqs.bin,AES-256,aes256,544,liboqs,102,af626c525a6f8593,544,7.622319035576171,254.11764705882354,126.39154411764706,5181.822796145112,-0.030122768736754048,-1.115099670286946,0.01421882157895929,9.077441905299757,9.082149041353869,251,-1.8835833076843986,0.08088235294117647,0.07090919677200702,19.563335755636345,28.953165658694704,0.09191176470588236,0.16544117647058823,0.0661764705882353,0.04411764705882353,0.48713235294117646,0.001838235294117647,3,2,7.6247080225884645
chacha20_s040_openssl.bin,ChaCha20,chacha20,4112,openssl,103,cead223bb42af3f3,4112,7.957509656362317,240.24902723735408,129.3159046692607,5388.162606963675,-0.0426714650323513,-1.1759722576920049,0.010069073155218336,11.95382394238142,12.00443606056418,2073,0.537334015214426,0.08755912826537622,0.08890539708947437,18.452948186509005,25.916484277465983,0.04961089494163424,0.0938715953307393,0.0620136186770428,0.06006809338521401,0.5065661478599222,0.005107003891050584,0,2,7.957469188359754
aes128_s072_openssl.bin,AES-128,aes128,1056,openssl,104,0053fd26f8326e60,1056,7.813255461001257,267.6363636363636,129.7159090909091,5427.349216597796,0.01580992018036363,-1.2127764250349244,-0.027040068951111884,10.027861406817296,10.041659151637214,553,1.4808468372420645,0.08038703737707086,0.08045674998033168,16.753311175639165,25.80274226248952,0.07102272727272728,0.13257575757575757,0.04734848484848485,0.06912878787878787,0.4678030303030303,0.003787878787878788,0,2,7.761040277943116
rsa2048_s013_openssl.bin,RSA-2048,rsa2048,256,openssl,105,eaea5c34899a26cc,256,7.192058251809457,244.0,118.5546875,5650.247009277344,0.19542955752874344,-1.1780399626787748,0.02363436108334373,7.986510299603956,7.9886846867721655,125,-0.22213541324425304,0.07287014885225637,0.04349815908460954,15.201187810162855,29.570855345083338,0.109375,0.203125,0.0703125,0.0546875,0.4609375,0.0078125,4,1,7.205496513344852
3des_s091_openssl.bin,3DES,3des,4112,openssl,106,d89102d1f5a2ca7a,4112,7.951808752888562,271.50194552529183,126.1352140077821,5539.103798884162,0.011319033671102532,-1.1993750698808563,-0.006146351147668141,11.953521068993478,12.004922678569045,2073,0.5235598728248783,0.0846835507278298,0.08062201410503295,17.565516748752334,25.841695850107314,0.04961089494163424,0.0958171206225681,0.06930933852140078,0.0610408560311284,0.48589494163424124,0.0038910505836575876,0,3,7.955445634897094
chacha20_s074_liboqs.bin,ChaCha20,chacha20,272,liboqs,107,53d864bedc94ca85,272,7.167690541600614,285.1764705882353,130.9264705882353,5791.274005190312,-0.06797285649689291,-1.223926120518553,0.02181624596215872,8.08214904135387,8.07681559705083,133,-0.4302903200285543,0.0831890330807703,0.08854113660876688,19.900259513878787,29.970590941234075,0.12867647058823528,0.22426470588235295,0.07352941176470588,0.09191176470588236,0.5,0.0,10,2,7.128485838360455
3des_s004_openssl.bin,3DES,3des,4112,openssl,108,ae255d11ae8cea13,4112,7.953567614990386,262.66147859922177,127.54669260700389,5462.4817692167935,-0.016884614158125744,-1.1942506436464853,0.023001930359931845,11.945920701078656,12.004922678569045,2010,-1.4642741992121522,0.08328777794535036,0.0791466748466797,18.133234142099475,25.95923259761853,0.05034046692607004,0.0958171206225681,0.06590466926070039,0.05885214007782101,0.5063229571984436,0.005593385214007782,0,2,7.94721610370219
rsa2048_s027_openssl.bin,RSA-2048,rsa2048,256,openssl,109,aa8f698aa2b04de0,256,7.207129699270096,260.0,129.6953125,5207.774353027344,-0.06822891555522397,-1.1278923623468091,0.03466889659349182,7.994353436858858,7.9886846867721655,122,-0.8683933028817704,0.11873971994977081,0.10334966058846057,16.598440882989394,24.505040487159857,0.125,0.21875,0.06640625,0.0546875,0.5234375,0.0,5,2,7.180282946510064
rsa2048_s079_liboqs.bin,RSA-2048,rsa2048,256,liboqs,110,6bb138a26db6e7e4,256,7.188719373011514,240.0,121.6796875,5101.866149902344,0.14602640904003017,-1.0597595370140178,0.03410266724768428,7.986510299603956,7.9886846867721655,117,-1.3515826163452553,0.09757809372497497,0.12077831901359615,18.12276218674581,27.704282750413224,0.10546875,0.19921875,0.06640625,0.05859375,0.546875,0.0078125,2,2,7.172439809255162
aes256_s061_liboqs.bin,AES-256,aes256,528,liboqs,111,253ff9ef0a8bbfc0,528,7.580410941634144,275.8787878787879,123.82575757575758,5238.052972910928,0.04311326792764804,-1.1697728894644501,-0.06879472927127066,9.022683819568904,9.038918989292302,264,-0.03968283849121801,0.10620897048496851,0.09646985014831377,15.321427959857699,24.80616979769629,0.0946969696969697,0.17234848484848486,0.06439393939393939,0.041666666666666664,0.48484848484848486,0.005681818181818182,2,2,7.618168684312397
3des_s051_liboqs.bin,3DES,3des,2056,liboqs,112,bba1b5afdfe7f4ef,2056,7.906898700724773,262.1945525291829,124.92217898832685,5639.942387469909,0.06590368353159061,-1.2155525049927145,-0.02274316869853096,10.96599323817975,11.004220466318195,1062,1.5669234196273667,0.11688549846003975,0.07974049777590768,19.04134349803221,26.150090567562067,0.058365758754863814,0.10992217898832685,0.07198443579766536,0.06566147859922179,0.5009727626459144,0.0029182879377431907,0,2,7.896911842215026
chacha20_s005_openssl.bin,ChaCha20,chacha20,1040,openssl,113,6f281b25c2e741ff,1040,7.796577627958492,272.0,126.8298076923077,5168.395073039941,0.010936227129893094,-1.1750543463746597,-0.02108248648330631,9.999805732936936,10.019590728357882,533,0.7489621908041207,0.08604157444575947,0.08428695000311971,16.737080650848814,25.268771601173025,0.06826923076923076,0.12980769230769232,0.052884615384615384,0.04903846153846154,0.5201923076923077,0.0019230769230769232,0,2,7.835025031049414
rsa2048_s059_openssl.bin,RSA-2048,rsa2048,256,openssl,114,58a7b52c2310a486,256,7.142234472504131,262.0,126.96875,5160.0927734375,-0.006523780396035923,-1.1803617346164688,-0.06265955201947034,7.994353436858858,7.9886846867721655,127,-0.25049164255943945,0.06051536478449089,0.04349815908460954,16.69601257598652,25.87058386227493,0.11328125,0.20703125,0.05859375,0.0546875,0.46875,0.00390625,5,2,7.130518413428131
3des_s025_liboqs.bin,3DES,3des,2056,liboqs,115,24a206d043992285,2056,7.907915102216784,269.16731517509726,125.95282101167315,5297.634447294811,-0.0024542479646318294,-1.1639892286147617,0.017283283368197757,10.976698834286807,11.004220466318195,1004,-1.102929250946938,0.12069693675098307,0.0967657173899763,20.211426623506377,28.098871768602248,0.0651750972762646,0.11478599221789883,0.0651750972762646,0.052042801556420236,0.4995136186770428,0.0024319066147859923,0,2,7.912240547981448
rsa2048_s054_openssl.bin,RSA-2048,rsa2048,256,openssl,116,a56e6b1dfde19322,256,7.138505494213572,280.0,125.0,5578.5546875,0.04828805362935332,-1.215552044512666,-0.01885569038799532,7.994353436858858,7.9886846867721655,134,0.6425147601823136,0.04133986423538423,0.04349815908460954,18.93030494504777,27.009203437208214,0.1328125,0.2265625,0.078125,0.05859375,0.4609375,0.0078125,8,1,7.204850250457085
rsa2048_s068_openssl.bin,RSA-2048,rsa2048,256,openssl,117,b144aed3a483b16a,256,7.098409156297594,290.0,132.20703125,5496.398544311523,-0.09464160799779443,-1.3082849185090695,0.05251025594026962,7.994353436858858,7.9886846867721655,125,-0.4056204449782844,0.07287014885225637,0.09077304717673633,15.432196690754964,21.294911395513562,0.12890625,0.22265625,0.04296875,0.046875,0.48046875,0.0,7,2,7.14516679575562
3des_s046_openssl.bin,3DES,3des,4112,openssl,118,bac49a27f567fa98,4112,7.9596920278421,230.53696498054475,127.74562256809338,5524.550078114355,-0.003843378636164871,-1.2090151060121808,0.004657223860297527,11.934969703752298,12.004922678569045,2046,-0.34016443912513755,0.07643773029113791,0.06876406783296078,18.654335534742565,26.015187596900066,0.05082684824902724,0.0946011673151751,0.06031128404669261,0.0634727626459144,0.5126459143968871,0.0038910505836575876,0,2,7.960960846150735
aes256_s085_openssl.bin,AES-256,aes256,2080,openssl,119,15dd3b0c921df768,2080,7.8960118186637995,291.44615384615383,126.71346153846154,5267.78135724852,0.008077667696715437,-1.1650624118714508,0.023180119157411767,10.993776014960343,11.020979938904212,1005,-1.5757860284445357,0.08123654106631926,0.0834712862085027,18.736302343785752,25.923815649426373,0.058653846153846154,0.11153846153846154,0.06634615384615385,0.05048076923076923,0.48846153846153845,0.0019230769230769232,0,2,7.915194962780104
3des_s043_openssl.bin,3DES,3des,520,openssl,120,5c2bedb116bb7643,520,7.620677262538344,251.93846153846155,123.2826923076923,5547.948931213018,0.04426997246453334,-1.17925433833074,-0.06355451843642754,9.011883599263468,9.016808287686555,281,1.7853017992856157,0.1821736977089268,0.10423425129129354,21.131967576674352,28.0950334110295,0.09038461538461538,0.16538461538461538,0.08653846153846154,0.04807692307692308,0.5134615384615384,0.007692307692307693,2,2,7.638356952132071
mlkem768_s056_openssl.bin,ML-KEM-768,mlkem768,1088,openssl,121,6973b6f4837e772f,1088,7.818076973642299,252.23529411764704,129.6875,5694.247931985294,-0.03650630936352933,-1.2476489403306041,0.06555953914890975,10.065897034594926,10.084808387804364,508,-2.234091741929374,0.08236897945070293,0.08395219731035737,19.57945375109266,28.24142162180559,0.06893382352941177,0.12775735294117646,0.05974264705882353,0.0661764705882353,0.5110294117647058,0.0009191176470588235,0,2,7.84145619448057
aes256_s059_openssl.bin,AES-256,aes256,544,openssl,122,d33551cc2a10bf64,544,7.585365405958631,267.29411764705884,127.54227941176471,5537.891594804282,-0.050858000777806014,-1.1466413844233478,-0.02793786379336645,9.084808387804362,9.082149041353869,276,0.25748508189298785,0.10967450681675793,0.10980282737550058,20.558419274748264,27.647736603374536,0.08455882352941177,0.15808823529411764,0.07904411764705882,0.058823529411764705,0.4944852941176471,0.003676470588235294,1,2,7.686758655210091
3des_s050_openssl.bin,3DES,3des,272,openssl,123,ecd740a10ddac34c,272,7.206624697724815,264.4705882352941,130.15808823529412,5547.287508109862,-0.054772161945025,-1.1883774399852127,-0.05111255201526645,8.08214904135387,8.07681559705083,133,-0.41543545514211655,0.075703162801375,0.04223943122454433,13.2390374608305,21.394455130143978,0.11764705882352941,0.20955882352941177,0.04779411764705882,0.06985294117647059,0.4963235294117647,0.003676470588235294,9,1,7.267730626159383
aes128_s052_openssl.bin,AES-128,aes128,1056,openssl,124,8e423f95365486a6,1056,7.8214785134035925,258.90909090909093,125.8778409090909,5352.400796853478,-0.010849578662700957,-1.1877221797422706,0.02347488795094611,10.025965672220138,10.041659151637214,517,-0.7360498062404232,0.07577606994835688,0.07934227297595989,18.697449818446536,25.409410287013372,0.07196969696969698,0.13446969696969696,0.06534090909090909,0.04640151515151515,0.4744318181818182,0.008522727272727272,0,2,7.8007646730945535
mlkem768_s034_openssl.bin,ML-KEM-768,mlkem768,1088,openssl,125,51285918250224ec,1088,7.807581205026262,276.2352941176471,134.86580882352942,5659.288978022275,-0.09616415726822623,-1.2285654057849469,0.009363901074095946,10.071416813803758,10.084808387804364,534,-0.44451531019028473,0.07723472054948491,0.08267972847076846,20.366989315006016,26.495315694619855,0.06893382352941177,0.13143382352941177,0.05606617647058824,0.078125,0.5091911764705882,0.001838235294117647,0,2,7.813976016035766
chacha20_s065_liboqs.bin,ChaCha20,chacha20,528,liboqs,126,2ea113b79f1f6f95,528,7.5604517988919895,282.6666666666667,124.36363636363636,5278.2048898071625,0.062437174482316955,-1.1902746898213483,-0.05249138059097044,9.03406901880989,9.038918989292302,278,1.2215567305187005,0.065169130810929,0.06615245907792795,15.936199847038136,22.827122516491652,0.08901515151515152,0.16477272727272727,0.06628787878787878,0.03598484848484849,0.4734848484848485,0.005681818181818182,2,2,7.5701910514563355
3des_s030_liboqs.bin,3DES,3des,520,liboqs,127,dfbee246a7f77633,520,7.572884937519854,269.66153846153844,131.55769230769232,5450.546671597633,-0.004737024759970699,-1.2386789110501486,-0.04951787380428195,9.015737163810675,9.016808287686555,272,0.9882419807031437,0.17481789029112615,0.08634593969478327,24.479984380574805,28.106451806232936,0.08846153846153847,0.16538461538461538,0.05,0.06923076923076923,0.49615384615384617,0.0,1,1,7.602407499348424
chacha20_s010_liboqs.bin,ChaCha20,chacha20,1040,liboqs,128,a5290530a30a7ab5,1040,7.809060300760243,255.26153846153846,126.25961538461539,5095.46913831361,0.009547164044447333,-1.1079485235123276,-0.0203529413971952,10.001730660752143,10.019590728357882,535,0.8697641418846339,0.07830139069421733,0.0957116872964159,17.933846890033045,25.650993455160492,0.0673076923076923,0.12692307692307692,0.06057692307692308,0.047115384615384615,0.5173076923076924,0.0028846153846153848,0,2,7.803706949645891
mlkem768_s001_openssl.bin,ML-KEM-768,mlkem768,1088,openssl,129,5ea43b3d9c9598db,1088,7.796058472888202,287.05882352941177,127.8033088235294,5108.463150816393,-0.026768686979060353,-1.1612591276245379,0.0006282661244784716,10.082456372221422,10.084808387804364,544,-0.0418404249792247,0.07248802997474395,0.08054743492723031,16.82494709501983,23.377725896583794,0.07261029411764706,0.13419117647058823,0.05330882352941176,0.050551470588235295,0.5091911764705882,0.003676470588235294,0,2,7.824266703346225
rsa2048_s088_liboqs.bin,RSA-2048,rsa2048,256,liboqs,130,87d5a92884af8dd8,256,7.166416615415629,260.0,132.23828125,5752.634628295898,-0.0361875182632694,-1.2553591540029088,-0.05227736135454643,7.986510299603956,7.9886846867721655,135,0.7884395465720724,0.06051536478449089,0.09757809372497497,13.905762258827217,26.80737056440166,0.12109375,0.21484375,0.0625,0.0859375,0.51171875,0.00390625,4,2,7.1809292093978305
aes128_s078_liboqs.bin,AES-128,aes128,272,liboqs,131,ad4d841e520a73c3,272,7.217215081994066,256.94117647058823,129.11764705882354,5773.98615916955,-0.031144622539561465,-1.2116938012509337,-0.05976779128677603,8.08214904135387,8.07681559705083,140,0.3873351234520608,0.0831890330807703,0.08054743492723031,18.1205735258254,24.488798106460063,0.11397058823529412,0.20220588235294118,0.07720588235294118,0.0661764705882353,0.4852941176470588,0.007352941176470588,6,2,7.311323015562059
aes256_s013_liboqs.bin,AES-256,aes256,2080,liboqs,132,27e20a55bca31bf8,2080,7.911948531174017,246.8923076923077,129.1778846153846,5400.948164755917,-0.01617360856769469,-1.1823158796806414,-0.010047720919373043,10.996662017846345,11.020979938904212,1019,-0.9431461231881625,0.08706582510641346,0.08282636718214627,17.130377913175906,25.86732218579282,0.057692307692307696,0.10817307692307693,0.05673076923076923,0.06682692307692308,0.4875,0.0033653846153846156,0,2,7.909373558170802
chacha20_s019_openssl.bin,ChaCha20,chacha20,4112,openssl,133,89feec0fef61604f,4112,7.958275862234097,231.284046692607,128.8419260700389,5482.959934811655,-0.03294815706748704,-1.2064783887068704,-0.0014002858299211045,11.939412579574846,12.004922678569045,2076,0.6265074846813441,0.08854617563887843,0.085076421805783,19.78872632777229,26.55325229016581,0.047422178988326846,0.0916828793774319,0.0627431906614786,0.0625,0.4917315175097276,0.0036478599221789884,0,2,7.955303061862482
des_s014_openssl.bin,DES,des,520,openssl,134,5492788d4dcceaf0,520,7.683386583421893,196.8,126.54807692307692,5435.009227071006,-0.0254327344535107,-1.1718408222711343,0.020481105302881737,9.015737163810675,9.016808287686555,263,0.17592110130941577,0.17741568193605223,0.06661733875264912,20.6120594125801,24.634332400944757,0.07884615384615384,0.14423076923076922,0.07884615384615384,0.05384615384615385,0.4826923076923077,0.0019230769230769232,0,2,7.6181445725643
3des_s049_liboqs.bin,3DES,3des,1032,liboqs,135,20e7af0f8b05cba1,1032,7.8207115166494345,243.53488372093022,131.23158914728683,5475.871754063758,-0.06412415170249904,-1.1750934974827343,0.025307578886685153,10.002069160530088,10.008428622070578,504,-0.7577596548104661,0.13888823142513684,0.07088891921772048,18.524461828099355,26.836855934108588,0.06782945736434108,0.125,0.06589147286821706,0.06782945736434108,0.5184108527131783,0.005813953488372093,0,2,7.832940809365518
chacha20_s007_openssl.bin,ChaCha20,chacha20,4112,openssl,136,a3042910c232ee85,4112,7.956228773766069,243.11284046692606,128.1464007782101,5469.30103762926,-0.014104711631942357,-1.1909911681275243,-0.0021048744370659924,11.949142572277351,12.004922678569045,2063,0.19452298527982373,0.08597674744975643,0.08027502348551656,18.703974748275403,26.744707769209004,0.04839494163424125,0.09216926070038911,0.0627431906614786,0.06031128404669261,0.4985408560311284,0.004377431906614786,0,2,7.952365693037157
aes256_s033_openssl.bin,AES-256,aes256,544,openssl,137,d21f28a59a7e0b38,544,7.581991871099036,284.2352941176471,124.5533088235294,5811.096422875216,0.09381843859668396,-1.2508071731387607,-0.030653052172645225,9.070075422795155,9.082149041353869,283,0.8635194252386925,0.08637750091522596,0.09837564823720332,20.115236330151912,24.829115567424275,0.09375,0.16727941176470587,0.06801470588235294,0.07720588235294118,0.4944852941176471,0.0,2,2,7.606257274165514
aes256_s040_liboqs.bin,AES-256,aes256,1056,liboqs,138,eb85f894c58f756a,1056,7.822814333760884,241.45454545454547,129.00757575757575,5369.960169880625,-0.05100141572969551,-1.190041293765087,0.03426837874956238,10.022174203025827,10.041659151637214,490,-2.3701788764361753,0.08747851439234479,0.09316949906249122,17.883042516679083,27.33582951336313,0.06723484848484848,0.1268939393939394,0.05965909090909091,0.056818181818181816,0.49053030303030304,0.004734848484848485,0,2,7.831737055210952
mlkem768_s090_liboqs.bin,ML-KEM-768,mlkem768,1088,liboqs,139,1af752b543a44897,1088,7.807661951197053,278.11764705882354,126.890625,5274.36763269761,-0.03528321910054902,-1.1508644931476804,-0.00489726530179248,10.060377255386095,10.084808387804364,543,-0.11020983827772536,0.07185595693269141,0.06816358903580573,16.46506221616454,24.24063853141756,0.07169117647058823,0.1323529411764706,0.06893382352941177,0.050551470588235295,0.5082720588235294,0.0009191176470588235,0,2,7.834214791247405
aes256_s016_openssl.bin,AES-256,aes256,1040,openssl,140,4364305ac52676b0,1040,7.80417585721692,275.9384615384615,124.87884615384615,5417.383398668639,0.07247778494833679,-1.1455156191097324,0.07369594110646185,10.007505444197763,10.019590728357882,476,-2.7124599161870844,0.09837930972667283,0.09624995197109383,18.08530426615511,27.67127580069032,0.0798076923076923,0.13942307692307693,0.07115384615384615,0.0625,0.5134615384615384,0.004807692307692308,0,2,7.78447636153226
des_s095_liboqs.bin,DES,des,1040,liboqs,141,b8889f3625719e40,1040,7.772024849314063,304.4923076923077,127.19519230769231,5487.220553809171,0.012097620147654645,-1.1950255411056703,0.014362633623291573,10.007505444197763,10.019590728357882,495,-1.6018888984003168,0.0877900939270256,0.08428695000311971,20.103116110863606,26.949445209102215,0.07307692307692308,0.1346153846153846,0.07115384615384615,0.06057692307692308,0.5048076923076923,0.0038461538461538464,0,2,7.836135879956494
mlkem768_s076_liboqs.bin,ML-KEM-768,mlkem768,1088,liboqs,142,d9ac3601b79f6201,1088,7.79880410937332,267.7647058823529,128.66636029411765,5432.084456605482,-0.04603253818060098,-1.153880488712098,-0.018159754988037517,10.060377255386095,10.084808387804364,538,-0.3556904196546392,0.08431871280279202,0.07597050852857289,16.84459614776257,25.409495782225843,0.06801470588235294,0.12683823529411764,0.06893382352941177,0.0625,0.5082720588235294,0.006433823529411764,0,2,7.810425961561409
chacha20_s094_openssl.bin,ChaCha20,chacha20,272,openssl,143,03d55254d5ca8023,272,7.216609210536785,251.2941176470588,118.18014705882354,5105.552105860726,0.20567014027999558,-1.0889267857732554,0.001917011084293631,8.08214904135387,8.07681559705083,125,-0.9311595294478958,0.06410145505206873,0.08054743492723031,21.425281442838607,26.95818506298483,0.10294117647058823,0.19117647058823528,0.0661764705882353,0.04411764705882353,0.4889705882352941,0.003676470588235294,4,2,7.198763999089668
aes128_s010_openssl.bin,AES-128,aes128,4112,openssl,144,2697b768806c86fd,4112,7.959744118244044,229.91439688715954,128.43263618677042,5461.515403750909,-0.01760459564289692,-1.2104148862218378,0.0001209088204156934,11.95467769451091,12.004922678569045,2051,-0.18048575385080054,0.08247485968324893,0.08469741070443673,18.095646785042025,25.54157181658567,0.04888132295719844,0.0941147859922179,0.060797665369649805,0.055690661478599225,0.49392023346303504,0.0036478599221789884,0,2,7.952970714585707
chacha20_s059_openssl.bin,ChaCha20,chacha20,4112,openssl,145,72e72e2b35b72a75,4112,7.9586167860479335,239.75097276264592,128.31322957198444,5486.326498130176,-0.017988508770355523,-1.203331325453062,0.02202710665316273,11.946223574466599,12.00443606056418,1991,-2.0566192093840248,0.08228960626091499,0.08581262914664893,18.499491003562138,26.330737013072323,0.05179961089494164,0.09751945525291829,0.06420233463035019,0.057392996108949414,0.49270428015564205,0.004134241245136187,0,2,7.957360355524246
3des_s002_liboqs.bin,3DES,3des,272,liboqs,146,f0c5029124d9f0f4,272,7.097398572928688,305.88235294117646,125.49632352941177,5290.272045307093,-0.015147234067773347,-1.0840548154496297,-0.14819445529273564,8.08214904135387,8.07681559705083,152,1.823374896910163,0.07352941176470588,0.058823529411764705,13.917239471183569,23.62821883795205,0.125,0.22426470588235295,0.0625,0.051470588235294115,0.4742647058823529,0.007352941176470588,11,2,7.22298635671631
aes128_s037_liboqs.bin,AES-128,aes128,528,liboqs,147,c95e6f3570b5bb47,528,7.528957119946742,306.90909090909093,128.28787878787878,5077.064853076217,-0.04821949763547787,-1.1759171539421194,0.1105708663139654,9.030273952396227,9.038918989292302,233,-2.787598873849545,0.08106414605694204,0.06615245907792795,19.64544232672251,28.69776191068351,0.09848484848484848,0.17424242424242425,0.043560606060606064,0.045454545454545456,0.5113636363636364,0.0,3,2,7.632506663925507
chacha20_s078_openssl.bin,ChaCha20,chacha20,528,openssl,148,94459fc131c31016,528,7.59522759232905,260.3636363636364,123.7159090909091,5497.862474173554,0.029728361257390194,-1.2245037308869813,0.018632718837534066,9.030273952396227,9.038918989292302,259,-0.5020706963591318,0.0935363644234782,0.0896375724712063,18.36733304095045,25.73890561100727,0.08522727272727272,0.16098484848484848,0.06628787878787878,0.045454545454545456,0.5037878787878788,0.007575757575757576,1,2,7.604267248837804
rsa2048_s040_openssl.bin,RSA-2048,rsa2048,256,openssl,149,445c6ea3e53e3cf1,256,7.209360828148797,242.0,134.05078125,5280.813827514648,-0.12136147439892629,-1.1768148141625618,0.082948670048231,7.986510299603956,7.9886846867721655,114,-1.7734397465223617,0.08838834764831845,0.08267972847076846,19.62385818172674,27.48022832162059,0.12109375,0.2109375,0.0546875,0.06640625,0.49609375,0.00390625,6,2,7.223496868112628
aes128_s026_openssl.bin,AES-128,aes128,528,openssl,150,773e6c8c4c58d4e8,528,7.633216269393716,237.0909090909091,124.99621212121212,5197.075743227731,0.08496948562981839,-1.1441978941928954,0.04019269021067081,9.037864085223552,9.038918989292302,261,-0.33678018031740475,0.06963930420776604,0.0815934061687046,16.124757305211585,26.212120664739878,0.08522727272727272,0.1590909090909091,0.04924242424242424,0.07007575757575757,0.5151515151515151,0.005681818181818182,1,2,7.59623047159465
3des_s072_openssl.bin,3DES,3des,272,openssl,151,0f686f0c33f91dd8,272,7.169859991842462,266.3529411764706,143.97058823529412,4898.712370242215,-0.274547404314463,-1.0416323941194316,0.01825417013845263,8.074768967553133,8.07681559705083,130,-0.04883811495058605,0.10553455951770091,0.058823529411764705,10.942616820910498,19.541506044251264,0.11397058823529412,0.20220588235294118,0.029411764705882353,0.08088235294117647,0.5220588235294118,0.0,7,1,7.248984074641095
chacha20_s018_liboqs.bin,ChaCha20,chacha20,528,liboqs,152,0cab5e354a80531b,528,7.638482782748122,238.06060606060606,123.67424242424242,5681.507518365473,0.0773195190311218,-1.2521366820232178,0.06740434201720545,9.030273952396227,9.038918989292302,260,-0.3963663713488983,0.06839193214116586,0.06615245907792795,22.33330908087372,31.159823518415607,0.08333333333333333,0.1590909090909091,0.07575757575757576,0.04924242424242424,0.5075757575757576,0.00946969696969697,1,1,7.541447235535301
chacha20_s093_liboqs.bin,ChaCha20,chacha20,528,liboqs,153,38b3feff90739066,528,7.635134148053805,245.8181818181818,121.91287878787878,5186.48862201561,0.10557857218531848,-1.1157169429097546,-0.014733799027403394,9.03406901880989,9.038918989292302,268,0.37000980456499927,0.061077710214382956,0.06615245907792795,18.633298051017025,26.315709331531828,0.09090909090909091,0.16098484848484848,0.06060606060606061,0.054924242424242424,0.4962121212121212,0.005681818181818182,2,2,7.56974472028372
3des_s090_openssl.bin,3DES,3des,4112,openssl,154,12768587235f0ec0,4112,7.960374262642617,223.31517509727627,127.77577821011673,5498.957020308786,-0.010815658919330413,-1.2094321622298392,-0.014803069459463164,11.940688452233038,12.00443606056418,2079,0.6896949608703326,0.08711656768818163,0.08875226448173101,18.21477676996353,25.41816026930551,0.04912451361867704,0.0938715953307393,0.06371595330739299,0.05933852140077821,0.4985408560311284,0.0036478599221789884,0,2,7.952654934272833
mlkem768_s054_openssl.bin,ML-KEM-768,mlkem768,1088,openssl,155,5725c9740cbcd437,1088,7.824716270180908,257.88235294117646,128.1829044117647,5423.781803329099,-0.019659648368570832,-1.236670377803648,-0.010267180482209178,10.073256740206702,10.084808387804364,546,0.062449366538014486,0.08569643241667217,0.07460155841067288,19.3506171176212,25.44025001434407,0.0744485294117647,0.13051470588235295,0.05422794117647059,0.051470588235294115,0.49724264705882354,0.004595588235294118,0,2,7.826416962577445
3des_s055_openssl.bin,3DES,3des,1032,openssl,156,2a39a0c63442da70,1032,7.816970364097681,248.9922480620155,126.54651162790698,5726.001712637461,-0.012772029644487115,-1.2578342476661715,-0.038324466668743555,9.996249567901572,10.008428622070578,534,1.058887419853279,0.14360119001995747,0.08662595596367058,16.106216296895024,23.364595629210697,0.06782945736434108,0.12790697674418605,0.07073643410852713,0.06589147286821706,0.4941860465116279,0.007751937984496124,0,2,7.8055962741421165
chacha20_s003_liboqs.bin,ChaCha20,chacha20,528,liboqs,157,cd11781c948c80bb,528,7.623238617719207,243.87878787878788,130.81628787878788,5478.593143795913,-0.05952156887732112,-1.2019330039605658,0.0028589857181175854,9.037864085223552,9.038918989292302,252,-1.0794312501299002,0.08211925526014696,0.0857935731280767,18.735296882844903,27.37884139798311,0.08712121212121213,0.1590909090909091,0.058712121212121215,0.06628787878787878,0.5056818181818182,0.0,1,2,7.654319993515119
aes128_s017_liboqs.bin,AES-128,aes128,2064,liboqs,158,065f921539b0749b,2064,7.9110329105021435,253.89147286821705,124.53972868217055,5689.270708453519,0.05172912545530731,-1.2565549610295637,0.02148830462844341,10.984352633273785,11.009828617368107,1013,-0.8201645524325024,0.0808165095426087,0.07395512365539607,19.072723205379518,27.88368257594671,0.060562015503875966,0.11288759689922481,0.07170542635658915,0.05184108527131783,0.5058139534883721,0.005813953488372093,0,2,7.917329403855959
mlkem768_s099_openssl.bin,ML-KEM-768,mlkem768,1088,openssl,159,90b65e39d619aabe,1088,7.821685451203294,248.94117647058823,125.12224264705883,5409.428990558769,0.03434726062611471,-1.1723075493006136,-0.015874762252539074,10.064057108191983,10.084808387804364,564,1.1859603245556154,0.07559148968732386,0.08606396993176195,18.74669221381481,24.931502978011434,0.0661764705882353,0.12316176470588236,0.07077205882352941,0.05974264705882353,0.5248161764705882,0.006433823529411764,0,2,7.812544194373826
des_s056_openssl.bin,DES,des,4104,openssl,160,7a848a4cbd6981ba,4104,7.9584865655952095,238.89278752436647,127.50365497076024,5511.144236153859,0.011789505994122736,-1.217936145561737,-0.03084464583526864,11.94543199848308,12.00211177647985,2108,1.7304256699601515,0.10173627796367629,0.07609208672234632,17.932378817841748,26.177869292324445,0.050682261208576995,0.09600389863547758,0.06115984405458089,0.05823586744639376,0.4973196881091618,0.0021929824561403508,0,2,7.95453268596685
3des_s023_openssl.bin,3DES,3des,2056,openssl,161,2766371b07380285,2056,7.925302576797324,207.40856031128405,128.75729571984436,5571.123487628503,-0.002907308461881841,-1.2138534281590159,-0.005776303607307698,10.979618542316004,11.004220466318195,1029,0.0015450705762099098,0.11820730352655313,0.08543714012664001,18.476644494119153,26.159346574640598,0.05398832684824903,0.10311284046692606,0.05885214007782101,0.06420233463035019,0.4995136186770428,0.003404669260700389,0,2,7.903944612652195
rsa2048_s006_liboqs.bin,RSA-2048,rsa2048,256,liboqs,162,3b99b7f65c8dc7da,256,7.216529589725435,234.0,125.64453125,6138.072860717773,-0.01730863170418242,-1.32190356075208,-0.06030581954332498,7.994353436858858,7.9886846867721655,130,0.12919141824503333,0.05412658773652741,0.04349815908460954,15.88962968167913,25.864564422178532,0.109375,0.203125,0.1015625,0.05859375,0.53515625,0.00390625,4,2,7.165242934888027
aes256_s070_openssl.bin,AES-256,aes256,1040,openssl,163,73d682efdea8b79c,1040,7.819541603793977,242.46153846153845,124.21153846153847,5517.199482248521,0.06355272165047977,-1.2259939767593304,-0.05524586192851974,10.011355299828177,10.019590728357882,529,0.5449133714235127,0.0817251129264453,0.06661733875264912,17.977351845138518,26.22487738364056,0.0673076923076923,0.12788461538461537,0.06057692307692308,0.051923076923076926,0.5134615384615384,0.007692307692307693,0,2,7.834029485463463
mlkem768_s089_liboqs.bin,ML-KEM-768,mlkem768,1088,liboqs,164,0fd45a269e030c85,1088,7.816190496222562,254.11764705882354,124.79411764705883,5230.545847750865,0.0265515483861421,-1.1615651258590818,-0.012106682266847774,10.069576887400814,10.084808387804364,543,-0.10531738622235948,0.09336330318947368,0.10854931170179873,16.931730142502037,23.671685555016374,0.06433823529411764,0.12316176470588236,0.06433823529411764,0.043198529411764705,0.4852941176470588,0.004595588235294118,0,2,7.836061822558829
mlkem768_s018_openssl.bin,ML-KEM-768,mlkem768,1088,openssl,165,ebf7913b37818451,1088,7.795953386948328,288.4705882352941,124.58180147058823,5209.8333820488215,0.030692002852771065,-1.1894854172427392,0.02233681143687298,10.071416813803758,10.084808387804364,530,-0.8473478502211916,0.07842179782243214,0.07951297335986092,17.49307654980958,24.646048496612003,0.07077205882352941,0.1332720588235294,0.05606617647058824,0.051470588235294115,0.5009191176470589,0.0027573529411764708,0,1,7.833028162434493
rsa2048_s071_liboqs.bin,RSA-2048,rsa2048,256,liboqs,166,0003206e03eb84f7,256,7.139285693198805,260.0,125.13671875,5135.625839233398,-0.0162116784249378,-1.1718441851339871,-0.06367422072855182,7.986510299603956,7.9886846867721655,138,1.1366455745724187,0.07493486755176124,0.08699631816921909,18.51233777188266,25.223984110160877,0.109375,0.203125,0.0546875,0.046875,0.48828125,0.00390625,4,1,7.151870740636196
aes128_s092_openssl.bin,AES-128,aes128,4112,openssl,167,9a205145a9392ca3,4112,7.957797038422255,236.63813229571986,127.53307392996109,5573.508633741616,-0.003415604889708839,-1.2086080338823093,0.001409770696793837,11.939045327080482,12.003949442559312,2011,-1.4319678753180498,0.07837415344620058,0.07727954869765775,19.67969899454601,27.464672665745677,0.04839494163424125,0.09265564202334631,0.064931906614786,0.064931906614786,0.4912451361867704,0.004620622568093385,0,2,7.94886297309163
rsa2048_s086_openssl.bin,RSA-2048,rsa2048,256,openssl,168,7caec009fb7886f4,256,7.135303075977501,262.0,136.3359375,4982.574645996094,-0.08370685043067701,-1.2129843364493096,-0.07015142849586528,7.978667162349054,7.9886846867721655,136,0.9274510842228497,0.08699631816921909,0.08267972847076846,23.70064644877527,26.595557325117174,0.10546875,0.19921875,0.03515625,0.0546875,0.5,0.0,3,1,7.223496868112628
aes128_s074_liboqs.bin,AES-128,aes128,288,liboqs,169,12bc735c76739107,288,7.24748747033089,263.1111111111111,127.00347222222223,5275.225682388117,-0.0362391574829325,-1.1067308692552726,-0.003219322161308543,8.157938285560705,8.159871336778389,145,0.013127607394764235,0.07216878364870322,0.06909634979907084,16.247468716073403,27.08370971070383,0.12152777777777778,0.2048611111111111,0.0763888888888889,0.06597222222222222,0.5451388888888888,0.0,8,2,7.189326428303386
mlkem768_s033_liboqs.bin,ML-KEM-768,mlkem768,1088,liboqs,170,41a36cfba710486c,1088,7.847478307428665,221.64705882352942,125.9375,5514.968520220588,0.02667776301684662,-1.1989506188186794,0.06711459533406389,10.075096666609646,10.084808387804364,496,-2.9715158406157056,0.08088235294117647,0.07597050852857289,21.14724833476812,28.893499771473127,0.06525735294117647,0.12040441176470588,0.05974264705882353,0.06341911764705882,0.48713235294117646,0.003676470588235294,0,2,7.826590376603947
aes256_s001_openssl.bin,AES-256,aes256,528,openssl,171,f67dee5164060eb6,528,7.609815842079845,249.6969696969697,125.86363636363636,5324.5495867768595,0.07566074993041402,-1.1648468762944062,-0.017836840271283568,9.037864085223552,9.038918989292302,253,-0.9835483763207494,0.07594673354455841,0.0896375724712063,17.477965392941467,23.20188618157843,0.08901515151515152,0.1553030303030303,0.054924242424242424,0.058712121212121215,0.5227272727272727,0.007575757575757576,2,2,7.593788428942273
des_s077_liboqs.bin,DES,des,1032,liboqs,172,f45f06f229e6199c,1032,7.803900798354501,273.30232558139534,131.99709302325581,5464.681193099874,-0.05694229685161223,-1.2117438784818786,-0.007218838660007724,9.996249567901572,10.008428622070578,503,-0.824980636812392,0.14005493427717788,0.08240423110647016,16.602379447790078,24.88784174927756,0.07267441860465117,0.13468992248062014,0.05910852713178295,0.06492248062015504,0.5125968992248062,0.0029069767441860465,0,2,7.8004995073752665
mlkem768_s061_openssl.bin,ML-KEM-768,mlkem768,1088,openssl,173,93faee0d415effca,1088,7.825879731602709,247.52941176470588,124.56433823529412,5201.8469635326555,0.07407231695464707,-1.1550479881614235,-0.001750739813923051,10.075096666609646,10.084808387804364,554,0.6415617238801264,0.07874430143604373,0.06816358903580573,19.37960384874072,26.675227863082288,0.06525735294117647,0.12408088235294118,0.057904411764705885,0.050551470588235295,0.5183823529411765,0.009191176470588236,0,2,7.784187897713079
chacha20_s004_liboqs.bin,ChaCha20,chacha20,528,liboqs,174,588313288eea5660,528,7.642551093055498,229.33333333333334,129.13257575757575,5444.334696395776,-0.04236546307157893,-1.1694299462663271,0.003378101384870692,9.037864085223552,9.038918989292302,253,-1.0341132595628528,0.07499617376220959,0.06615245907792795,16.981118062077073,22.703278685301,0.08522727272727272,0.15151515151515152,0.06060606060606061,0.07575757575757576,0.5113636363636364,0.005681818181818182,1,2,7.622288523835354
aes256_s000_openssl.bin,AES-256,aes256,4128,openssl,175,135d9d34385d0537,4128,7.956662089900344,243.5968992248062,126.9314437984496,5573.764922140252,0.02038106640257334,-1.2273982559530183,0.011296850317746625,11.957387321383054,12.010528105886484,2059,-0.17139014321805976,0.08373869696976113,0.08808773780901948,18.925072745288908,26.51375302947664,0.049176356589147284,0.09326550387596899,0.06468023255813954,0.06177325581395349,0.4934593023255814,0.0031492248062015503,0,2,7.956703545875551
aes128_s007_openssl.bin,AES-128,aes128,272,openssl,176,185651eaf24aa1f5,272,7.1946941370710045,258.8235294117647,122.24632352941177,4990.325354130623,0.06268690672549584,-1.099560014307669,-0.10485251725081123,8.08214904135387,8.07681559705083,153,1.9688789993486953,0.10553455951770091,0.08854113660876688,14.571269932282716,23.90178827634228,0.11397058823529412,0.20220588235294118,0.07352941176470588,0.04779411764705882,0.5698529411764706,0.003676470588235294,7,2,7.146495375339186
rsa2048_s019_openssl.bin,RSA-2048,rsa2048,256,openssl,177,0736c6edb4b4f7ca,256,7.187838269538145,254.0,118.05859375,5380.500473022461,0.08753921949162952,-1.218557642354731,0.0033157355643608478,7.994353436858858,7.9886846867721655,124,-0.5316384473016349,0.062009796353076345,0.08267972847076846,18.024281971845255,24.525854987466,0.125,0.2109375,0.07421875,0.04296875,0.43359375,0.00390625,5,2,7.0999291229976205
3des_s098_openssl.bin,3DES,3des,2064,openssl,178,f1dad4e3bff99c95,2064,7.902599590077827,265.7984496124031,129.9641472868217,5467.713830862027,-0.04048041031804427,-1.1986828263612745,0.003692424692335986,10.975627475736218,11.008858685263355,1049,0.781091933608196,0.09258382291372219,0.08560650295951468,18.510981013207534,26.284955932651044,0.055232558139534885,0.10562015503875968,0.059593023255813955,0.06443798449612403,0.49806201550387597,0.0048449612403100775,0,2,7.890519920191979
rsa2048_s035_openssl.bin,RSA-2048,rsa2048,256,openssl,179,b1fc71acae62c1cd,256,7.224833093706188,236.0,127.34375,5306.0224609375,0.016031215591767383,-1.2357482034175828,-0.010105888300937522,7.994353436858858,7.9886846867721655,126,-0.3604351093705661,0.07287014885225637,0.07287014885225637,19.290086103358895,26.000732411559103,0.109375,0.203125,0.0546875,0.0390625,0.484375,0.0,3,2,7.204458621162536
3des_s012_openssl.bin,3DES,3des,4112,openssl,180,5050986534900b43,4112,7.955709424602066,252.57587548638134,127.9897859922179,5591.8865688257965,0.003537437277078838,-1.2191205697541736,0.01734449805431613,11.95090494457067,12.00443606056418,1979,-2.432684196681375,0.08664756640821844,0.09676419444844397,18.292658893923914,26.745744147668923,0.05034046692607004,0.0963035019455253,0.0634727626459144,0.0625,0.48784046692607,0.0036478599221789884,0,2,7.96169613035903
des_s042_liboqs.bin,DES,des,1040,liboqs,181,ea24e88a08cc7641,1040,7.834536844365364,219.8153846153846,126.33076923076923,5524.7925147929,0.0021299019924535837,-1.2232101548826497,-0.03552914223071281,10.017130083273798,10.019590728357882,527,0.38967343072249233,0.0726200291865354,0.07749785261388417,18.89792203128671,26.01921378417775,0.06346153846153846,0.1201923076923077,0.07115384615384615,0.05096153846153846,0.48653846153846153,0.004807692307692308,0,2,7.814147980023179
aes256_s002_liboqs.bin,AES-256,aes256,1056,liboqs,182,7bf54b718a1ad5ee,1056,7.829225856048042,247.27272727272728,127.98958333333333,5519.050080886996,0.013679465069226581,-1.2165293331633247,-0.028605142597687365,10.025965672220138,10.041659151637214,541,0.7418812894145687,0.07884340263825246,0.08374125367209903,16.453973998330998,22.30400770857712,0.07196969696969698,0.13068181818181818,0.056818181818181816,0.06818181818181818,0.5179924242424242,0.002840909090909091,0,2,7.812854210733064
aes256_s076_openssl.bin,AES-256,aes256,544,openssl,183,f47dd1f1fdcf6185,544,7.633207008070695,235.2941176470588,132.7316176470588,5194.622823853806,-0.0069674931224076725,-1.1540052145124378,0.025290510311128927,9.08112514655206,9.082149041353869,256,-1.4401353126467926,0.07352531744346358,0.10824730762862575,21.26252620327563,28.416983263963726,0.08272058823529412,0.15625,0.04044117647058824,0.06985294117647059,0.5330882352941176,0.0055147058823529415,1,2,7.638371027909078
aes256_s094_liboqs.bin,AES-256,aes256,1040,liboqs,184,2dfc06d25b49ed26,1040,7.789831959103202,289.7230769230769,125.42788461538461,5587.610183986687,0.06628132283691081,-1.2383294573561145,0.013444682619493008,10.007505444197763,10.019590728357882,502,-1.1530104225506126,0.0747806508242942,0.07236495277779531,18.30473296419624,24.951057214115618,0.07211538461538461,0.13365384615384615,0.05673076923076923,0.05961538461538462,0.4740384615384615,0.0057692307692307696,0,2,7.826743803371023
des_s088_openssl.bin,DES,des,2056,openssl,185,1abf2c0ed64a8630,2056,7.9055003236378045,266.17898832684824,126.7806420233463,5311.58855522983,0.01979953364701422,-1.1624585944445278,-0.011023262739771054,10.974385020417142,11.004220466318195,1034,0.2240876992557985,0.11497938957499579,0.07974049777590768,16.389558343697377,24.39623009955219,0.05885214007782101,0.10992217898832685,0.061284046692607,0.061284046692607,0.5121595330739299,0.005350194552529183,0,2,7.914233534655403
3des_s031_liboqs.bin,3DES,3des,2056,liboqs,186,f92fee214ee88236,2056,7.902589060726177,269.16731517509726,125.50826848249027,5443.714912176944,0.046562039002879176,-1.1996576777127888,-0.02475851154200805,10.975358256426874,11.003246756483724,1039,0.5412502042065507,0.12287892690264662,0.08390606479707326,17.589551077890462,23.808766475962283,0.05982490272373541,0.11040856031128404,0.0646887159533074,0.058365758754863814,0.4790856031128405,0.0048638132295719845,0,2,7.902003096811867
aes128_s019_openssl.bin,AES-128,aes128,2064,openssl,187,318ac34a5f14646a,2064,7.9180815488388605,227.5968992248062,126.59302325581395,5515.275261402559,0.008548024726578429,-1.2239993134539107,0.009170279921594587,10.979505323530692,11.009828617368107,1004,-1.270991105258557,0.07495605816405006,0.07456204884965363,19.718435176787345,25.717364163967016,0.056686046511627904,0.10610465116279069,0.06443798449612403,0.05571705426356589,0.500968992248062,0.005329457364341085,0,2,7.901080602301593
3des_s061_openssl.bin,3DES,3des,4112,openssl,188,c0ac867d418c4758,4112,7.952382301875802,267.39299610894943,128.01629377431905,5535.9202111666145,-0.007676455404977922,-1.2217207274362252,-0.02005807550132709,11.945066948949167,12.00443606056418,2088,0.968844562164832,0.08987272850801822,0.08559078617478326,17.486409716147364,24.902953826197564,0.051070038910505836,0.09508754863813229,0.0632295719844358,0.058122568093385216,0.5133754863813229,0.00316147859922179,0,2,7.962022182922004
aes128_s099_openssl.bin,AES-128,aes128,528,openssl,189,a406f8d0112a25ad,528,7.667171114767963,222.54545454545453,130.9223484848485,5851.969349030073,-0.0898727804715857,-1.2383374096195,-0.005016824377240459,9.037864085223552,9.038918989292302,252,-1.0617627393032567,0.06013071161510433,0.07186994682200862,22.44531987002975,28.639897581865938,0.0928030303030303,0.16098484848484848,0.07954545454545454,0.07575757575757576,0.48295454545454547,0.00946969696969697,2,2,7.560842674578402
mlkem768_s069_openssl.bin,ML-KEM-768,mlkem768,1088,openssl,190,6d743522c7cf13d6,1088,7.827282867420795,248.0,126.37224264705883,5377.731839823475,0.003483875729858673,-1.1736559118049967,-0.0007998257518098858,10.069576887400814,10.084808387804364,569,1.4577466417588314,0.07232468960627207,0.08854113660876688,18.750218852348773,25.181247704654773,0.06985294117647059,0.12867647058823528,0.06341911764705882,0.050551470588235295,0.49724264705882354,0.0027573529411764708,0,2,7.811971455944445
aes128_s043_liboqs.bin,AES-128,aes128,288,liboqs,191,7e47e663d0bbc9fe,288,7.351564444119213,220.44444444444446,129.5625,5402.80859375,-0.03381627610463914,-1.172225095753127,-0.016507698261039802,8.164906926675688,8.159871336778389,150,0.6115207707461029,0.06093725269022307,0.06909634979907084,13.063131297876307,24.428404815000825,0.1076388888888889,0.1909722222222222,0.05555555555555555,0.059027777777777776,0.5138888888888888,0.003472222222222222,6,2,7.259149076447316
aes128_s031_liboqs.bin,AES-128,aes128,544,liboqs,192,8ecc850cb64728e3,544,7.648761510798731,250.35294117647058,124.8216911764706,5211.080338316393,-0.01978786795961808,-1.1257449957629555,0.002857564864545847,9.08112514655206,9.082149041353869,285,1.030269824284521,0.09358766221586659,0.08723390086547553,18.19444816461665,25.601642117747375,0.0900735294117647,0.1636029411764706,0.0661764705882353,0.042279411764705885,0.45036764705882354,0.001838235294117647,2,2,7.645233339398274
3des_s094_liboqs.bin,3DES,3des,2056,liboqs,193,edc2e250be7198de,2056,7.912971395743202,239.5330739299611,129.02431906614785,5480.907968894306,-0.016973463218482473,-1.1956343456136282,0.03865991422075843,10.980591778325737,11.004220466318195,1002,-1.1891610375813535,0.10870002839054387,0.06994427242119669,21.020902215935138,27.43143011217906,0.05496108949416342,0.10603112840466926,0.061284046692607,0.06420233463035019,0.47470817120622566,0.003404669260700389,0,2,7.922796561204741
aes128_s094_openssl.bin,AES-128,aes128,1056,openssl,194,a8b3ede96cf973cf,1056,7.82355416057916,238.54545454545456,130.17992424242425,5146.0263393882005,-0.021513402042473213,-1.2101447022353817,0.018788734814011856,10.029757141414452,10.041659151637214,514,-0.907299949883815,0.0791838824256321,0.04285495643554833,16.85987507912365,25.755792677253304,0.06723484848484848,0.12310606060606061,0.041666666666666664,0.04924242424242424,0.5132575757575758,0.001893939393939394,0,2,7.823098315830916
mlkem768_s023_liboqs.bin,ML-KEM-768,mlkem768,1088,liboqs,195,2f470225bdfe0bbf,1088,7.82290833493399,259.7647058823529,125.44761029411765,5585.116740612835,0.062248148252255886,-1.211128426230615,-0.03530127680242361,10.075096666609646,10.084808387804364,567,1.4015204948806121,0.10614892086077149,0.08054743492723031,18.620846884142733,27.071539191169233,0.07352941176470588,0.1332720588235294,0.06525735294117647,0.06985294117647059,0.515625,0.004595588235294118,0,2,7.837161070880887
chacha20_s077_liboqs.bin,ChaCha20,chacha20,4112,liboqs,196,df38fa8457dbc725,4112,7.950527555094501,280.715953307393,126.846546692607,5511.300138852878,0.014446809630057166,-1.2004076535994286,0.007427663419028588,11.935704208741024,12.00443606056418,2097,1.259845787284548,0.07502546236153382,0.07469398373716914,18.44945810830328,25.75390749867201,0.048638132295719845,0.09533073929961089,0.06785019455252918,0.06031128404669261,0.5114299610894941,0.00316147859922179,0,2,7.956375686823702
chacha20_s089_liboqs.bin,ChaCha20,chacha20,272,liboqs,197,54692049656d201e,272,7.26591034853023,234.35294117647058,128.8125,5816.564108455882,-0.08716206743413406,-1.2092359960733579,0.02709771200062638,8.08214904135387,8.07681559705083,134,-0.35048764084172523,0.05973557650467618,0.07090919677200702,26.30933420245504,30.673434838299602,0.10294117647058823,0.19117647058823528,0.09558823529411764,0.0661764705882353,0.5551470588235294,0.011029411764705883,3,2,7.271861310582866
des_s043_liboqs.bin,DES,des,2064,liboqs,198,f70142f98744e63c,2064,7.909041939853891,241.984496124031,125.68265503875969,5371.987954966273,0.05412313091221367,-1.199574772316152,-0.006915707133516289,10.980474785479311,11.009828617368107,1049,0.781091933608196,0.07215103210134928,0.06529742476291257,16.394362133452606,25.287913473710518,0.05571705426356589,0.10465116279069768,0.055232558139534885,0.0499031007751938,0.5159883720930233,0.0048449612403100775,0,2,7.896631105975208
rsa2048_s025_liboqs.bin,RSA-2048,rsa2048,256,liboqs,199,5d5edd8d2155da13,256,7.218935535095536,232.0,125.25390625,5027.798812866211,-0.07769557250995739,-1.1413495527865112,0.021236225451778456,7.986510299603956,7.9886846867721655,129,0.024499605078599544,0.06987712429686843,0.06051536478449089,19.381191913181862,25.27716446389826,0.1015625,0.1953125,0.078125,0.02734375,0.51953125,0.0,1,1,7.0739322975737355
aes128_s083_liboqs.bin,AES-128,aes128,1056,liboqs,200,372cbd74f3804589,1056,7.8071022466760915,253.0909090909091,122.05492424242425,5484.036756054867,0.06881571454721433,-1.1799273909212113,-0.017327872722572867,10.033548610608765,10.041659151637214,528,0.14506006011841668,0.07911590369017206,0.07186994682200862,17.164445678460062,25.346898426488906,0.06439393939393939,0.125,0.08901515151515152,0.054924242424242424,0.4943181818181818,0.003787878787878788,0,2,7.806390696827696
rsa2048_s051_liboqs.bin,RSA-2048,rsa2048,256,liboqs,201,51fd79bf070472cf,256,7.200514490232819,252.0,122.1484375,5580.415466308594,0.1662197052253599,-1.2524519679680763,-0.0349867827709532,7.986510299603956,7.9886846867721655,127,-0.059422644070609834,0.0625,0.07287014885225637,16.858917032125575,24.493889494292116,0.125,0.21875,0.06640625,0.0625,0.484375,0.00390625,7,2,7.258322689764535
3des_s036_liboqs.bin,3DES,3des,4112,liboqs,202,8256875d7f62b991,4112,7.952274274872948,271.6264591439689,127.45330739299611,5541.091205014459,-0.006237042973536157,-1.219668566204697,-0.01609754205116108,11.933023705211797,12.00443606056418,2089,0.9997148105772743,0.08089736531631046,0.07570693640703996,17.53925322530094,25.289208900710943,0.05179961089494164,0.09776264591439689,0.0625,0.054474708171206226,0.5009727626459144,0.0029182879377431907,0,2,7.946932249074812
chacha20_s092_liboqs.bin,ChaCha20,chacha20,528,liboqs,203,14ef53430c3441c7,528,7.647971222084993,233.21212121212122,124.6590909090909,5810.285296143251,0.049369143097459746,-1.2971267125119792,0.11282684000245716,9.037864085223552,9.038918989292302,231,-2.9437197670740707,0.08573528864309556,0.09646985014831377,20.802803905000818,28.969979771505407,0.08901515151515152,0.1571969696969697,0.07196969696969698,0.05303030303030303,0.5,0.005681818181818182,3,2,7.648497471420392
rsa2048_s023_openssl.bin,RSA-2048,rsa2048,256,openssl,204,47b90c0ac071a4fc,256,7.156915820472154,280.0,120.7421875,5793.113220214844,0.12541485232183933,-1.3038921764993427,0.023888132762872452,7.986510299603956,7.9886846867721655,129,0.16709397378372212,0.11020887484113973,0.07287014885225637,21.230205337027332,24.846696710072823,0.1328125,0.2265625,0.07421875,0.04296875,0.5234375,0.00390625,6,1,7.205888142639401
des_s021_openssl.bin,DES,des,272,openssl,205,62b734f23be5375c,272,7.205890392797537,264.4705882352941,119.34926470588235,5481.962572988755,0.13942649267281368,-1.2024408844359566,-0.03655181144298089,8.074768967553133,8.07681559705083,145,1.1593601744158752,0.0933422818489144,0.08854113660876688,19.561120497586717,25.244444267424612,0.125,0.21323529411764705,0.08455882352941177,0.04779411764705882,0.5257352941176471,0.0,8,1,7.119521042999308
aes128_s018_openssl.bin,AES-128,aes128,2080,openssl,206,953aeba67edd9313,2080,7.91511690289294,235.07692307692307,127.81875,5662.856090745192,-0.030750952294119824,-1.2338210749169243,0.03421322194648219,10.987042008226336,11.020979938904212,976,-2.815509499834156,0.08795575886637282,0.09406873824386558,19.56473913518615,26.680652776349294,0.05625,0.10625,0.06971153846153846,0.06394230769230769,0.49759615384615385,0.0057692307692307696,0,2,7.902738704500908
rsa2048_s085_openssl.bin,RSA-2048,rsa2048,256,openssl,207,f32139cd4bc080bc,256,7.11442425579021,268.0,129.484375,5725.507568359375,-0.056787244696354516,-1.2678123924038784,-0.0015467122844381419,7.994353436858858,7.9886846867721655,126,-0.3671335835182231,0.06051536478449089,0.08267972847076846,17.530142846055906,29.653776075685116,0.109375,0.203125,0.06640625,0.0546875,0.5078125,0.0078125,3,2,7.096032187861578
chacha20_s028_openssl.bin,ChaCha20,chacha20,4112,openssl,208,7bd50a296197d498,4112,7.953535077024208,260.9182879377432,127.73078793774319,5345.848974281877,-0.006478734119137801,-1.2056005710262199,-0.010833527374813887,11.952850943111171,12.004922678569045,2093,1.1230846739737288,0.09004081920803118,0.09357787831293499,18.08283062227756,24.53815919392153,0.04961089494163424,0.09508754863813229,0.057392996108949414,0.04936770428015564,0.4968385214007782,0.00316147859922179,0,2,7.959954622255047
aes128_s012_openssl.bin,AES-128,aes128,1056,openssl,209,7d4c88e5472c39ba,1056,7.792879499600876,288.96969696969694,129.10795454545453,5544.62470945248,-0.035325709688479444,-1.2292142466162599,0.02952349125999076,10.017667200654108,10.041659151637214,512,-1.0305135233248268,0.08496015292148881,0.08934958420464713,18.684597250532335,26.223863127526943,0.07575757575757576,0.13636363636363635,0.06534090909090909,0.054924242424242424,0.48484848484848486,0.003787878787878788,0,2,7.809999892409173
aes256_s067_liboqs.bin,AES-256,aes256,4128,liboqs,210,1ec028eba02a51f9,4128,7.958259237434795,235.1627906976744,124.94767441860465,5520.179917072292,0.009541171460322453,-1.2154249264148775,-0.014416857786292935,11.949148891530863,12.010528105886484,2054,-0.3207846733317999,0.08545190783800433,0.08287433308225833,18.54193551765554,26.01330019869317,0.04966085271317829,0.0935077519379845,0.07364341085271318,0.05159883720930233,0.5072674418604651,0.005087209302325582,0,2,7.9568883229196885
chacha20_s079_openssl.bin,ChaCha20,chacha20,4112,openssl,211,decf37a4192a2a2d,4112,7.950336670811971,273.1206225680934,128.08706225680933,5433.547867634256,-0.009337587757069488,-1.2006825912805952,0.001779719765529641,11.9481695730071,12.00443606056418,2029,-0.8679994158229417,0.08142226884083466,0.0769835778344225,19.403333473435385,26.1518992441074,0.04912451361867704,0.0941147859922179,0.05763618677042802,0.05909533073929961,0.4990272373540856,0.0024319066147859923,0,2,7.949121743803931
aes256_s084_openssl.bin,AES-256,aes256,4128,openssl,212,3e38bc5ad82fa030,4128,7.953506482043217,264.8062015503876,126.86022286821705,5504.1304139038175,0.007193213571970499,-1.213653825029573,0.009668890532102816,11.943452314112804,12.010528105886484,2047,-0.5594264824448644,0.08710073161460843,0.09082927509209698,17.94198253889756,25.868841127461607,0.050872093023255814,0.09641472868217055,0.06589147286821706,0.056686046511627904,0.49781976744186046,0.003875968992248062,0,2,7.95453366845041
des_s050_openssl.bin,DES,des,1040,openssl,213,c7cec1e1d616a0a4,1040,7.815970965190718,249.84615384615384,126.18461538461538,5250.654378698225,0.04726088323625004,-1.1668196594366005,0.006273678437758881,10.00943037201297,10.019590728357882,514,-0.43138751770707534,0.08887861544839494,0.09200672087619759,19.04247981099287,26.378787621695817,0.0673076923076923,0.12596153846153846,0.05480769230769231,0.05673076923076923,0.5,0.0019230769230769232,0,2,7.817904200825272
aes128_s016_openssl.bin,AES-128,aes128,1056,openssl,214,b6444d396a51f10b,1056,7.8153137662039365,258.90909090909093,130.3465909090909,5376.732147469008,-0.08261651038441163,-1.2011137704048778,-0.004947639589326478,10.018847402073858,10.041659151637214,508,-1.2050362167370243,0.06754755492472352,0.07449227439127704,18.14329399987714,25.252534146147422,0.06912878787878787,0.12878787878787878,0.05965909090909091,0.05397727272727273,0.4962121212121212,0.001893939393939394,0,2,7.823065996134122
3des_s076_liboqs.bin,3DES,3des,1032,liboqs,215,f257c66a817684ec,1032,7.8059551155928135,262.3875968992248,130.45348837209303,5264.032720389399,-0.07148155602439234,-1.1254071842404543,0.04475206320965573,10.005948888949098,10.008428622070578,493,-1.4930583004268538,0.1477220456600363,0.0837603983913733,18.15114096329018,25.24569226900577,0.07461240310077519,0.13372093023255813,0.060077519379844964,0.055232558139534885,0.4903100775193798,0.0048449612403100775,0,2,7.821516685964589
des_s064_openssl.bin,DES,des,1040,openssl,216,017f8cc4c1e336d4,1040,7.817255144532874,254.27692307692308,126.38461538461539,5556.840532544379,0.031009401517615987,-1.2455937756185678,-0.0270902844252787,9.994030949491314,10.019590728357882,533,0.7446888814123194,0.0922442088382911,0.07749785261388417,18.105341563232155,25.811882398015726,0.06634615384615385,0.12596153846153846,0.05961538461538462,0.06442307692307692,0.5192307692307693,0.0038461538461538464,0,2,7.801785459364955
aes128_s075_openssl.bin,AES-128,aes128,272,openssl,217,15fd82f6aedaed18,272,7.2972681610779535,223.05882352941177,124.30514705882354,5352.3590911548445,0.13797037117565397,-1.1417450947258985,-0.08817602188808635,8.074768967553133,8.07681559705083,133,-0.31421911269215363,0.075703162801375,0.07090919677200702,16.854588449932827,23.830729497032326,0.10661764705882353,0.1948529411764706,0.05514705882352941,0.0625,0.5183823529411765,0.0,4,2,7.1777292994967885
rsa2048_s037_liboqs.bin,RSA-2048,rsa2048,256,liboqs,218,df01fb2ec08528f0,256,7.191905517366848,242.0,127.1640625,5124.980895996094,0.0749549925320555,-1.1726008294506545,0.08779842893612158,7.986510299603956,7.9886846867721655,113,-1.9618780077899223,0.07493486755176124,0.07287014885225637,15.403110021675614,25.560235181989107,0.09765625,0.19140625,0.0390625,0.0625,0.5078125,0.00390625,1,1,7.175008523106353
aes256_s006_liboqs.bin,AES-256,aes256,2064,liboqs,219,95e19a228c8c3912,2064,7.915192867255059,238.75968992248062,126.00532945736434,5330.496580124016,0.018717518099082092,-1.1690613858702814,-0.014139339142770435,10.975627475736218,11.009828617368107,1035,0.09768735091519233,0.07954004017919045,0.0859731512124761,18.8497219444152,25.566524946824003,0.05813953488372093,0.10949612403100775,0.06589147286821706,0.05329457364341085,0.5033914728682171,0.00436046511627907,0,2,7.901205174673962
chacha20_s012_openssl.bin,ChaCha20,chacha20,4112,openssl,220,192c655577ef0756,4112,7.953938495870527,259.2996108949416,125.91415369649805,5509.485577882992,0.019275343714507315,-1.2066088788656366,-0.022273061096674672,11.941477825256108,12.004922678569045,2090,1.0528219403411188,0.08747708946802087,0.08212622390597601,18.611977459424153,26.48649865875278,0.04912451361867704,0.0941147859922179,0.06420233463035019,0.05666342412451362,0.496352140077821,0.0038910505836575876,0,2,7.951314149563637
des_s098_liboqs.bin,DES,des,1040,liboqs,221,9c8583ec2037c206,1040,7.814329903196122,250.33846153846153,127.48461538461538,5398.759378698224,-0.005472006968604572,-1.2015254982900994,0.05068930832109264,9.999805732936936,10.019590728357882,487,-2.1068178769345507,0.07844645405527362,0.08115749171541997,16.839214302146328,25.743683949924677,0.07307692307692308,0.12980769230769232,0.05961538461538462,0.05096153846153846,0.475,0.0019230769230769232,1,2,7.801148481122545
3des_s077_openssl.bin,3DES,3des,2056,openssl,222,d2a70bfbb9bfea76,2056,7.914013885589212,244.7626459143969,126.75875486381322,5616.176236581931,0.01064161342466847,-1.2256533172149313,-0.00522987775521041,10.968545604358747,11.004220466318195,1021,-0.3527804269507945,0.11921721470040618,0.07194498866576107,19.479726718299986,26.95701644487329,0.058365758754863814,0.10992217898832685,0.06371595330739299,0.0651750972762646,0.4912451361867704,0.0019455252918287938,0,2,7.894579592090252
rsa2048_s029_liboqs.bin,RSA-2048,rsa2048,256,liboqs,223,60a9190162aa5945,256,7.127100476484884,266.0,132.3203125,5162.006774902344,-0.015950571365744997,-1.2355072856226568,0.0535006731771615,7.986510299603956,7.9886846867721655,117,-1.5029498553566367,0.09851187666342572,0.09600160724566022,18.348326130122707,23.256235250516017,0.109375,0.203125,0.02734375,0.0625,0.515625,0.00390625,3,2,7.138753179977582
3des_s074_liboqs.bin,3DES,3des,4112,liboqs,224,8718f2fe299ca36d,4112,7.948305172397108,295.408560311284,126.44795719844358,5444.5396067219035,0.01664942543067374,-1.2153380418922002,0.016251953118773116,11.940624073126619,12.004922678569045,2004,-1.6498998862644398,0.08129549345975187,0.0695048951195402,17.593339445939073,26.126363055501923,0.05155642023346303,0.09751945525291829,0.05982490272373541,0.05666342412451362,0.49416342412451364,0.0036478599221789884,0,2,7.957001445751221
mlkem768_s022_liboqs.bin,ML-KEM-768,mlkem768,1088,liboqs,225,457eacc7cb06d39c,1088,7.813129335636594,274.3529411764706,127.06617647058823,5443.425767733564,0.018295371264861283,-1.1793804643412094,-0.03645448513568064,10.07693659301259,10.084808387804364,555,0.6094574602551855,0.068583669508006,0.062147579060209436,16.678908624888727,25.430159283603523,0.07352941176470588,0.1323529411764706,0.057904411764705885,0.058823529411764705,0.49264705882352944,0.004595588235294118,1,2,7.829846025936515
rsa2048_s094_liboqs.bin,RSA-2048,rsa2048,256,liboqs,226,38320d4893c197bc,256,7.118406873011514,278.0,127.4765625,5061.702575683594,0.11999760856500814,-1.2041090175086242,0.03088052727248282,7.994353436858858,7.9886846867721655,130,0.1608259771614675,0.07614683081882002,0.08267972847076846,15.2382266765557,24.46716225492024,0.125,0.21875,0.02734375,0.046875,0.4921875,0.0,7,2,7.211263866235123
chacha20_s048_openssl.bin,ChaCha20,chacha20,1040,openssl,227,e8bd5d36fa373a67,1040,7.784454211917104,287.26153846153846,130.74134615384617,5551.1648289571,-0.05947907909014751,-1.181825615922957,-0.032602058736946354,9.992106021676108,10.019590728357882,527,0.43080691923193426,0.0720576692122892,0.07348066605593384,18.809549273200215,26.0202777271028,0.07019230769230769,0.13173076923076923,0.0673076923076923,0.07211538461538461,0.5394230769230769,0.0038461538461538464,0,2,7.786558002634024
des_s052_openssl.bin,DES,des,272,openssl,228,60770c4c0eabf30d,272,7.26544822713658,226.8235294117647,130.65808823529412,5657.210302227509,-0.0259531462548871,-1.1859670908780067,-0.013968247810839872,8.08214904135387,8.07681559705083,147,1.2235592521091843,0.08700117328087671,0.04223943122454433,17.089192351957845,23.130331436764312,0.09926470588235294,0.1875,0.0661764705882353,0.07720588235294118,0.4742647058823529,0.007352941176470588,3,1,7.210643264583667
chacha20_s024_openssl.bin,ChaCha20,chacha20,528,openssl,229,e17be3d718625838,528,7.593485765551505,254.54545454545453,133.8901515151515,5350.995509067952,-0.03991218485384098,-1.22689133035905,-0.014187876541975319,9.030273952396227,9.03511670792348,266,0.2203911118063026,0.09247390617980078,0.0815934061687046,18.49742784063415,24.410429914555106,0.08333333333333333,0.1590909090909091,0.041666666666666664,0.06818181818181818,0.5454545454545454,0.003787878787878788,0,2,7.597632511577876
mlkem768_s087_openssl.bin,ML-KEM-768,mlkem768,1088,openssl,230,0b3073a8dd356850,1088,7.833762178232906,238.58823529411765,127.00735294117646,5481.766490051903,0.02790219927462623,-1.1935851567067775,-0.011187667183022105,10.06773696099787,10.084808387804364,549,0.2646788190831045,0.08958715872442372,0.08806279093384915,17.728859126696676,24.178914177175063,0.06985294117647059,0.12683823529411764,0.06066176470588235,0.06158088235294118,0.5018382352941176,0.0027573529411764708,0,2,7.795494308717603
aes128_s006_liboqs.bin,AES-128,aes128,528,liboqs,231,e34e0b700329626e,528,7.589161108543641,261.3333333333333,125.46969696969697,5673.305899908172,-0.07381267932143441,-1.2067301630723202,0.033671617241677276,9.022683819568904,9.038918989292302,250,-1.2365711977853648,0.07914472281255794,0.07697879330644536,20.38792883871275,30.677344417570325,0.08522727272727272,0.1590909090909091,0.0928030303030303,0.058712121212121215,0.48863636363636365,0.005681818181818182,2,2,7.638263732634566
chacha20_s034_openssl.bin,ChaCha20,chacha20,1040,openssl,232,6511fa3bf80fbc13,1040,7.794287968539906,255.75384615384615,127.03942307692307,5571.722484282544,0.021971193202584664,-1.2627964112776116,-0.007995665833634489,10.001730660752143,10.019590728357882,530,0.5595176377139586,0.0678276618790323,0.06957712505817516,19.01637568988103,25.18959852212062,0.0673076923076923,0.12307692307692308,0.05961538461538462,0.05,0.4894230769230769,0.0057692307692307696,0,2,7.802451720436083
des_s002_openssl.bin,DES,des,528,openssl,233,725078fadf18eb47,528,7.653889599744238,224.4848484848485,123.06439393939394,5634.946610996327,0.03552003490099692,-1.275419873462489,-0.01570159178709088,9.037864085223552,9.038918989292302,267,0.22222389555082978,0.08753196975978289,0.09247390617980078,19.212530465959393,29.17868185221345,0.08333333333333333,0.15151515151515152,0.06439393939393939,0.04924242424242424,0.48863636363636365,0.005681818181818182,1,2,7.61572664166002
des_s094_openssl.bin,DES,des,272,openssl,234,6162db9c32863528,272,7.173336153928885,275.7647058823529,128.49264705882354,5645.088181228373,-0.057494818875140144,-1.1925495902032857,0.1335602705489932,8.08214904135387,8.07681559705083,122,-1.8192042092420124,0.08168593811773013,0.04223943122454433,19.70050203657459,26.950696084956096,0.12867647058823528,0.21691176470588236,0.07720588235294118,0.0625,0.49264705882352944,0.003676470588235294,8,2,7.262672288458611
rsa2048_s018_openssl.bin,RSA-2048,rsa2048,256,openssl,235,ddf51f7818f945c1,256,7.26198065231684,220.0,129.2265625,5422.183044433594,0.002542006490443534,-1.1943283385095242,-0.03862542842064527,7.986510299603956,7.9886846867721655,125,-0.4858038430646761,0.05793905068043487,0.07287014885225637,20.256471706496512,25.10231869386957,0.10546875,0.19921875,0.05078125,0.0625,0.546875,0.00390625,2,2,7.19261724857958
rsa2048_s070_openssl.bin,RSA-2048,rsa2048,256,openssl,236,5a29ae6ca3f3ca36,256,7.194063379082806,268.0,128.14453125,5622.881454467773,-0.024689739768798864,-1.326750536464869,-0.01207701221911218,7.978667162349054,7.9886846867721655,133,0.5100709253679846,0.07654655446197431,0.07287014885225637,17.82074533327376,25.9433372455535,0.1328125,0.2265625,0.06640625,0.05078125,0.45703125,0.00390625,6,2,7.198929564165607
mlkem768_s024_liboqs.bin,ML-KEM-768,mlkem768,1088,liboqs,237,6d9180bcb8608e96,1088,7.8419359282606536,222.58823529411765,130.7454044117647,5130.334997262922,-0.09683395297046246,-1.1295092604833403,0.013196893106036991,10.069576887400814,10.084808387804364,549,0.3509497350222343,0.07876575472657554,0.08471851927796259,19.9692126205746,26.751337446328428,0.06893382352941177,0.12408088235294118,0.05330882352941176,0.046875,0.4990808823529412,0.0055147058823529415,0,2,7.800983357308804
des_s031_openssl.bin,DES,des,4112,openssl,238,89d367969df99687,4112,7.953773461986611,260.0466926070039,128.87451361867704,5444.09077067783,-0.03506811112521853,-1.1880997186888504,-0.01693969605311425,11.946039948219417,12.00443606056418,2074,0.5817805023694118,0.07543022155612099,0.07759513823563588,19.06694109475623,27.289353963477733,0.05034046692607004,0.09508754863813229,0.0627431906614786,0.061284046692607,0.5102140077821011,0.0038910505836575876,0,2,7.9619278389521915
des_s011_openssl.bin,DES,des,520,openssl,239,54c0253608d1bc40,520,7.633677984514269,232.24615384615385,131.83076923076922,5382.705976331361,-0.02117481740450601,-1.152636147119104,-0.05706555437773865,9.008030034716262,9.016808287686555,283,1.9372511163687458,0.18726071355012538,0.06661733875264912,20.47927447362391,25.926369769180646,0.08461538461538462,0.16153846153846155,0.051923076923076926,0.06923076923076923,0.5192307692307693,0.007692307692307693,0,2,7.612961613150248
3des_s011_liboqs.bin,3DES,3des,4112,liboqs,240,64afc052913744e2,4112,7.952726258143484,265.5252918287938,128.47300583657588,5419.066391937709,-0.03440162341477925,-1.1869908449722744,0.01827735627305909,11.94719657373685,12.003949442559312,2016,-1.2460475345876887,0.08584134487665059,0.07235974566235603,17.72790944759877,25.687586701870494,0.049854085603112844,0.0946011673151751,0.0646887159533074,0.05666342412451362,0.503647859922179,0.004620622568093385,0,2,7.958799619550418
rsa2048_s099_liboqs.bin,RSA-2048,rsa2048,256,liboqs,241,81e31db0870b717d,256,7.246745751809457,226.0,131.75,5114.578125,-0.0647436857211781,-1.0678112787230056,0.01745011960297312,7.978667162349054,7.980810671024134,125,-0.4858038430646761,0.08522431339559151,0.07287014885225637,17.1209221878525,21.64389077343766,0.10546875,0.19921875,0.05078125,0.05859375,0.546875,0.0,3,2,7.121637383990914
3des_s007_openssl.bin,3DES,3des,4112,openssl,242,c9f8e419e70895ca,4112,7.9574458780894295,240.0,128.38934824902725,5405.087464361213,0.005098529103323805,-1.1964198534450523,-0.004162535476430258,11.938439580304594,12.004922678569045,2043,-0.4366408466818055,0.08820549094577164,0.0824441450210508,17.43354855618954,25.325967215145283,0.049854085603112844,0.09484435797665369,0.05885214007782101,0.05933852140077821,0.4885700389105058,0.0036478599221789884,0,2,7.957794277871424
des_s013_openssl.bin,DES,des,520,openssl,243,757322d67cfabfbe,520,7.606624762343251,248.98461538461538,124.59615384615384,5631.783062130178,-0.007922433186113933,-1.2067159903823863,-0.022732180144056927,9.011883599263468,9.016808287686555,268,0.6200824703021307,0.18808959632156722,0.08213137116947163,14.894086544403946,23.302894435096565,0.09038461538461538,0.16538461538461538,0.08269230769230769,0.05961538461538462,0.46923076923076923,0.007692307692307693,1,2,7.584966767267819
aes256_s011_openssl.bin,AES-256,aes256,1056,openssl,244,350a8590666a909e,1056,7.8149675747278655,259.8787878787879,123.1344696969697,5574.635326991506,0.05842370149055081,-1.22453028740223,0.026747894716578464,10.029757141414452,10.041659151637214,504,-1.4104155306893686,0.06873199739251536,0.07934227297595989,15.912418032324483,24.34272154347211,0.07007575757575757,0.13068181818181818,0.07102272727272728,0.052083333333333336,0.5132575757575758,0.007575757575757576,0,2,7.818429237298605
3des_s010_liboqs.bin,3DES,3des,264,liboqs,245,60ca23a738c80448,264,7.096601825714389,304.24242424242425,125.68560606060606,5649.283732208448,0.03568419035247532,-1.2234739018964451,-0.11632146049094416,8.03131442655466,8.03342300153745,139,0.7751992238630836,0.2538366529817616,0.07186994682200862,20.778206404197466,28.626234279531598,0.13257575757575757,0.22348484848484848,0.06818181818181818,0.06818181818181818,0.5416666666666666,0.007575757575757576,8,1,7.082727770847917
rsa2048_s058_openssl.bin,RSA-2048,rsa2048,256,openssl,246,cb52c6bb8a56c44f,256,7.125185535095536,276.0,125.19140625,5787.795394897461,0.043433381419334824,-1.253383726425295,0.004123453883408011,7.994353436858858,7.9886846867721655,124,-0.5923103061312583,0.07614683081882002,0.04349815908460954,21.59780249543541,26.698219165633706,0.12109375,0.21484375,0.08203125,0.05859375,0.55078125,0.00390625,6,1,7.180436279911271
aes256_s036_openssl.bin,AES-256,aes256,544,openssl,247,ab79739db34746a9,544,7.601642525392957,256.0,127.84558823529412,5391.91365700692,-0.019857144369589914,-1.1656586700139966,0.015811404996358375,9.073758664047455,9.082149041353869,263,-0.8534197828382394,0.06698848219959043,0.058823529411764705,22.27717088565523,28.460871275694043,0.08639705882352941,0.15992647058823528,0.06066176470588235,0.0625,0.5110294117647058,0.007352941176470588,1,2,7.662092178040268
aes256_s015_openssl.bin,AES-256,aes256,1056,openssl,248,d5ae2420fdb06d6e,1056,7.809857133070843,253.57575757575756,125.89299242424242,5653.676996348428,0.06992221446278321,-1.2132248757510202,-0.007014255856943886,10.024069937622983,10.041659151637214,532,0.22276856868934347,0.0791838824256321,0.07818093727481172,19.770992287350115,27.177948655642325,0.06818181818181818,0.12878787878787878,0.061553030303030304,0.07007575757575757,0.4971590909090909,0.004734848484848485,0,2,7.8271583740229955
rsa2048_s064_openssl.bin,RSA-2048,rsa2048,256,openssl,249,897cfc33f1be4a46,256,7.162723193198805,262.0,130.3828125,5464.626892089844,-0.034347604854949164,-1.2337685465292492,0.004197081757410249,7.986510299603956,7.9886846867721655,118,-1.3553181529481266,0.0933404079275349,0.08267972847076846,20.960189140572986,29.07054555133673,0.1171875,0.2109375,0.046875,0.05859375,0.5234375,0.0078125,6,2,7.1955775917253195
rsa2048_s098_liboqs.bin,RSA-2048,rsa2048,256,liboqs,250,0e9b74a6996e2cb0,256,7.155944531114783,256.0,124.23828125,5719.923690795898,0.06492854571064201,-1.2169163209156058,-0.13789283006052705,7.986510299603956,7.9886846867721655,146,2.1836811242284027,0.08804240366863003,0.04349815908460954,12.641256913091096,19.994319490536515,0.11328125,0.20703125,0.0859375,0.0625,0.48828125,0.0078125,5,2,7.249986623023073
rsa2048_s091_openssl.bin,RSA-2048,rsa2048,256,openssl,251,8a005ed7d80c86bf,256,7.225223193198805,226.0,120.37109375,5016.038070678711,0.12206476862215994,-1.096573467497466,0.0823575055367979,7.986510299603956,7.9886846867721655,125,-0.42382976311057974,0.05412658773652741,0.04349815908460954,22.69846787176584,27.76040564292894,0.09765625,0.19140625,0.0546875,0.04296875,0.52734375,0.00390625,1,1,7.210225974052808
chacha20_s006_openssl.bin,ChaCha20,chacha20,1040,openssl,252,44ac8febe206a9bc,1040,7.824985895300609,230.15384615384616,127.72307692307692,5450.286775147929,-0.003843734067576113,-1.183471232646439,0.0065228124118087635,10.013280227643385,10.019590728357882,533,0.7544580733096911,0.09073173932373423,0.07987138329728918,16.94777742842151,26.834799918881277,0.06826923076923076,0.125,0.06442307692307692,0.05961538461538462,0.525,0.007692307692307693,0,2,7.807225699141771
aes128_s059_openssl.bin,AES-128,aes128,4112,openssl,253,2c2532cdd74ec389,4112,7.951532674010798,272.6225680933852,127.44260700389106,5435.675694370846,0.023051253322850327,-1.18103605384796,-0.004025213116122763,11.946039948219417,12.004922678569045,2021,-1.1150595048276588,0.08400606909660795,0.0866817897904806,17.92069175315791,25.274313164688007,0.05009727626459144,0.09533073929961089,0.061770428015564205,0.064931906614786,0.4990272373540856,0.0038910505836575876,0,2,7.954269556226768
aes128_s068_openssl.bin,AES-128,aes128,272,openssl,254,2c31156a49791c69,272,7.14451494408665,292.70588235294116,121.26838235294117,5796.5419415008655,0.16276252423834373,-1.195594985792669,0.07694014792663861,8.08214904135387,8.07681559705083,131,-0.5073094881752609,0.09124760033816806,0.10108622856520236,28.743483634161947,37.14944150321597,0.125,0.21323529411764705,0.06985294117647059,0.07720588235294118,0.5110294117647058,0.0,7,2,7.064242629747108
rsa2048_s092_openssl.bin,RSA-2048,rsa2048,256,openssl,255,e77d83a79d230c0d,256,7.152995751809457,274.0,132.2421875,5196.933532714844,-0.17171700497310657,-1.1687792635941232,-0.07616947855755392,7.994353436858858,7.9886846867721655,133,0.6475990314274678,0.07654655446197431,0.10334966058846057,17.667223843599302,22.762915665394093,0.12890625,0.22265625,0.05859375,0.0390625,0.4921875,0.0,7,2,7.129379221053805
aes256_s074_openssl.bin,AES-256,aes256,2080,openssl,256,8529efddc5b4c045,2080,7.9069851518481835,261.16923076923075,129.3403846153846,5471.157215236686,-0.012099979052652933,-1.2197640879501335,-0.004338748849127889,10.995700016884344,11.020017474996608,1032,-0.3947710626432693,0.0835054421381701,0.07236495277779531,18.49490259415971,26.229114930633454,0.05721153846153846,0.10865384615384616,0.05721153846153846,0.06009615384615385,0.5019230769230769,0.0028846153846153848,0,2,7.9193799462905305
rsa2048_s052_liboqs.bin,RSA-2048,rsa2048,256,liboqs,257,27acdb20b2a59aa8,256,7.124304431622167,278.0,134.43359375,5508.917465209961,-0.09758651242840903,-1.145826543542868,-0.025119874624000175,7.994353436858858,7.9886846867721655,123,-0.7056479677843692,0.08804240366863003,0.08267972847076846,17.652204580110833,24.41127077788477,0.12890625,0.22265625,0.0625,0.0859375,0.51953125,0.0,8,1,7.122420642580011
mlkem768_s077_openssl.bin,ML-KEM-768,mlkem768,1088,openssl,258,92cf359140e3dc1d,1088,7.837028753462432,232.0,129.02297794117646,5332.645611720101,-0.03431249885090906,-1.1955809351798428,-0.03215756595729721,10.06221718178904,10.084808387804364,541,-0.23556156991509117,0.07435201623587016,0.06816358903580573,14.290709171118277,22.288116940577694,0.06893382352941177,0.12408088235294118,0.05698529411764706,0.051470588235294115,0.5137867647058824,0.006433823529411764,0,2,7.816830007890905
3des_s047_openssl.bin,3DES,3des,2064,openssl,259,fcf2e101ea920d65,2064,7.898703998332609,285.14728682170545,126.02325581395348,5356.778528934559,0.03086240467741499,-1.1798969505500814,0.043244661729978554,10.975627475736218,11.009828617368107,1006,-1.1838686639465605,0.08625064263187433,0.09217387663832587,19.558418615046076,27.542320182359045,0.06153100775193798,0.11337209302325581,0.060562015503875966,0.054748062015503876,0.49612403100775193,0.005813953488372093,0,2,7.903020808104688
aes256_s073_openssl.bin,AES-256,aes256,2080,openssl,260,e662968aea8a604b,2080,7.8989196766906575,281.3538461538462,128.69903846153846,5599.163268306213,-0.0243955850695851,-1.209790774824012,0.059240015411544326,10.99089001207434,11.020979938904212,994,-2.0612197881415897,0.09786350550143683,0.08213137116947163,20.715311866106653,27.263309188753986,0.058653846153846154,0.11153846153846154,0.0625,0.06153846153846154,0.48846153846153845,0.0033653846153846156,0,2,7.912949357148543
des_s069_liboqs.bin,DES,des,520,liboqs,261,ae57c29d91bc0775,520,7.606302568114329,255.87692307692308,125.275,5038.66860576923,0.09562613904417268,-1.074917357700474,-0.03208010334918774,9.015737163810675,9.016808287686555,269,0.7612940355662879,0.17588161767036212,0.06661733875264912,16.769285065332618,24.47601062579125,0.09423076923076923,0.1673076923076923,0.05,0.057692307692307696,0.5288461538461539,0.0,2,2,7.679241886522964
chacha20_s090_openssl.bin,ChaCha20,chacha20,272,openssl,262,4498e66d38da5965,272,7.224568023170537,251.2941176470588,129.0110294117647,5264.0550254109,-0.0013722730131609927,-1.1498107812013973,-0.12207237705176885,8.08214904135387,8.07681559705083,140,0.36538967801874345,0.08637750091522596,0.08854113660876688,18.203686138083153,27.12248171501804,0.11029411764705882,0.19852941176470587,0.058823529411764705,0.051470588235294115,0.5257352941176471,0.003676470588235294,5,2,7.183395744342876
aes128_s000_openssl.bin,AES-128,aes128,1056,openssl,263,c85386d9b0360a15,1056,7.816670793462317,253.0909090909091,129.86363636363637,5357.3014807162535,-0.04375850416689536,-1.16112478331721,-0.023688754505152416,10.018382733831514,10.041659151637214,569,2.4876053342036792,0.07884340263825246,0.06615245907792795,17.639346155671042,25.91953537487867,0.07386363636363637,0.13446969696969696,0.05965909090909091,0.0625,0.48295454545454547,0.003787878787878788,1,2,7.8206782987816155
aes128_s028_openssl.bin,AES-128,aes128,544,openssl,264,8d742219fe89e61c,544,7.611800222884373,250.35294117647058,132.37867647058823,5450.540427660035,-0.1297749876131541,-1.14972596800412,-0.003320639203127334,9.077441905299757,9.082149041353869,277,0.47208871188094625,0.07352941176470588,0.07090919677200702,15.92202204859411,23.5681697674946,0.08455882352941177,0.15625,0.06985294117647059,0.058823529411764705,0.49264705882352944,0.009191176470588236,0,2,7.645832654240433
des_s037_openssl.bin,DES,des,2064,openssl,265,8e02815cfe48124b,2064,7.8979977104054555,283.90697674418607,125.81443798449612,5579.036787668635,0.04170816638102961,-1.263716676763395,0.028479389706413644,10.971383710587327,11.009828617368107,1008,-1.0914608998060593,0.08539235595685382,0.0842131757078589,19.037999628854056,27.767628791378037,0.05862403100775194,0.10998062015503876,0.06298449612403101,0.04844961240310078,0.5062984496124031,0.0024224806201550387,0,2,7.901103402329126
aes128_s045_openssl.bin,AES-128,aes128,288,openssl,266,4574bea9a0aa2ac8,288,7.234864303582975,261.3333333333333,124.14930555555556,5739.154791184414,0.023472145353887645,-1.2628131742773854,-0.028463359401487878,8.157938285560705,8.159871336778389,142,-0.3469434997114148,0.07511565157216644,0.09316949906249124,16.911587636669328,24.873321751113455,0.11805555555555555,0.2013888888888889,0.07291666666666667,0.052083333333333336,0.4618055555555556,0.006944444444444444,8,2,7.232060444005444
aes256_s075_openssl.bin,AES-256,aes256,1040,openssl,267,8a66c3a17665ac38,1040,7.790704415217475,281.3538461538462,124.49423076923077,5195.7172744082845,0.028847517145313188,-1.1636599921894724,-0.04672506465805801,9.995955877306521,10.019590728357882,537,1.0420273243011062,0.07455169503710377,0.06957712505817516,16.16369731672632,23.81100899601451,0.07403846153846154,0.13653846153846153,0.058653846153846154,0.041346153846153845,0.49230769230769234,0.0028846153846153848,0,2,7.795573335245027
des_s074_liboqs.bin,DES,des,2056,liboqs,268,e679335400870c65,2056,7.909515258963761,252.73151750972764,128.30593385214007,5440.345606812745,-0.009593793810306691,-1.2159117137700184,-0.008203804774679298,10.974752362267342,11.003246756483724,1056,1.191252858809065,0.11622026301812598,0.0791472591704591,18.698524313859224,26.695747036341,0.05690661478599222,0.10894941634241245,0.05642023346303502,0.0622568093385214,0.5063229571984436,0.0038910505836575876,0,2,7.908927712744934
aes128_s015_openssl.bin,AES-128,aes128,544,openssl,269,78e8286e95e02e08,544,7.596744223792149,273.88235294117646,132.59558823529412,5473.78865700692,-0.09096763894051907,-1.2295147563419186,-0.06367174603685709,9.08112514655206,9.082149041353869,273,0.07121470239562666,0.05973557650467618,0.07597050852857289,19.318211577447794,25.044208317337855,0.09375,0.17095588235294118,0.06066176470588235,0.0625,0.5183823529411765,0.003676470588235294,3,2,7.595207550408607
mlkem768_s092_openssl.bin,ML-KEM-768,mlkem768,1088,openssl,270,3134b860258646fd,1088,7.830742994620113,243.2941176470588,127.01654411764706,5280.07509393923,0.0057858802333258935,-1.146493049852642,-0.02013105312825005,10.07693659301259,10.084808387804364,544,-0.0605505101027719,0.07396470418650995,0.07831400148581173,17.019596382841115,26.179438640699907,0.06801470588235294,0.12683823529411764,0.05698529411764706,0.04871323529411765,0.5018382352941176,0.007352941176470588,0,2,7.818104729495124
3des_s082_liboqs.bin,3DES,3des,4112,liboqs,271,03108c2876320232,4112,7.947000179255009,300.01556420233464,126.07587548638132,5322.778289603174,0.032353854342781894,-1.1632300849815407,-0.004964378897661784,11.948656072642224,12.004922678569045,2078,0.6670700135988221,0.08683601720847868,0.0794708979936216,17.211910605583945,25.4459069815344,0.05179961089494164,0.09849221789883268,0.061284046692607,0.05787937743190662,0.5,0.0029182879377431907,0,2,7.95733651642122
3des_s084_liboqs.bin,3DES,3des,4112,liboqs,272,0ab4d6eabe697d02,4112,7.961107800862901,223.4396887159533,127.477140077821,5342.586053299444,0.001946278114066959,-1.1845462981547807,-0.0021769207408627463,11.943910323431734,12.004922678569045,2078,0.6551129867866701,0.08090246385512476,0.07976653696498054,18.53679021514723,25.839507891704063,0.04912451361867704,0.0936284046692607,0.058122568093385216,0.058122568093385216,0.4965953307392996,0.002188715953307393,0,2,7.9558823007824575
aes128_s055_liboqs.bin,AES-128,aes128,272,liboqs,273,9608fabc65c09a54,272,7.26725052491479,236.23529411764704,124.0,5729.889705882353,0.024474805896793975,-1.2045199468479086,-0.15249626250376958,8.067388893752394,8.07681559705083,152,1.823374896910163,0.075703162801375,0.08054743492723031,13.063405893158636,22.98111036968252,0.10661764705882353,0.1948529411764706,0.08823529411764706,0.0625,0.49264705882352944,0.003676470588235294,5,2,7.199356733122554
chacha20_s063_openssl.bin,ChaCha20,chacha20,4112,openssl,274,aa59c81ad1fde275,4112,7.941422161559678,330.3968871595331,127.35554474708171,5463.054521784963,-0.010402616935662702,-1.1888284027414897,-0.005429948850302583,11.942515203632778,12.004922678569045,2079,0.6881000896982569,0.08999319227544693,0.08771735796143693,19.088515647260316,26.64687677245866,0.053501945525291826,0.10068093385214008,0.06566147859922179,0.057392996108949414,0.5068093385214008,0.0038910505836575876,0,2,7.956242794730148
chacha20_s086_liboqs.bin,ChaCha20,chacha20,528,liboqs,275,4638d55fb9fb1e3a,528,7.640272175408016,234.1818181818182,129.40151515151516,5446.263028007346,-0.055291132939838034,-1.202968787159556,-0.01126993263666451,9.03406901880989,9.038918989292302,268,0.28843089243368886,0.061077710214382956,0.07186994682200862,17.386060562156757,24.673305903738708,0.08522727272727272,0.1553030303030303,0.06628787878787878,0.056818181818181816,0.4772727272727273,0.003787878787878788,0,2,7.588658970869715
des_s038_liboqs.bin,DES,des,520,liboqs,276,8032eea97fb880ed,520,7.588518228767223,269.66153846153844,121.8576923076923,5429.848979289941,0.07724418003412167,-1.300084570511833,-0.0444195420987536,9.01959072835788,9.016808287686555,275,1.4358131792706021,0.18279230608502645,0.07236495277779531,17.21999359821303,25.325466782499376,0.1,0.17115384615384616,0.06153846153846154,0.03653846153846154,0.5,0.0019230769230769232,4,2,7.569092333823643
mlkem768_s058_openssl.bin,ML-KEM-768,mlkem768,1088,openssl,277,0e6255c27adf529b,1088,7.818872924231493,241.41176470588235,128.04136029411765,5363.6168555025415,0.054893896035415994,-1.2176379982380146,-0.050728647138779816,10.069576887400814,10.084808387804364,565,1.232786281587827,0.0648092006022213,0.08054743492723031,17.199740328247945,24.52656992237098,0.06801470588235294,0.1213235294117647,0.04871323529411765,0.06433823529411764,0.5211397058823529,0.0009191176470588235,0,2,7.801650078395904
aes256_s057_openssl.bin,AES-256,aes256,2064,openssl,278,06835971c6822838,2064,7.9005631237222245,276.9612403100775,127.67199612403101,5483.33960337983,-0.0016111284266306465,-1.190290251762798,-0.009506868558004408,10.977566399633455,11.009828617368107,1046,0.5739872975248549,0.08252947422429296,0.07900704306449421,19.18192753432656,27.37151597573767,0.05910852713178295,0.11046511627906977,0.06686046511627906,0.06201550387596899,0.4946705426356589,0.00048449612403100775,0,2,7.904327072971542
aes256_s021_openssl.bin,AES-256,aes256,4128,openssl,279,6c53ae1d500422ce,4128,7.95760588798776,246.32558139534885,128.77931201550388,5526.602217356135,-0.02147619706978341,-1.218164006487324,-0.01250290930479382,11.952659971006431,12.010528105886484,2091,0.8241239486552958,0.08607838083083674,0.09129506393884271,19.843073888232336,26.825216772741733,0.05062984496124031,0.09714147286821706,0.06031976744186047,0.06395348837209303,0.5036337209302325,0.00436046511627907,0,2,7.959961828268918
chacha20_s000_openssl.bin,ChaCha20,chacha20,2064,openssl,280,63e1e1a14c532e5c,2064,7.899593327199901,285.14728682170545,125.1172480620155,5594.547299403582,0.05658829715122201,-1.2280929730825527,-0.03647181629751611,10.985322095222404,11.009828617368107,1044,0.5534658448406307,0.07734962032354693,0.08660427508335011,17.51033057443697,25.467752314067948,0.06153100775193798,0.11288759689922481,0.06637596899224807,0.061046511627906974,0.5048449612403101,0.003391472868217054,0,2,7.906222772924938
des_s073_liboqs.bin,DES,des,1040,liboqs,281,4539a2cce8c61454,1040,7.8236813631726125,237.53846153846155,128.49134615384617,5477.449925110946,0.005369214936187774,-1.2239309225255137,-0.05491449947610553,10.007505444197763,10.019590728357882,531,0.6443268617458783,0.08946085032347717,0.08634593969478327,16.620288795029328,27.561370282366514,0.06634615384615385,0.12403846153846154,0.05096153846153846,0.06057692307692308,0.4740384615384615,0.0057692307692307696,0,2,7.817466634091625
chacha20_s001_openssl.bin,ChaCha20,chacha20,528,openssl,282,aab94ea344c5b3b8,528,7.663568223084934,224.48484848484847,130.29924242424244,5287.073332759413,-0.028064876807814363,-1.1748162222248386,0.028981033223338493,9.037864085223552,9.038918989292302,263,-0.14144580534167314,0.06839193214116586,0.06615245907792795,14.543761985251777,23.48130380140672,0.08333333333333333,0.1590909090909091,0.04924242424242424,0.0625,0.5189393939393939,0.003787878787878788,1,2,7.6248154868327
3des_s065_openssl.bin,3DES,3des,4112,openssl,283,f69cfa7efbccc849,4112,7.950573160968582,281.4630350194553,127.60967898832685,5288.299254566212,-0.024718636091079334,-1.168922128569516,0.009404182999043146,11.942634450773541,12.004922678569045,2055,-0.039323929239625834,0.07620525961744704,0.07601254706453814,18.66443086182857,26.381122437351657,0.05155642023346303,0.09703307392996109,0.0620136186770428,0.05252918287937743,0.498784046692607,0.002188715953307393,0,2,7.958937030032286
des_s099_liboqs.bin,DES,des,1040,liboqs,284,561196610d0343c3,1040,7.788248843911491,292.67692307692306,122.9875,5371.648882211539,0.047348404119026445,-1.1780100758447107,-0.039514289126776174,10.007505444197763,10.019590728357882,536,0.9750866551419529,0.08799362285492689,0.10857197547920847,16.757156909580686,22.377803058198953,0.07596153846153846,0.14038461538461539,0.07307692307692308,0.04807692307692308,0.5067307692307692,0.010576923076923078,0,2,7.818638289477194
aes256_s064_liboqs.bin,AES-256,aes256,1040,liboqs,285,488925dd941bcbd5,1040,7.822918285369982,241.96923076923076,122.775,5378.797451923077,0.0321985335298042,-1.1705665304818205,-0.02402857830666629,9.999805732936936,10.019590728357882,521,0.057855313237584104,0.07938372092519343,0.07749785261388417,16.696206674202745,27.225895302083273,0.07211538461538461,0.12884615384615383,0.075,0.051923076923076926,0.49423076923076925,0.0038461538461538464,0,2,7.808310915498917
aes256_s038_openssl.bin,AES-256,aes256,4128,openssl,286,d12bb76cd7768575,4128,7.956441187579809,248.43410852713177,126.3672480620155,5604.820070721411,0.008938053505379859,-1.2210192632558783,-0.007535636835435168,11.946177080892022,12.010528105886484,2041,-0.7462237634683004,0.08613765673724003,0.08944639667819664,18.46252244975873,26.298250698678768,0.050387596899224806,0.09471899224806202,0.07073643410852713,0.060077519379844964,0.5092054263565892,0.0048449612403100775,0,2,7.951150413322447
rsa2048_s043_openssl.bin,RSA-2048,rsa2048,256,openssl,287,801c2c1b2d9d0ece,256,7.257507031114783,218.0,115.97265625,5284.307846069336,0.23943897886862175,-1.1337813630718585,-0.02369278438685067,7.994353436858858,7.9886846867721655,122,-0.5710290460150017,0.08838834764831845,0.07287014885225637,22.870516645152794,26.942660729094406,0.1015625,0.1953125,0.05859375,0.05078125,0.50390625,0.0078125,2,1,7.154831083781934
mlkem768_s081_openssl.bin,ML-KEM-768,mlkem768,1088,openssl,288,cfdd36d4c3d7c877,1088,7.806370819058039,272.0,130.24908088235293,5439.308363125811,-0.046967756593062446,-1.1805574164523602,-0.03345109633499393,10.071416813803758,10.084808387804364,576,1.9036343396111932,0.075703162801375,0.08397738073897368,17.69353167216481,26.114296007296335,0.07077205882352941,0.1323529411764706,0.06066176470588235,0.06525735294117647,0.5376838235294118,0.0027573529411764708,0,2,7.8043420811087065
rsa2048_s082_liboqs.bin,RSA-2048,rsa2048,256,liboqs,289,fca4d04937098bf3,256,7.238052148336087,242.0,116.0859375,5913.687927246094,0.13082356417001806,-1.27596611614927,-0.028736886540958365,7.994353436858858,7.9886846867721655,130,0.48930174756975425,0.05412658773652741,0.0,20.986496716545947,29.342758860723947,0.125,0.21875,0.10546875,0.046875,0.5859375,0.0078125,6,1,7.183243289655803
rsa2048_s075_liboqs.bin,RSA-2048,rsa2048,256,liboqs,290,a8a86ad0c236c1f3,256,7.102882777499651,296.0,115.859375,5233.238037109375,0.2603409318465427,-1.146860114721892,0.07154235880433543,7.994353436858858,7.9886846867721655,125,-0.2847504633349612,0.10711960313126631,0.13975424859373686,15.463864443134032,24.06626898242382,0.13671875,0.23046875,0.05859375,0.04296875,0.4921875,0.00390625,8,2,7.13914480927213
des_s082_openssl.bin,DES,des,4112,openssl,291,c5f0524ab32f1f9b,4112,7.953347337641753,261.41634241245134,126.5148346303502,5366.147153474598,0.01038127166266556,-1.165654709399826,-0.023374074251871265,11.934969703752298,12.003949442559312,2074,0.5318096816055767,0.0789633826627357,0.07166164878098448,18.10971301251913,25.1218950502591,0.05009727626459144,0.0938715953307393,0.07028210116731518,0.05544747081712062,0.5002431906614786,0.0019455252918287938,0,2,7.944356817780655
aes256_s009_openssl.bin,AES-256,aes256,1056,openssl,292,240f94150afbe48f,1056,7.796126865768404,278.3030303030303,127.09375,5397.223218513258,-0.02389082991605744,-1.1857412615477616,-0.00020691076924963064,10.027861406817296,10.041659151637214,525,-0.24444787493892273,0.0941744402787565,0.10478638689761512,19.36058618909116,25.692079492070974,0.07481060606060606,0.13731060606060605,0.05776515151515151,0.052083333333333336,0.4933712121212121,0.005681818181818182,0,2,7.787748992233207
aes256_s010_openssl.bin,AES-256,aes256,544,openssl,293,ff1b13c7fc61048c,544,7.59093782567589,284.2352941176471,128.16360294117646,5060.214042901168,0.029224782553077,-1.050481952881123,-0.03189477986758303,9.08112514655206,9.082149041353869,282,0.7988906908957495,0.07435201623587016,0.06525087996065754,12.771788032831564,21.571947603679035,0.0974264705882353,0.17463235294117646,0.0625,0.05330882352941176,0.5238970588235294,0.001838235294117647,2,2,7.626359518042264
aes256_s069_openssl.bin,AES-256,aes256,288,openssl,294,f65e7854cfbd1730,288,7.196948732268586,277.3333333333333,137.10416666666666,5009.801649305556,-0.2139950896090662,-1.1376747878210847,-0.014663702223323843,8.164906926675688,8.159871336778389,138,-0.5083023203898006,0.07511565157216644,0.11023963796102461,17.456779465455693,24.890742157253747,0.11458333333333333,0.2013888888888889,0.034722222222222224,0.05555555555555555,0.4930555555555556,0.0,9,2,7.202915747222864
des_s075_liboqs.bin,DES,des,1040,liboqs,295,e09d8f1103239ba4,1040,7.834148103451727,217.84615384615384,123.95,5395.351346153847,0.040656931856607355,-1.2011337938447884,-0.010430382251786769,10.011355299828177,10.019590728357882,508,-0.6870330035106252,0.0666080417235973,0.06007884366082042,20.34065415709292,26.904306918581472,0.06634615384615385,0.1201923076923077,0.06923076923076923,0.046153846153846156,0.48846153846153845,0.0028846153846153848,0,1,7.819088637581102
chacha20_s052_openssl.bin,ChaCha20,chacha20,4112,openssl,296,1ee65715e49a5260,4112,7.954327513241708,254.94163424124514,125.98954280155642,5398.797799207312,0.03749716340131353,-1.190868549593575,-0.008499579681141645,11.936309955516911,12.004922678569045,2067,0.32754451851880106,0.08615528239550385,0.084404138658806,18.72796930658427,25.33442624275759,0.04912451361867704,0.0946011673151751,0.05982490272373541,0.05958171206225681,0.503647859922179,0.0038910505836575876,0,2,7.9628640753911375
des_s057_liboqs.bin,DES,des,520,liboqs,297,fe5338889faa7afa,520,7.564366746091256,268.67692307692306,125.91346153846153,5442.102126479291,0.02198559493334047,-1.1997083846605525,-0.006068389719653824,9.004176470169057,9.016808287686555,262,0.12173639615464406,0.18049267380204442,0.06661733875264912,19.2957066229028,24.365505281712014,0.09038461538461538,0.1673076923076923,0.05961538461538462,0.06153846153846154,0.5596153846153846,0.0057692307692307696,1,2,7.5667191566554
chacha20_s022_openssl.bin,ChaCha20,chacha20,1040,openssl,298,ccbdd239b3b2eb49,1040,7.864149086175105,177.96923076923076,127.7548076923077,5481.250457655325,0.03545922816852317,-1.1714399674681053,-0.0169114140846029,10.011355299828177,10.019590728357882,529,0.523661388180673,0.08404528224389292,0.09538151359720957,21.157861070041356,27.079172577148988,0.05961538461538462,0.11346153846153846,0.06538461538461539,0.07211538461538461,0.4740384615384615,0.0038461538461538464,0,2,7.818513104779876
mlkem768_s009_liboqs.bin,ML-KEM-768,mlkem768,1088,liboqs,299,8038b0363fc40468,1088,7.822737204583773,243.2941176470588,129.12591911764707,5377.0346958464,-0.034690323817338206,-1.1589980370811426,0.04266455206360556,10.06221718178904,10.084808387804364,522,-1.3845389804687147,0.07875257717706896,0.0866704061332815,19.31849116048463,26.838802984905563,0.0661764705882353,0.12224264705882353,0.058823529411764705,0.06709558823529412,0.4954044117647059,0.003676470588235294,0,2,7.833015966396784
3des_s066_liboqs.bin,3DES,3des,1032,liboqs,300,cd2503857e86d9eb,1032,7.825253547648744,238.5736434108527,126.42829457364341,5481.9580366264045,-0.019156386272815573,-1.226079045357962,0.004213203086116868,9.982670518435034,10.008428622070578,511,-0.37360566405720635,0.1370656129323497,0.06685344306457496,21.872846343687332,28.017932619205002,0.07073643410852713,0.13178294573643412,0.06492248062015504,0.04844961240310078,0.49806201550387597,0.007751937984496124,0,2,7.810708947889432
aes256_s082_openssl.bin,AES-256,aes256,544,openssl,301,9bb963e1f406ed1b,544,7.5773306883688925,273.88235294117646,131.00183823529412,5827.983452503244,-0.024139985014566965,-1.2429363440726053,-0.07497169998326751,9.073758664047455,9.082149041353869,286,1.1210603064502322,0.07937784095548335,0.10604562574894086,17.87669344414372,25.135281886582252,0.08455882352941177,0.15808823529411764,0.07536764705882353,0.07352941176470588,0.5055147058823529,0.003676470588235294,0,2,7.623917121036215
rsa2048_s007_liboqs.bin,RSA-2048,rsa2048,256,liboqs,302,2f00b25558d25727,256,7.179382031114783,246.0,131.16796875,5761.022567749023,-0.040045636530423555,-1.2568489313116715,-0.1534871712187152,7.994353436858858,7.9886846867721655,141,1.5297553411077554,0.0658292951029403,0.06051536478449089,17.903219076353235,21.932861185451237,0.109375,0.203125,0.05859375,0.078125,0.45703125,0.00390625,4,2,7.198929564165607
mlkem768_s048_liboqs.bin,ML-KEM-768,mlkem768,1088,liboqs,303,e985e8470e6126b9,1088,7.822942152750774,260.2352941176471,126.828125,5350.10005457261,0.04868361427411352,-1.1895853288175116,-0.027717517061815574,10.071416813803758,10.084808387804364,529,-0.9354847331128205,0.07543486959074702,0.07090919677200702,17.791891377314812,27.30419907467302,0.06985294117647059,0.13051470588235295,0.05974264705882353,0.05974264705882353,0.49724264705882354,0.008272058823529412,0,2,7.8104123590758086
des_s076_openssl.bin,DES,des,528,openssl,304,5026dd978138461f,528,7.570851142701632,281.6969696969697,123.51325757575758,5982.0263393882005,0.11081614336505355,-1.2870755256180968,0.012136706334091968,9.037864085223552,9.038918989292302,249,-1.3039901121423751,0.06943296507508849,0.0815934061687046,24.25171208799095,33.050424405797756,0.09090909090909091,0.16666666666666666,0.07386363636363637,0.07007575757575757,0.5170454545454546,0.007575757575757576,2,2,7.5795397415774834
aes256_s083_openssl.bin,AES-256,aes256,2064,openssl,305,aa66c34753d3bc8f,2064,7.909184494595471,254.88372093023256,127.77131782945736,5591.034913767201,-0.0006739976559252868,-1.226143307102697,-0.028099467815125324,10.977200482279038,11.009828617368107,1058,1.1071244035330352,0.08959937622682268,0.08704226034998014,16.371594296638097,26.205809629562008,0.05765503875968992,0.10949612403100775,0.06298449612403101,0.061046511627906974,0.4844961240310077,0.00436046511627907,0,2,7.903937899898674
rsa2048_s038_openssl.bin,RSA-2048,rsa2048,256,openssl,306,dbd0ec2c8738311c,256,7.141353369030761,272.0,128.890625,5356.097412109375,-0.0640564943780026,-1.1686700378265218,0.0925288447403717,7.994353436858858,7.9886846867721655,120,-1.0825169797860352,0.0625,0.09757809372497497,18.424869879543927,25.571776854266012,0.125,0.22265625,0.0625,0.046875,0.546875,0.00390625,9,2,7.169479466109423
rsa2048_s076_openssl.bin,RSA-2048,rsa2048,256,openssl,307,bc65fb59d7a204d7,256,7.216529589725435,246.0,135.3828125,5855.376892089844,-0.027437883057351363,-1.3394016155414943,0.06085718176762175,7.994353436858858,7.9886846867721655,117,-1.470969303306105,0.0933404079275349,0.1230201458988915,23.37533291666332,33.306166399254714,0.12109375,0.21484375,0.03125,0.08984375,0.4921875,0.00390625,5,2,7.221421083747997
aes256_s052_openssl.bin,AES-256,aes256,544,openssl,308,63f8e6beb13b56b6,544,7.679411838787179,210.8235294117647,125.04595588235294,5661.551196880407,0.0501495829912479,-1.2168018353751733,-0.028621582228008667,9.077441905299757,9.082149041353869,265,-0.6716107904310097,0.08700117328087671,0.08471851927796259,15.719444777823854,24.304147631649105,0.07720588235294118,0.14522058823529413,0.06985294117647059,0.06801470588235294,0.5238970588235294,0.011029411764705883,0,2,7.665437383509802
aes128_s021_liboqs.bin,AES-128,aes128,1056,liboqs,309,25c60725c7d9c2eb,1056,7.8320553071617045,234.1818181818182,123.8778409090909,5692.800418065599,0.04939034434269304,-1.2481845469841073,-0.02252858152044903,10.037340079803078,10.041659151637214,530,0.14075112996126496,0.08930650725915508,0.09620019014545678,20.287141606490827,27.517519668559128,0.07007575757575757,0.12973484848484848,0.07481060606060606,0.052083333333333336,0.4952651515151515,0.004734848484848485,0,2,7.827971744758873
3des_s071_liboqs.bin,3DES,3des,4112,liboqs,310,6fba8af7ab025a4a,4112,7.953515475155811,261.6653696498054,127.9421206225681,5398.71746709829,-0.014156172738656244,-1.1964025423865463,0.00042655075663875733,11.941358578115347,12.00443606056418,2061,0.13025984555806194,0.08328845942302793,0.0932080576037839,19.28746527686989,26.525724311873123,0.051070038910505836,0.0958171206225681,0.05933852140077821,0.054717898832684825,0.5107003891050583,0.003404669260700389,0,2,7.955976278606184
des_s078_openssl.bin,DES,des,1032,openssl,311,0be4c42ab44178ae,1032,7.83192380421308,236.09302325581396,126.97093023255815,5528.510782855598,-0.0021706763230557517,-1.2180903988895995,-0.0009450433337099845,10.005948888949098,10.008428622070578,522,0.31923986748000127,0.14396969409715557,0.0859731512124761,19.7264699544522,27.591793204419364,0.06589147286821706,0.12693798449612403,0.0687984496124031,0.05813953488372093,0.47674418604651164,0.0048449612403100775,0,2,7.814958399865302
rsa2048_s015_liboqs.bin,RSA-2048,rsa2048,256,liboqs,312,3d83f799f7c3b7e5,256,7.097274413893479,272.0,126.51953125,5282.273056030273,0.0007344845364776172,-1.0819132630296115,0.03943311739488381,7.986510299603956,7.9886846867721655,126,-0.3671335835182231,0.11873971994977081,0.12077831901359615,21.377737840353888,31.202277770405214,0.109375,0.203125,0.07421875,0.0625,0.48828125,0.00390625,4,2,7.162282591742287
aes128_s014_liboqs.bin,AES-128,aes128,544,liboqs,313,88d7edd715b7a495,544,7.613320249030944,263.52941176470586,125.3033088235294,5508.843665522275,0.0545601857925591,-1.2016212795774839,0.0001564843599776642,9.073758664047455,9.082149041353869,264,-0.7419053431084519,0.08637750091522596,0.07597050852857289,18.837584241200727,28.761285478234633,0.0900735294117647,0.1636029411764706,0.058823529411764705,0.0661764705882353,0.5238970588235294,0.003676470588235294,3,2,7.659260440005525
aes256_s060_openssl.bin,AES-256,aes256,544,openssl,314,18c69e2fbf55524e,544,7.658296604562873,239.05882352941177,131.3566176470588,5530.067676794983,-0.037894743354873466,-1.1650751391639749,-0.008327198319303326,9.08112514655206,9.082149041353869,287,1.204583763299371,0.07498558108224684,0.07597050852857289,19.714159875305374,26.55602658754717,0.08639705882352941,0.15992647058823528,0.0625,0.06433823529411764,0.5110294117647058,0.0055147058823529415,1,2,7.57125612815311
chacha20_s068_liboqs.bin,ChaCha20,chacha20,4112,liboqs,315,ae7fe492d55200df,4112,7.951132808867828,275.2373540856031,126.53550583657588,5541.344070074869,-0.004826070312993153,-1.210369134342452,-0.0056312273092627985,11.94719657373685,12.004922678569045,2061,0.12515178048573447,0.08464553356562772,0.08930469109595424,17.672697010844878,26.814662002064942,0.04912451361867704,0.09484435797665369,0.06785019455252918,0.05520428015564202,0.497568093385214,0.005107003891050584,0,2,7.956342847842425
mlkem768_s027_liboqs.bin,ML-KEM-768,mlkem768,1088,liboqs,316,8b39e361a61a3788,1088,7.8069503340350055,275.29411764705884,125.90992647058823,5219.517622053417,0.0195658136290089,-1.1457705470416952,0.017707182852542924,10.071416813803758,10.084808387804364,561,0.9964372498591412,0.07211413693357732,0.07090919677200702,19.018897162014923,26.997624194120238,0.07077205882352941,0.1332720588235294,0.05974264705882353,0.051470588235294115,0.4742647058823529,0.001838235294117647,0,2,7.85825516570133
3des_s080_liboqs.bin,3DES,3des,272,liboqs,317,754040809b14fbbe,272,7.186368171973614,260.70588235294116,130.6360294117647,5694.1432607050165,-0.05271966746610746,-1.1764001800964967,0.031052266640859326,8.074768967553133,8.07681559705083,130,-0.8428169282242234,0.09358766221586659,0.08854113660876688,20.184662604438483,26.731033126846157,0.11029411764705882,0.19852941176470587,0.0625,0.09558823529411764,0.4963235294117647,0.003676470588235294,6,1,7.245126578118525
mlkem768_s041_liboqs.bin,ML-KEM-768,mlkem768,1088,liboqs,318,be654012f4cfd077,1088,7.818178585768999,254.11764705882354,126.13970588235294,5702.0852616782,0.06011669728890384,-1.2548334245840105,-0.020829621030876856,10.075096666609646,10.084808387804364,563,1.1529647219254764,0.07352941176470588,0.07460155841067288,20.86485178885409,28.02359193060209,0.07077205882352941,0.12959558823529413,0.06341911764705882,0.06709558823529412,0.5055147058823529,0.001838235294117647,0,2,7.797243413213011
aes128_s048_openssl.bin,AES-128,aes128,2080,openssl,319,969186262651156e,2080,7.918716571142716,226.95384615384614,127.625,5477.984375,0.014832320002827405,-1.180462376428821,0.006411986090300708,10.98283090312669,11.020979938904212,1031,-0.4375902234449115,0.088058033428475,0.0917450803221274,17.930608767390773,25.375521025344334,0.05673076923076923,0.10576923076923077,0.05961538461538462,0.06778846153846153,0.4980769230769231,0.0038461538461538464,0,2,7.904842454413044
aes256_s077_openssl.bin,AES-256,aes256,1056,openssl,320,930b49259fe5a1cb,1056,7.799597954486047,264.72727272727275,125.51420454545455,5293.501692170283,0.002458099835523658,-1.1505205308954427,-0.0025469358713554272,10.0145912646372,10.041659151637214,532,0.18519394099292863,0.07900247581293261,0.07934227297595989,17.190563760868766,25.741322492202205,0.06723484848484848,0.1278409090909091,0.06818181818181818,0.048295454545454544,0.5047348484848485,0.005681818181818182,0,2,7.822422624097556
aes256_s081_openssl.bin,AES-256,aes256,2080,openssl,321,257143e3daeb2d2b,2080,7.920179760823416,223.75384615384615,128.45673076923077,5514.6942816198225,-0.02376936414137456,-1.1932366375620027,-0.0005574175927017712,10.987042008226336,11.020979938904212,1037,-0.17036953038703737,0.07194293333368608,0.07935459890178959,19.71918062457053,26.768528861128196,0.057692307692307696,0.10673076923076923,0.06538461538461539,0.06201923076923077,0.46634615384615385,0.005288461538461539,0,3,7.901586594226398
3des_s033_openssl.bin,3DES,3des,1032,openssl,322,f82599dd0ff5e8ba,1032,7.812517284261344,250.97674418604652,129.8701550387597,5617.812597650382,-0.06738259895597754,-1.255240014905715,0.01793826978183772,9.996249567901572,10.008428622070578,508,-0.5221126668782432,0.1636311337398665,0.08808773780901948,21.200430001500457,27.104960371123013,0.06395348837209303,0.12306201550387597,0.06298449612403101,0.05426356589147287,0.5232558139534884,0.005813953488372093,0,2,7.811330549947097
aes128_s077_liboqs.bin,AES-128,aes128,1056,liboqs,323,cbdf87f836aa9d71,1056,7.76370792299513,331.1515151515151,127.20454545454545,5403.895661157025,0.009145429889406797,-1.167565738239874,-0.03630818892579091,10.029757141414452,10.041659151637214,564,2.1651985641766114,0.0844450636727574,0.07449227439127704,17.422544177780743,25.97154471035316,0.07386363636363637,0.13541666666666666,0.07102272727272728,0.05776515151515151,0.5018939393939394,0.004734848484848485,0,2,7.831956114852666
aes128_s063_openssl.bin,AES-128,aes128,1056,openssl,324,6e36d87d444dfc51,1056,7.814644254922714,258.90909090909093,122.92897727272727,5670.23264516615,0.0683059957344795,-1.2115476048678613,0.02777842059472444,10.033548610608765,10.041659151637214,502,-1.626630869486333,0.08939714940307536,0.07563911192316614,18.64761784575856,27.866400329523028,0.06723484848484848,0.1278409090909091,0.07196969696969698,0.0625,0.46875,0.002840909090909091,0,2,7.781022913113502
rsa2048_s014_openssl.bin,RSA-2048,rsa2048,256,openssl,325,66e7710873f036b8,256,7.208326990232819,246.0,128.83984375,6094.478256225586,0.013731712657268382,-1.3357194404992583,-0.016607993665580738,7.994353436858858,7.9886846867721655,135,0.7524995204054364,0.05793905068043487,0.0,17.53312947743388,25.62854842761946,0.12109375,0.21484375,0.0703125,0.0859375,0.53515625,0.00390625,6,1,7.173086072142929
rsa2048_s057_openssl.bin,RSA-2048,rsa2048,256,openssl,326,58e89af219eaa17d,256,7.19510793560292,252.0,128.6015625,5412.013122558594,-0.013182099636985167,-1.2677681289021796,-0.013764691299600545,7.994353436858858,7.9886846867721655,126,-0.3757374638391592,0.10568554108178659,0.06051536478449089,19.707552721668506,27.113502702686603,0.1171875,0.2109375,0.0390625,0.0546875,0.515625,0.0,4,2,7.1105792699970545
3des_s088_openssl.bin,3DES,3des,4112,openssl,327,d0a880816c5e985d,4112,7.962605410874106,208.6225680933852,129.37086575875486,5521.956573374975,-0.02958274279488954,-1.2296957576544874,-0.026995149522777602,11.944277575926098,12.00443606056418,2123,2.1189811118538753,0.08690882159276288,0.07625474720315957,17.0881168407723,24.306526364538286,0.04912451361867704,0.09265564202334631,0.05666342412451362,0.05885214007782101,0.5094844357976653,0.0038910505836575876,0,2,7.954861431184823
rsa2048_s033_openssl.bin,RSA-2048,rsa2048,256,openssl,328,b04cc36a5746de98,256,7.161689355282827,258.0,133.3359375,5605.465270996094,-0.13013226465044056,-1.2141720280604735,0.039355501342155666,7.994353436858858,7.9886846867721655,118,-1.3202586882700562,0.09600160724566022,0.07287014885225637,15.291597260500414,28.257248750251566,0.109375,0.203125,0.0625,0.06640625,0.46875,0.01171875,4,2,7.081129171940871
3des_s037_openssl.bin,3DES,3des,2056,openssl,329,501ad7974f9c06ed,2056,7.910639196007017,246.75486381322958,126.0170233463035,5391.909729660933,0.02559318780026887,-1.206948067163187,-0.02122186119025132,10.96951884036848,11.004220466318195,1024,-0.20517124957817962,0.12030800217905335,0.0814220348554147,19.72765430284885,26.501195545886656,0.055933852140077824,0.10651750972762646,0.054474708171206226,0.054474708171206226,0.4985408560311284,0.0048638132295719845,0,2,7.922061728358935
des_s071_liboqs.bin,DES,des,520,liboqs,330,2802cc058e991cd1,520,7.6388764929839565,234.2153846153846,128.5346153846154,5338.348801775148,-0.04214663049630046,-1.154589705695675,0.024337825533607825,9.00032290562185,9.016808287686555,259,-0.17424054660479296,0.18704683975821948,0.07749785261388417,17.61382779302948,25.233300910742358,0.08846153846153847,0.1576923076923077,0.06923076923076923,0.05384615384615385,0.5269230769230769,0.0038461538461538464,1,2,7.562969041621684
3des_s062_openssl.bin,3DES,3des,4112,openssl,331,d09e9e813985818d,4112,7.945942506651143,302.63035019455253,127.52480544747081,5420.716797141137,0.002814583951004217,-1.1989692605915205,0.00406458146138162,11.94166145150329,12.004922678569045,2029,-0.8668019890907774,0.07682166198401859,0.08358403245422735,18.064400202609775,26.751886228655785,0.051313229571984434,0.09727626459143969,0.05958171206225681,0.05763618677042802,0.5155642023346303,0.004134241245136187,0,2,7.955187919885456
rsa2048_s067_openssl.bin,RSA-2048,rsa2048,256,openssl,332,f06f014cc4adbcee,256,7.119440710927493,270.0,124.171875,5572.204833984375,0.030468144681116843,-1.2632585563750003,0.011122054389745138,7.986510299603956,7.9886846867721655,129,0.0039148914619707076,0.09851187666342572,0.06051536478449089,21.192644333072856,28.446749011035955,0.12109375,0.21484375,0.07421875,0.0546875,0.5,0.0,6,2,7.155324013268494
aes256_s051_liboqs.bin,AES-256,aes256,2064,liboqs,333,d9180a3e28a70246,2064,7.907343413135235,255.62790697674419,125.14050387596899,5488.561654009675,0.034910081408379354,-1.2026842578885502,0.004769102043282986,10.980474785479311,11.008858685263355,1016,-0.7282445915203851,0.08198827601443381,0.07776125057263131,18.87821958880149,26.43372401769723,0.05910852713178295,0.10949612403100775,0.06395348837209303,0.05813953488372093,0.4941860465116279,0.006298449612403101,0,2,7.891156853915698
des_s046_openssl.bin,DES,des,4112,openssl,334,cbdb8d1141ce4a3e,4112,7.952203555302844,268.88715953307394,127.73249027237354,5387.268905471695,0.022926518333125607,-1.1863521967860997,-0.02171873839518756,11.942937324161484,12.004922678569045,2111,1.6845587383360372,0.07144170973769244,0.0734178066974391,17.641324085542742,24.458316846462832,0.049854085603112844,0.09533073929961089,0.05642023346303502,0.0610408560311284,0.4961089494163424,0.002188715953307393,0,2,7.955464473102806
chacha20_s013_liboqs.bin,ChaCha20,chacha20,1040,liboqs,335,c0bd8343236a9b61,1040,7.801328926010452,266.5846153846154,129.21153846153845,5507.953328402366,0.016873820024420904,-1.219930862541851,-0.005076669053971162,10.00677889222263,10.019590728357882,516,-0.30917257396393216,0.09906185081040127,0.0878759917042143,20.9168617925472,26.445607486413387,0.06826923076923076,0.12884615384615383,0.05384615384615385,0.06153846153846154,0.49038461538461536,0.004807692307692308,0,2,7.792188388208576
aes128_s009_openssl.bin,AES-128,aes128,272,openssl,336,f6bd99eb6bea3868,272,7.148869161163982,285.1764705882353,134.56617647058823,5003.7897383218,-0.13760801431221253,-1.0831742284074224,-0.023261186279711542,8.067388893752394,8.07681559705083,136,0.0541757090848536,0.075703162801375,0.08054743492723031,14.936638090261354,21.208962002044142,0.125,0.21691176470588236,0.04779411764705882,0.05514705882352941,0.5220588235294118,0.007352941176470588,9,1,7.214869268376016
rsa2048_s078_openssl.bin,RSA-2048,rsa2048,256,openssl,337,eda540b9f5d612bf,256,7.076395593706188,290.0,130.7265625,5502.456481933594,-0.10082648103394189,-1.10629498584374,-0.10413256809894045,7.978667162349054,7.9886846867721655,144,1.9324351162272921,0.05412658773652741,0.06051536478449089,13.81341687779833,23.127331755329966,0.125,0.21875,0.0859375,0.0625,0.546875,0.0,7,1,7.2093414152717
aes128_s033_openssl.bin,AES-128,aes128,272,openssl,338,0b441f75bde7c35b,272,7.250470161250011,253.1764705882353,129.31985294117646,5785.908723507785,0.05047862166649614,-1.256309793767661,-0.02907534735563356,8.08214904135387,8.07681559705083,132,-0.599713848184999,0.07352941176470588,0.08054743492723031,15.461183641970191,28.34641912454298,0.1213235294117647,0.20955882352941177,0.051470588235294115,0.08823529411764706,0.4963235294117647,0.0,6,1,7.172158174019567
rsa2048_s022_openssl.bin,RSA-2048,rsa2048,256,openssl,339,69549c91375d1dcc,256,7.241491931622167,228.0,130.46875,4953.2880859375,-0.03826287152902236,-1.0977529696210564,0.039294250366756454,7.994353436858858,7.9886846867721655,134,0.6425147601823136,0.05793905068043487,0.06051536478449089,14.11948523428705,24.401868204606792,0.109375,0.203125,0.04296875,0.0546875,0.5234375,0.0078125,3,2,7.206381072125961
3des_s060_liboqs.bin,3DES,3des,4112,liboqs,340,593cea9acc2e32f5,4112,7.957070795009535,242.73929961089493,129.66318093385215,5548.908683266874,-0.04092004101845632,-1.2184724252104044,0.01172674699867448,11.935639829634605,12.004922678569045,2030,-0.7918021097598846,0.08686332686330757,0.08706231195029929,18.913748769940824,26.84288475940249,0.04961089494163424,0.09484435797665369,0.060797665369649805,0.0632295719844358,0.5031614785992218,0.003404669260700389,0,2,7.947180673532797
aes256_s087_liboqs.bin,AES-256,aes256,1056,liboqs,341,8f76acffe2824d30,1056,7.807739300904032,267.1515151515151,126.93939393939394,5245.719811753903,-0.00034607717576723234,-1.1041107410563364,-0.06556497556460336,10.02027846842867,10.041659151637214,568,2.4014224588297557,0.07556794448204547,0.07449227439127704,16.88451600972591,23.629396160085562,0.06818181818181818,0.1278409090909091,0.06439393939393939,0.054924242424242424,0.4962121212121212,0.004734848484848485,0,2,7.826993907932568
mlkem768_s008_liboqs.bin,ML-KEM-768,mlkem768,1088,liboqs,342,cf63d20f663bf738,1088,7.852256274774962,216.47058823529412,129.88694852941177,5517.920123776763,-0.08500296232610009,-1.20819319431804,0.018013016907286072,10.069576887400814,10.084808387804364,540,-0.24475784378826454,0.06228336156653462,0.06816358903580573,18.410462033523004,26.679447911685706,0.06709558823529412,0.12316176470588236,0.06801470588235294,0.05514705882352941,0.48621323529411764,0.0009191176470588235,0,2,7.826208804457014
des_s023_liboqs.bin,DES,des,4112,liboqs,343,5bc0135864412bd4,4112,7.955999847377977,243.61089494163423,127.92023346303502,5453.422625626429,0.011463204486081924,-1.1919321671092422,-0.008740056281920393,11.94536982233711,12.003462824554447,2062,0.1563449021585041,0.08752680640313662,0.07274287585929928,19.278733240136077,26.62505862407402,0.047665369649805445,0.09241245136186771,0.058122568093385216,0.0646887159533074,0.4970817120622568,0.0036478599221789884,0,2,7.953865702441776
aes256_s055_openssl.bin,AES-256,aes256,544,openssl,344,8c0c1be38710c53f,544,7.607335622186234,260.70588235294116,125.38051470588235,5501.459987970372,0.0402635616173417,-1.2165479607538274,0.008776491601813813,9.08112514655206,9.082149041353869,278,0.4371784391618609,0.06452179696611854,0.058823529411764705,17.517476617688242,25.745836273013982,0.08272058823529412,0.15625,0.05698529411764706,0.04779411764705882,0.48713235294117646,0.003676470588235294,1,2,7.573600564163947
mlkem768_s031_openssl.bin,ML-KEM-768,mlkem768,1088,openssl,345,21d7233030915e1a,1088,7.814854300713593,260.2352941176471,125.03216911764706,5464.222310736105,0.05661640242928555,-1.1891589038721924,0.010776127502837279,10.075096666609646,10.084808387804364,550,0.33586396391415024,0.0902844803622854,0.09385760182676141,18.627188150699133,25.79137165984778,0.0661764705882353,0.125,0.06709558823529412,0.06893382352941177,0.4954044117647059,0.001838235294117647,0,2,7.834637890189677
3des_s013_liboqs.bin,3DES,3des,1040,liboqs,346,ea9b5f1b963fcf5a,1040,7.797226455005233,284.8,125.65096153846154,5250.86759522929,0.057953162966948406,-1.09580778884965,-0.020109076293284737,10.005580516382556,10.019590728357882,533,0.7841675167406245,0.07531983087525439,0.09538151359720957,17.168501360901885,24.54725963944271,0.07692307692307693,0.13942307692307693,0.0625,0.06346153846153846,0.4875,0.004807692307692308,1,2,7.814136205255719
3des_s058_liboqs.bin,3DES,3des,264,liboqs,347,29b2de4a098d93cb,264,7.041812456598063,337.2121212121212,125.25,5755.793560606061,0.09462124852344586,-1.228139419940746,0.01539127736578987,8.016105301079374,8.03342300153745,128,-0.5724667456417559,0.28956474667503207,0.10220255729721243,22.594971493851425,28.91584249109296,0.14772727272727273,0.24242424242424243,0.06818181818181818,0.056818181818181816,0.5378787878787878,0.0,9,2,7.163717219312358
mlkem768_s082_openssl.bin,ML-KEM-768,mlkem768,1088,openssl,348,97a3dd85d15f3a26,1088,7.843372330876696,224.0,128.11856617647058,5430.5603905912085,-0.04919641392853955,-1.1677087544855715,-0.011763541793100052,10.078776519415534,10.084808387804364,541,-0.2386619385757802,0.07738075433768084,0.06525087996065754,16.228903655049695,25.08228791888054,0.0661764705882353,0.125,0.06985294117647059,0.05514705882352941,0.5174632352941176,0.007352941176470588,0,2,7.817639414447208
mlkem768_s049_openssl.bin,ML-KEM-768,mlkem768,1088,openssl,349,3d49dd2ec954af2f,1088,7.832090789934346,240.0,127.65900735294117,5586.303760779358,-0.022702587392438228,-1.2114783214079177,-0.03741400232030029,10.065897034594926,10.084808387804364,552,0.43186287817766833,0.07119454680528339,0.07597050852857289,19.776506998704267,26.70266852177455,0.07077205882352941,0.12959558823529413,0.06433823529411764,0.0661764705882353,0.484375,0.004595588235294118,0,2,7.81115056390013
chacha20_s032_liboqs.bin,ChaCha20,chacha20,528,liboqs,350,de96ada1838c8b6a,528,7.63865468258758,244.84848484848484,130.66666666666666,5299.972222222223,-0.018076471853011287,-1.1761970811536158,-0.06283111356120123,9.037864085223552,9.038918989292302,282,1.5162461563261562,0.06839193214116586,0.0815934061687046,15.922231000247816,20.78754058166438,0.08143939393939394,0.1571969696969697,0.04734848484848485,0.06439393939393939,0.48484848484848486,0.001893939393939394,1,2,7.636023253288313
aes128_s060_liboqs.bin,AES-128,aes128,4112,liboqs,351,395959a7387992a3,4112,7.9552944051383365,248.59143968871595,127.90393968871595,5609.7317743621215,-0.01306233109806166,-1.2256864400354013,-0.026719692380833097,11.944764075561222,12.004922678569045,2074,0.5305246866434492,0.09598609406997881,0.08701333320961584,17.320332522667655,24.91973096827857,0.04815175097276265,0.09265564202334631,0.0646887159533074,0.058365758754863814,0.5051070038910506,0.005350194552529183,0,2,7.951607245098487
des_s055_liboqs.bin,DES,des,2056,liboqs,352,86d4b5e4032f0159,2056,7.9100982725670415,240.28015564202335,130.6624513618677,5490.277111500553,-0.0665564992137883,-1.2120961341554155,0.0008086227292827744,10.971832654238145,11.004220466318195,1007,-0.8928236397866681,0.12075724981098344,0.07729638336699973,20.01544915428994,26.92867787768,0.05496108949416342,0.10505836575875487,0.06420233463035019,0.05496108949416342,0.5038910505836576,0.003404669260700389,0,2,7.905096379154132
mlkem768_s015_liboqs.bin,ML-KEM-768,mlkem768,1088,liboqs,353,42fe3cfa519f47e9,1088,7.853329808282024,213.64705882352942,128.26654411764707,5510.745130703936,-0.03294506158433513,-1.1986579344502108,0.011662660013492008,10.075096666609646,10.084808387804364,527,-1.0880307816566992,0.0777271448269655,0.08606396993176195,20.43919374178517,26.09143199823731,0.06525735294117647,0.12408088235294118,0.06709558823529412,0.05238970588235294,0.5183823529411765,0.003676470588235294,0,2,7.801109588383561
aes256_s071_liboqs.bin,AES-256,aes256,2080,liboqs,354,2ab6c0a294a91aa4,2080,7.912353956012063,245.16923076923078,129.92932692307693,5674.541639931584,-0.04245869902181029,-1.2423281871076388,0.021438499685380554,10.988239807647055,11.020979938904212,1024,-0.6577207792979972,0.08385254915624211,0.08428695000311971,17.197193749687045,27.04065436503479,0.05480769230769231,0.10528846153846154,0.06394230769230769,0.06298076923076923,0.49759615384615385,0.0028846153846153848,0,2,7.917681925962044
3des_s070_openssl.bin,3DES,3des,4112,openssl,355,7d93ff0017ba34d5,4112,7.953902884046192,265.5252918287938,126.17120622568093,5542.790727338794,0.02465903435441348,-1.218744531990972,-0.025459181417138675,11.93965107385637,12.004922678569045,2104,1.4800377333866754,0.09211441200303486,0.09181155774002471,18.733668930810694,26.220959574657766,0.051313229571984434,0.09776264591439689,0.06371595330739299,0.05860894941634241,0.49221789883268485,0.005107003891050584,0,2,7.954740986139981
mlkem768_s051_liboqs.bin,ML-KEM-768,mlkem768,1088,liboqs,356,6f68d15aad4220f2,1088,7.841004837693316,221.64705882352942,128.55698529411765,5297.175061499784,-0.01157992234067579,-1.1644425839080574,-0.04484624193547223,10.075096666609646,10.084808387804364,556,0.6745626774841263,0.07251133427689713,0.062147579060209436,17.408755480565997,25.69908528126831,0.06801470588235294,0.11948529411764706,0.05606617647058824,0.058823529411764705,0.5404411764705882,0.0027573529411764708,0,2,7.846147647952595
rsa2048_s026_openssl.bin,RSA-2048,rsa2048,256,openssl,357,d4cb2aa04fc25204,256,7.197955810420109,240.0,127.95703125,5721.275497436523,-0.03660481845081437,-1.21106851764577,0.009334352752362971,7.986510299603956,7.9886846867721655,130,0.1608259771614675,0.05793905068043487,0.06051536478449089,20.64021359769318,30.412746758641735,0.109375,0.203125,0.078125,0.0546875,0.53515625,0.0078125,4,1,7.195730925126527
des_s079_liboqs.bin,DES,des,1040,liboqs,358,5610d14cd471f87a,1040,7.817195083422153,239.01538461538462,128.0730769230769,5525.2927366863905,0.016970466441912305,-1.246595756475197,0.0037175973452197803,10.011355299828177,10.019590728357882,525,0.26021742164774464,0.08341867878784212,0.09111813646524718,19.34486667036201,27.924368943937832,0.06442307692307692,0.12115384615384615,0.05673076923076923,0.06057692307692308,0.5288461538461539,0.0009615384615384616,0,2,7.846773470633027
aes128_s090_openssl.bin,AES-128,aes128,288,openssl,359,afdfa1a0a82a6d90,288,7.256827595108296,252.44444444444446,133.56597222222223,5330.808147665895,-0.1594128208345054,-1.1294021506963219,0.021074266185570158,8.157938285560705,8.159871336778389,152,1.0219910110250532,0.0858980338670346,0.08645763609714398,15.20879668561022,22.619234342683406,0.1076388888888889,0.1909722222222222,0.04861111111111111,0.06944444444444445,0.53125,0.006944444444444444,6,2,7.192530904047442
aes128_s089_openssl.bin,AES-128,aes128,544,openssl,360,04b2b08d9184fd6e,544,7.581991871099036,278.5882352941176,124.94301470588235,5334.730208558607,0.033415945925075435,-1.1726915331270074,0.02090499118239464,9.08112514655206,9.082149041353869,266,-0.5897263738465084,0.08700117328087671,0.08471851927796259,19.813969186382153,27.40941324912937,0.08823529411764706,0.16176470588235295,0.06985294117647059,0.04595588235294118,0.46875,0.001838235294117647,1,2,7.609423314650472
aes256_s030_openssl.bin,AES-256,aes256,2064,openssl,361,59d3e0fca7161031,2064,7.904511432420694,263.3178294573643,128.4171511627907,5497.860384132189,-0.04407790433975089,-1.2101631215625215,0.03652115189924041,10.983383171325167,11.009828617368107,1006,-1.1687770759571012,0.0822217187426218,0.07900704306449421,19.834567685379724,27.31168528354736,0.0562015503875969,0.1065891472868217,0.07218992248062016,0.0562015503875969,0.48304263565891475,0.0009689922480620155,0,2,7.9095604403944035
des_s091_openssl.bin,DES,des,1040,openssl,362,fb09202c5e38cdce,1040,7.842946094430858,220.8,125.26057692307693,5531.523445821006,0.026999706110096396,-1.220642026349929,0.04649268351058363,10.011355299828177,10.019590728357882,501,-1.2408299435678158,0.0824010972524175,0.08428695000311971,18.819721554228646,27.8571218737729,0.06634615384615385,0.125,0.07019230769230769,0.05384615384615385,0.5182692307692308,0.0019230769230769232,0,2,7.8021631695978195
3des_s078_liboqs.bin,3DES,3des,520,liboqs,363,7664a72645d17376,520,7.5986907296142645,252.92307692307693,127.3423076923077,5401.80974852071,0.015446761707835823,-1.1765985220556958,0.05938218891735164,9.01959072835788,9.016808287686555,259,-0.17524578038308386,0.1741600595844341,0.06007884366082042,22.430585424304983,30.09769570884536,0.09230769230769231,0.16346153846153846,0.06153846153846154,0.05961538461538462,0.5038461538461538,0.0057692307692307696,2,2,7.593152990920009
chacha20_s009_openssl.bin,ChaCha20,chacha20,272,openssl,364,a147e9bc88bbc484,272,7.206624697724815,253.1764705882353,122.40441176470588,5322.74821583045,0.046416952530109266,-1.2169440481594576,0.06754617905773892,8.08214904135387,8.07681559705083,126,-1.2836994547518532,0.08511644781463401,0.11029411764705882,18.5201613814555,29.36802261976716,0.11029411764705882,0.19852941176470587,0.058823529411764705,0.04779411764705882,0.45588235294117646,0.0,6,2,7.175920351173271
mlkem768_s026_liboqs.bin,ML-KEM-768,mlkem768,1088,liboqs,365,d15c53cdee9347ae,1088,7.816562689701475,265.4117647058824,130.04779411764707,5310.014259839965,0.011627521722630431,-1.165445412699614,-0.02308008737906943,10.069576887400814,10.084808387804364,565,1.213351934490386,0.08706689889170534,0.08471851927796259,19.372536363905674,25.889373577816247,0.07169117647058823,0.1323529411764706,0.050551470588235295,0.07536764705882353,0.5055147058823529,0.0,0,2,7.804478957470598
rsa2048_s065_openssl.bin,RSA-2048,rsa2048,256,openssl,366,bb093457f3b8d378,256,7.26453933212955,236.0,134.5546875,5266.450134277344,-0.12968684844539466,-1.1401406174678468,-0.02883432850418388,7.986510299603956,7.9886846867721655,120,-1.0357104565950368,0.07287014885225637,0.04349815908460954,19.549240152173276,26.644614574803736,0.125,0.2109375,0.0546875,0.0703125,0.4765625,0.00390625,4,2,7.197007113202183
rsa2048_s034_openssl.bin,RSA-2048,rsa2048,256,openssl,367,7dc3c9c9b563e997,256,7.154520593706188,262.0,134.37890625,5616.735336303711,-0.11965643840217154,-1.270011258203867,0.0857685494703648,7.986510299603956,7.9886846867721655,118,-1.2478127678724378,0.07654655446197431,0.09077304717673633,18.794809330985135,26.442162790181534,0.1171875,0.2109375,0.046875,0.06640625,0.48046875,0.0,5,2,7.038816146819292
rsa2048_s063_openssl.bin,RSA-2048,rsa2048,256,openssl,368,83cf3bd77fe3bcac,256,7.196040869030761,238.0,124.55859375,5036.941879272461,0.03041724910464653,-1.081601139214359,-0.1274752577788891,7.986510299603956,7.9886846867721655,128,-0.0069005437607873995,0.05412658773652741,0.07287014885225637,16.608198581779902,22.806784052200584,0.109375,0.203125,0.05859375,0.05078125,0.49609375,0.00390625,4,1,7.2220673466357646
aes128_s087_openssl.bin,AES-128,aes128,544,openssl,369,6c664d0fc3843356,544,7.596070105675698,269.1764705882353,124.7904411764706,5534.820055687716,0.05588681459123431,-1.210783241435302,-0.0004918359940628997,9.08112514655206,9.082149041353869,280,0.6332105228233987,0.06789038717874775,0.07090919677200702,19.060154643285337,27.807046236405597,0.08823529411764706,0.16176470588235295,0.07169117647058823,0.051470588235294115,0.48161764705882354,0.012867647058823529,3,2,7.619623159208708
chacha20_s030_openssl.bin,ChaCha20,chacha20,4112,openssl,370,255bb1fbd2305a5c,4112,7.9627541700117765,210.11673151750972,127.1262159533074,5454.837425564259,-0.003371820660838145,-1.2142928787710672,-0.001042764249680228,11.952364443476046,12.004922678569045,2083,0.8177924064982567,0.08985090202133861,0.08358403245422735,18.388766921309422,25.56129915182033,0.04790856031128405,0.0911964980544747,0.05982490272373541,0.05423151750972763,0.49343385214007784,0.0036478599221789884,0,2,7.950986818254475
aes128_s020_openssl.bin,AES-128,aes128,528,openssl,371,1a527db0654bd0b7,528,7.62328234420842,237.0909090909091,122.98295454545455,5615.039482179753,0.08763577207590041,-1.2141095192847897,-0.042347092007537855,9.037864085223552,9.038918989292302,263,-0.09009312112285169,0.07556794448204547,0.0815934061687046,15.413287452598123,22.105173088114682,0.08143939393939394,0.15151515151515152,0.07196969696969698,0.054924242424242424,0.509469696969697,0.001893939393939394,1,2,7.581496850355831
mlkem768_s000_openssl.bin,ML-KEM-768,mlkem768,1088,openssl,372,4f900b595a9bae79,1088,7.823459215356631,242.35294117647058,126.79779411764706,5548.2366863105535,0.027325643464906697,-1.1829132617571474,-0.0098795109616141,10.075096666609646,10.084808387804364,540,-0.2993311416529887,0.09204035122882387,0.08806279093384915,16.628707561649154,24.952528729309666,0.06525735294117647,0.12408088235294118,0.06985294117647059,0.0661764705882353,0.49080882352941174,0.001838235294117647,0,2,7.829113214158267
mlkem768_s029_liboqs.bin,ML-KEM-768,mlkem768,1088,liboqs,373,dbd498cd21026120,1088,7.834660008069751,231.05882352941177,129.0735294117647,5354.457828719724,-0.04403511648630521,-1.154551919177708,0.021952591567361752,10.060377255386095,10.084808387804364,526,-1.1136789259469064,0.08129906024814698,0.07951297335986092,18.123209030355483,24.27859172645158,0.06985294117647059,0.12591911764705882,0.0625,0.05974264705882353,0.4963235294117647,0.0009191176470588235,0,2,7.825708217631019
3des_s017_liboqs.bin,3DES,3des,2056,liboqs,374,bb829b9cf1077aaf,2056,7.900363258009424,278.63035019455253,127.42461089494164,5419.110075237702,-0.00018928720149825504,-1.1871539654799064,0.030145274657824638,10.983511486354933,11.004220466318195,987,-1.8529503252902466,0.11716758843185615,0.08027502348551656,18.80762063512262,26.098063531267222,0.05933852140077821,0.11235408560311284,0.06663424124513619,0.05398832684824903,0.4985408560311284,0.0038910505836575876,0,2,7.911545253837472
aes256_s024_openssl.bin,AES-256,aes256,2080,openssl,375,bfe3e372e9d6bdae,2080,7.912775834806632,249.84615384615384,130.62451923076924,5659.286418038092,-0.0558462349602384,-1.227709965633089,0.005871794707575808,10.988966010150339,11.020979938904212,1033,-0.29353984298677077,0.08230842639864439,0.075,18.782064724031464,26.78493292842824,0.05913461538461538,0.10961538461538461,0.06826923076923076,0.06442307692307692,0.4985576923076923,0.004807692307692308,0,2,7.9081619468331334
rsa2048_s080_openssl.bin,RSA-2048,rsa2048,256,openssl,376,846d2501ce559d94,256,7.210241931622167,240.0,122.73046875,5405.517196655273,0.04953418867808324,-1.1978219842066518,-0.08412455146310517,7.994353436858858,7.9886846867721655,138,1.1366455745724187,0.09375,0.125,15.528227176126656,20.08646128923717,0.11328125,0.20703125,0.07421875,0.046875,0.48046875,0.0,4,2,7.168594907328314
chacha20_s011_liboqs.bin,ChaCha20,chacha20,272,liboqs,377,9971516aabccca01,272,7.267856396372071,245.64705882352942,122.9154411764706,5259.18770274654,0.012697311472410346,-1.1392649604492902,-0.06867669328368879,8.08214904135387,8.07681559705083,151,1.7048338070892735,0.07128940966788719,0.08054743492723031,19.97366074865652,30.36954866037319,0.1213235294117647,0.20955882352941177,0.07720588235294118,0.04044117647058824,0.5183823529411765,0.003676470588235294,6,2,7.28806189923808
3des_s073_openssl.bin,3DES,3des,264,openssl,378,f9e96f555f44ffc1,264,7.140921536281322,290.6666666666667,128.53787878787878,5664.278868227731,-0.04434707212250426,-1.2576086215864177,0.06939931087271978,8.038918989292302,8.03342300153745,117,-1.873227980648076,0.23847430317408164,0.1262795145603154,25.543188458835726,30.425805261381157,0.13636363636363635,0.22727272727272727,0.04924242424242424,0.06818181818181818,0.4772727272727273,0.003787878787878788,8,2,7.148508093837072
3des_s015_openssl.bin,3DES,3des,1032,openssl,379,c8051e21b481221a,1032,7.82087120370019,243.03875968992247,131.6734496124031,5570.888519883119,-0.07391269395061849,-1.2374263371701393,-0.0009747598694734477,9.980730654225528,10.006486874497764,511,-0.25108225922807537,0.1438327842408858,0.07261625579533021,18.39297001992463,25.834485049083852,0.07073643410852713,0.12693798449612403,0.05232558139534884,0.06492248062015504,0.5242248062015504,0.003875968992248062,0,2,7.809809091043199
mlkem768_s045_openssl.bin,ML-KEM-768,mlkem768,1088,openssl,380,c0b1ddcd2537042b,1088,7.8202060896782495,266.3529411764706,125.37408088235294,5454.3536296699285,0.048655161623276155,-1.2283698500712161,-0.024755968043416364,10.065897034594926,10.084808387804364,551,0.37310547790287485,0.0790868557510991,0.058823529411764705,17.562351150219182,23.55375820988308,0.07169117647058823,0.1323529411764706,0.05606617647058824,0.05330882352941176,0.5082720588235294,0.0027573529411764708,0,2,7.809455024499585
chacha20_s047_liboqs.bin,ChaCha20,chacha20,528,liboqs,381,006bd52a1ad1460c,528,7.58284835920574,269.09090909090907,131.96401515151516,5221.318780848255,-0.06846357341195289,-1.1332199106044492,0.0523260191093743,9.037864085223552,9.038918989292302,257,-0.6812818066708549,0.065169130810929,0.07697879330644536,19.880669278520067,27.48332625677129,0.0928030303030303,0.16477272727272727,0.058712121212121215,0.06060606060606061,0.48295454545454547,0.0,2,2,7.625704594157518
mlkem768_s043_openssl.bin,ML-KEM-768,mlkem768,1088,openssl,382,33a4bac613f9ccb8,1088,7.814599405560956,284.2352941176471,129.6222426470588,5396.893144970534,-0.03428165158964408,-1.1845028132810553,0.002740162749479489,10.069576887400814,10.084808387804364,551,0.39658513253139777,0.06074526338918495,0.08054743492723031,18.018536952892152,26.901433934418574,0.078125,0.13970588235294118,0.06158088235294118,0.05606617647058824,0.4788602941176471,0.008272058823529412,1,2,7.817563070497892
aes128_s086_liboqs.bin,AES-128,aes128,1056,liboqs,383,5ae3ef7c65f4a3c3,1056,7.816352500333385,254.54545454545453,130.81344696969697,5545.227508572945,-0.022900614770265348,-1.2226455912760623,0.004363950702586027,10.03165287601161,10.041659151637214,524,-0.28834098961620824,0.09907469353365053,0.09508188969339218,18.296163117003687,26.66394175329194,0.07386363636363637,0.13352272727272727,0.05776515151515151,0.07196969696969698,0.4706439393939394,0.004734848484848485,1,2,7.789502601333518
aes256_s007_liboqs.bin,AES-256,aes256,544,liboqs,384,0a4dc453fe779542,544,7.587334547698667,277.6470588235294,126.12316176470588,5451.299169415009,0.03530646305573704,-1.1946094008877388,-0.010250946775649371,9.073758664047455,9.082149041353869,268,-0.4093016151732981,0.07579238282385406,0.07597050852857289,19.44744216423294,25.05083519660296,0.09191176470588236,0.16544117647058823,0.0661764705882353,0.05698529411764706,0.5018382352941176,0.007352941176470588,2,2,7.607580536499794
mlkem768_s057_openssl.bin,ML-KEM-768,mlkem768,1088,openssl,385,b320b426437e33c3,1088,7.807943360229598,272.0,125.52297794117646,5483.379986720101,0.008712103020411662,-1.2080923546135967,0.0016449147467983043,10.073256740206702,10.084808387804364,553,0.4893684983507218,0.08966718299438123,0.10322626005856868,16.028334373997208,24.09483218465873,0.0744485294117647,0.13419117647058823,0.06525735294117647,0.05514705882352941,0.4990808823529412,0.0009191176470588235,0,2,7.819918822103016
mlkem768_s055_liboqs.bin,ML-KEM-768,mlkem768,1088,liboqs,386,0eff5b8ca558bfbf,1088,7.841903862294029,224.47058823529412,125.87683823529412,5457.080419415009,0.048293035564640575,-1.214604617884114,-0.027401749595117094,10.06773696099787,10.084808387804364,550,0.33586396391415024,0.08154806254712807,0.06816358903580573,17.043089754665875,23.88007138014648,0.06433823529411764,0.12316176470588236,0.05974264705882353,0.05606617647058824,0.4963235294117647,0.003676470588235294,0,2,7.828506317196004
rsa2048_s083_liboqs.bin,RSA-2048,rsa2048,256,liboqs,387,1d9f87a684c0c3fb,256,7.179382031114783,262.0,126.5546875,5145.856384277344,-0.0035554354488499928,-1.1691314017146834,0.09233022990673044,7.994353436858858,7.9886846867721655,121,-0.9937082327226572,0.07493486755176124,0.06051536478449089,21.834827789333346,26.705094052256094,0.125,0.21875,0.05859375,0.03515625,0.4609375,0.0,6,2,7.23134000536753
3des_s029_openssl.bin,3DES,3des,4112,openssl,388,416d208d32f6639c,4112,7.950587691610837,275.8599221789883,129.73759727626458,5330.03206893509,-0.024882774487067393,-1.1600143096896212,-0.03644224960906888,11.92961820776592,12.003949442559312,2113,1.7648256679561642,0.08008559470353165,0.07976653696498054,19.55945167421584,25.638294892511887,0.05034046692607004,0.09533073929961089,0.05544747081712062,0.0634727626459144,0.49537937743190663,0.005107003891050584,0,2,7.956654731878173
chacha20_s027_liboqs.bin,ChaCha20,chacha20,528,liboqs,389,1e70f25f0050c6af,528,7.537125424641202,290.42424242424244,125.54924242424242,5080.993787304867,-0.002215045793861887,-1.1365641512619373,-0.022002033897962393,9.041659151637214,9.038918989292302,258,-0.5166253074536105,0.08106414605694204,0.05965157480311978,19.37388045137733,26.015701104746988,0.0928030303030303,0.16856060606060605,0.06818181818181818,0.03409090909090909,0.48484848484848486,0.003787878787878788,2,2,7.601304368188368
mlkem768_s053_openssl.bin,ML-KEM-768,mlkem768,1088,openssl,390,e62f7484bd76cf2d,1088,7.834964807033296,237.1764705882353,128.03768382352942,5508.186999047091,-0.05400171063570458,-1.2004225407616902,-0.028891743504793843,10.071416813803758,10.084808387804364,577,1.9469648039789975,0.0867025728288435,0.07831400148581173,17.82545046413406,24.936980865214842,0.06801470588235294,0.12775735294117646,0.07077205882352941,0.057904411764705885,0.484375,0.0055147058823529415,0,2,7.800616867860203
aes256_s022_liboqs.bin,AES-256,aes256,1040,liboqs,391,8f4f5809196cd3aa,1040,7.821437893458843,240.0,126.66346153846153,5391.032895710059,0.018745725182560916,-1.1759931331323425,-0.07820443491422768,9.999805732936936,10.019590728357882,554,2.1148211760785096,0.0720576692122892,0.075,17.070237018386866,24.37011709550286,0.06923076923076923,0.12788461538461537,0.06634615384615385,0.05673076923076923,0.48846153846153845,0.0057692307692307696,0,2,7.765629959186928
chacha20_s014_liboqs.bin,ChaCha20,chacha20,4112,liboqs,392,6341f33c834effc9,4112,7.95094765636849,275.8599221789883,128.10603112840468,5391.64342666051,-0.020318766327902832,-1.1908554263054436,0.002749867686840835,11.943240197549427,12.004922678569045,2052,-0.15208995322675928,0.08854988220101627,0.09038975202905422,18.311634007810333,26.157168726470058,0.05058365758754864,0.0967898832684825,0.06006809338521401,0.055690661478599225,0.5009727626459144,0.004377431906614786,0,2,7.957451436168794
des_s086_liboqs.bin,DES,des,528,liboqs,393,b16c8f4bff838a10,528,7.6421780116586016,209.93939393939394,128.77651515151516,5132.423539370982,-0.04110014351756827,-1.12339667475397,-0.05445636455208412,9.03406901880989,9.038918989292302,270,0.4409891481831136,0.06943296507508849,0.0896375724712063,15.635269581983087,23.924968683201964,0.07575757575757576,0.14015151515151514,0.06439393939393939,0.05303030303030303,0.5037878787878788,0.001893939393939394,0,2,7.630091993571081
des_s019_liboqs.bin,DES,des,4104,liboqs,394,3afb3489ca5f22e1,4104,7.957047412332582,239.64132553606237,129.34844054580896,5515.854710043736,-0.02239684406836022,-1.2008476166312225,-0.012647807277654874,11.936409441815115,12.001624209439383,2053,0.0007455950718765288,0.10334158564584306,0.0754243656331686,18.419991969246635,25.697956832885893,0.049707602339181284,0.09454191033138401,0.0594541910331384,0.06262183235867447,0.49366471734892786,0.003898635477582846,0,2,7.949894381650197
mlkem768_s047_openssl.bin,ML-KEM-768,mlkem768,1088,openssl,395,a06c01b29bef8186,1088,7.841853306341229,223.05882352941177,128.65073529411765,5618.346764165225,-0.04213099742968979,-1.2649093251278727,-0.026304760359251052,10.078776519415534,10.084808387804364,560,0.9172624767905843,0.0658693855410622,0.07711829765956997,18.084120466925775,25.808538889414127,0.06709558823529412,0.12408088235294118,0.06066176470588235,0.05238970588235294,0.5238970588235294,0.001838235294117647,0,2,7.854010009134743
des_s004_openssl.bin,DES,des,2064,openssl,396,2f9b541c684d54bb,2064,7.909485780579611,255.62790697674419,128.08866279069767,5422.355026506445,0.004497722083804644,-1.231208715054325,0.019731226728224343,10.975627475736218,11.009828617368107,1019,-0.6093509359846971,0.08519420403229948,0.062023073665911865,20.540546345960554,29.170203133131423,0.05910852713178295,0.10949612403100775,0.05232558139534884,0.05813953488372093,0.5053294573643411,0.001937984496124031,0,2,7.894736985741485
aes128_s079_liboqs.bin,AES-128,aes128,544,liboqs,397,9426ce9132f057dd,544,7.636301997768459,234.35294117647058,127.6966911764706,5609.023812581098,-0.020042621518557333,-1.1615343045605027,0.031219045818963734,9.073758664047455,9.082149041353869,262,-0.9438092019709048,0.058477844560981124,0.058823529411764705,20.079970702834377,26.795070230996593,0.08088235294117647,0.14705882352941177,0.08272058823529412,0.07536764705882353,0.48713235294117646,0.0055147058823529415,1,1,7.576607429837503
rsa2048_s050_openssl.bin,RSA-2048,rsa2048,256,openssl,398,0a2f2f5bf68b5f8f,256,7.160519056804977,268.0,132.03125,5950.8037109375,-0.050756674515893274,-1.3288521519887773,0.13938489466775347,7.986510299603956,7.9886846867721655,112,-2.0875010117904775,0.11724062235579527,0.1230201458988915,19.725966884572475,33.04314769169245,0.125,0.21875,0.046875,0.08203125,0.4921875,0.0,5,2,7.1544394544873855
chacha20_s053_liboqs.bin,ChaCha20,chacha20,272,liboqs,399,ae76ee13e51f71b6,272,7.206624697724815,268.2352941176471,124.41911764705883,5599.184634515571,0.040102531215401305,-1.2486681316294717,-0.018979115407573275,8.074768967553133,8.07681559705083,133,-0.4302903200285543,0.08511644781463401,0.09329836426801118,16.57391760597622,25.54238623953699,0.125,0.21323529411764705,0.07720588235294118,0.05514705882352941,0.5073529411764706,0.011029411764705883,8,1,7.217046723969311
mlkem768_s080_openssl.bin,ML-KEM-768,mlkem768,1088,openssl,400,429ccb578ddb7311,1088,7.841408891975263,231.05882352941177,128.07720588235293,5623.569406898789,-0.027159079234071667,-1.2012354861341186,-0.025586325168786502,10.073256740206702,10.084808387804364,541,-0.23367891665366833,0.08700117328087671,0.08997969301853248,17.44281332990823,25.1382576725308,0.06985294117647059,0.13051470588235295,0.07352941176470588,0.06433823529411764,0.5018382352941176,0.003676470588235294,0,2,7.8266577359745
aes256_s018_liboqs.bin,AES-256,aes256,528,liboqs,401,770f5a8e27ac4c34,528,7.547609527961826,293.3333333333333,130.3314393939394,5294.80113277663,-0.04809204850085021,-1.1658858277567528,0.02795838476457649,9.03406901880989,9.038918989292302,270,0.4692828121148956,0.08211925526014696,0.0815934061687046,17.69062495716629,25.989995638840206,0.0946969696969697,0.17045454545454544,0.056818181818181816,0.058712121212121215,0.49053030303030304,0.0,3,2,7.6344196499989625
chacha20_s067_openssl.bin,ChaCha20,chacha20,272,openssl,402,d0933a1f3f98c597,272,7.13957017214567,283.29411764705884,120.11397058823529,5340.483334234428,0.0403925260450123,-1.1944121685388398,0.023574415934198872,8.067388893752394,8.07681559705083,135,-0.19974255612617997,0.06239177481057773,0.08054743492723031,20.410068108419225,27.824478875184806,0.11764705882352941,0.20588235294117646,0.07720588235294118,0.025735294117647058,0.5036764705882353,0.0,6,2,7.196715450890614
mlkem768_s098_openssl.bin,ML-KEM-768,mlkem768,1088,openssl,403,262c217fe2c4c3f4,1088,7.833216447571603,240.0,127.921875,5595.298124425552,-0.02087987834961449,-1.2378848578572197,0.0012959540786391841,10.075096666609646,10.084808387804364,546,0.07955259469382785,0.07543486959074702,0.08054743492723031,19.233721676198375,26.463665336934287,0.06985294117647059,0.12867647058823528,0.0625,0.06525735294117647,0.4898897058823529,0.004595588235294118,0,2,7.84360770913341
aes256_s028_liboqs.bin,AES-256,aes256,544,liboqs,404,0b99ed0b46aa6350,544,7.624649982276479,246.58823529411765,127.07720588235294,5454.70359807526,0.03143544825336568,-1.1974004186556997,0.00848760106627901,9.08112514655206,9.082149041353869,279,0.5201315836233061,0.11877554645482692,0.10450492943788159,19.52896638899044,28.034954132695105,0.08272058823529412,0.15625,0.051470588235294115,0.0625,0.5110294117647058,0.0055147058823529415,1,2,7.635817028005003
aes128_s056_openssl.bin,AES-128,aes128,272,openssl,405,2672e3d92946f640,272,7.210468012274877,253.1764705882353,130.4558823529412,5503.196583044983,-0.09794134203625587,-1.166275878799736,-0.07303410989389975,8.074768967553133,8.07681559705083,141,0.5311539721202961,0.029411764705882353,0.04223943122454433,14.19462869469564,21.18595197261995,0.11397058823529412,0.20220588235294118,0.07352941176470588,0.0625,0.5073529411764706,0.003676470588235294,5,1,7.257933496889813
aes128_s051_openssl.bin,AES-128,aes128,544,openssl,406,79b92a4a06a6a7a8,544,7.639914251621696,243.76470588235293,127.8345588235294,4973.549835099481,-0.03190247060290463,-1.0891066340888906,-0.049683743977259706,9.073758664047455,9.082149041353869,281,0.6918255044309993,0.07498558108224684,0.06525087996065754,19.376564704091226,25.097580161290892,0.08639705882352941,0.15992647058823528,0.04963235294117647,0.04779411764705882,0.4742647058823529,0.001838235294117647,1,2,7.658592851097561
chacha20_s038_openssl.bin,ChaCha20,chacha20,4112,openssl,407,ea310a1cbe067c03,4112,7.951489130951108,269.50972762645915,125.37645914396887,5484.130165672455,0.037497687502967114,-1.1936116492383828,0.005170217229554096,11.948353199254282,12.004922678569045,2053,-0.022793759341634898,0.07945390785860647,0.08153962024741969,18.80966102358734,26.30152549745864,0.048638132295719845,0.09241245136186771,0.06809338521400778,0.05690661478599222,0.49562256809338523,0.004377431906614786,0,2,7.956910886064188
aes128_s067_openssl.bin,AES-128,aes128,1056,openssl,408,35f2c41e4b0d39ea,1056,7.803207755904742,272.969696969697,128.50378787878788,5628.903394742883,-0.015164712436652333,-1.2147734997305017,-0.019894446219802714,10.0145912646372,10.039761618430383,529,0.022873458693184728,0.08106414605694204,0.08775706695608405,18.26590630628147,24.486956075611847,0.07007575757575757,0.13162878787878787,0.06912878787878787,0.07481060606060606,0.5018939393939394,0.002840909090909091,0,2,7.833211377361077
rsa2048_s010_liboqs.bin,RSA-2048,rsa2048,256,liboqs,409,405cf2b6c84a87fc,256,7.099933998194325,286.0,118.94921875,5686.610702514648,0.16461259123108343,-1.217394672064696,0.07353576992350326,7.994353436858858,7.9886846867721655,110,-2.237477293920492,0.08804240366863003,0.08267972847076846,19.002444059884073,24.462899591440472,0.125,0.21875,0.07421875,0.0546875,0.51953125,0.00390625,5,2,7.158675985708782
3des_s052_openssl.bin,3DES,3des,1032,openssl,410,6549c488524c6bdb,1032,7.81916948242628,241.5503875968992,125.78779069767442,5484.5334555841,-0.009281110909302285,-1.188742984675858,0.04309184911646585,9.982670518435034,10.008428622070578,505,-0.7208994869479687,0.1438327842408858,0.0859731512124761,18.508327227903337,29.04712325418456,0.07170542635658915,0.13275193798449614,0.0755813953488372,0.05135658914728682,0.5067829457364341,0.005813953488372093,0,2,7.810401973414563
mlkem768_s079_openssl.bin,ML-KEM-768,mlkem768,1088,openssl,411,cf31e5f0d5b2699c,1088,7.81661526061636,248.94117647058823,124.97150735294117,5315.424739639652,0.05360046748635726,-1.1441383503281966,0.02083024782835284,10.06221718178904,10.084808387804364,522,-1.356622819968006,0.08607945203103119,0.08054743492723031,14.918692141387755,24.480995813078067,0.06433823529411764,0.12316176470588236,0.07261029411764706,0.05698529411764706,0.4696691176470588,0.001838235294117647,0,2,7.829285401701599
des_s065_openssl.bin,DES,des,1040,openssl,412,520e9734c31b1b20,1040,7.810310992224232,262.15384615384613,126.05096153846154,5621.406056767752,7.882493273381448e-05,-1.2318457473220283,0.009036765087866607,10.011355299828177,10.019590728357882,504,-1.054341296477853,0.08800047068190422,0.06957712505817516,19.229140459870894,25.928737844153314,0.07307692307692308,0.1346153846153846,0.06634615384615385,0.05480769230769231,0.4951923076923077,0.006730769230769231,0,2,7.839983308853533
des_s085_openssl.bin,DES,des,520,openssl,413,abfd079d0d607fe8,520,7.597735761560629,251.93846153846155,134.13846153846154,5190.096213017751,-0.11993770187951629,-1.1326969100725055,-0.004002063511358103,9.011883599263468,9.016808287686555,263,0.26301860549889117,0.17895472440935936,0.08213137116947163,15.475536055208279,24.54927465516394,0.08461538461538462,0.16153846153846155,0.04807692307692308,0.06923076923076923,0.5,0.0057692307692307696,0,1,7.576265309571025
3des_s092_openssl.bin,3DES,3des,1032,openssl,414,8881040840dd53b4,1032,7.820161775333712,234.10852713178295,128.5251937984496,5334.636962171744,-0.017998702791679734,-1.2287495949956548,0.014665990941901347,10.004009024739592,10.008428622070578,508,-0.5487225259618591,0.14948033039572006,0.07525770480212247,19.727858722205855,26.711295533368823,0.0687984496124031,0.125,0.04748062015503876,0.050387596899224806,0.5135658914728682,0.003875968992248062,0,2,7.822333126238171
rsa2048_s084_liboqs.bin,RSA-2048,rsa2048,256,liboqs,415,1eba87aa5ac46c67,256,7.154520593706188,258.0,123.9140625,5611.625427246094,0.13301034185986801,-1.2046939535663144,0.07371701971368098,7.986510299603956,7.9886846867721655,125,-0.440086229423352,0.10797089813347854,0.07287014885225637,22.513243444050744,30.92298329715446,0.11328125,0.20703125,0.0625,0.0625,0.4921875,0.0,4,1,7.172439809255162
mlkem768_s042_liboqs.bin,ML-KEM-768,mlkem768,1088,liboqs,416,6ccdfb07e80eea3f,1088,7.812213055819191,255.52941176470588,127.13602941176471,5360.424510705017,0.0030820313682005346,-1.1986523943969676,0.0024409330174271285,10.071416813803758,10.084808387804364,533,-0.7279417919852432,0.07723472054948491,0.08816324223955184,16.429645228143677,23.841346539628677,0.06158088235294118,0.12040441176470588,0.05606617647058824,0.046875,0.49816176470588236,0.001838235294117647,0,2,7.8393613826057456
rsa2048_s089_openssl.bin,RSA-2048,rsa2048,256,openssl,417,5e172f26c70668d0,256,7.179382031114783,242.0,125.7734375,4796.042419433594,0.06531225092794063,-1.0446861966292413,0.03377610621774374,7.994353436858858,7.9886846867721655,124,-0.6026902849335487,0.07614683081882002,0.08267972847076846,12.47291743873877,21.447620549750823,0.10546875,0.19921875,0.05078125,0.046875,0.546875,0.0078125,3,1,7.140675630941006
aes256_s017_openssl.bin,AES-256,aes256,1040,openssl,418,b3c7358e36f1d0c3,1040,7.796090010103075,271.5076923076923,130.6673076923077,5340.929700443787,-0.06615048899025126,-1.2040765650577094,0.0036402277382852465,10.001730660752143,10.019590728357882,521,0.08086375782568703,0.08513824469684098,0.08213137116947163,18.24788287144404,27.32698878084452,0.07403846153846154,0.13557692307692307,0.05384615384615385,0.05384615384615385,0.5019230769230769,0.0038461538461538464,0,2,7.840161764628745
rsa2048_s081_openssl.bin,RSA-2048,rsa2048,256,openssl,419,6cd364d97614c63f,256,7.120965552824224,298.0,128.56640625,4497.909652709961,-0.01664818029995551,-0.9116609361711108,-0.1932070482488361,7.994353436858858,7.9886846867721655,145,2.0138500834586264,0.07654655446197431,0.07287014885225637,11.558201666212437,18.55921120841915,0.140625,0.2421875,0.05859375,0.04296875,0.59765625,0.0,10,2,7.155715642563043
3des_s042_openssl.bin,3DES,3des,4112,openssl,420,b34db685cdb4885e,4112,7.960236290573888,222.69260700389106,128.04304474708172,5394.969693842356,0.010692770584828077,-1.1925070845880008,0.007497003068313087,11.943726697184553,12.003462824554447,2043,-0.43487780016804345,0.0798027489246458,0.08524448444929103,19.109316154838854,26.223780244488538,0.04912451361867704,0.09241245136186771,0.05617704280155642,0.058365758754863814,0.4885700389105058,0.0026750972762645915,0,2,7.957743863049277
des_s010_openssl.bin,DES,des,520,openssl,421,786484c7de7a551a,520,7.572929336724285,278.5230769230769,123.76346153846154,5311.911357248521,0.047865538660332774,-1.1591884538211266,-0.02687396206172461,9.011883599263468,9.016808287686555,260,-0.011857483716322038,0.17855339014231325,0.08213137116947163,17.597010726296027,27.123233043095343,0.09230769230769231,0.16923076923076924,0.06538461538461539,0.046153846153846156,0.49423076923076925,0.0019230769230769232,2,2,7.576521132643036
aes128_s036_openssl.bin,AES-128,aes128,272,openssl,422,c79e62f9767530d9,272,7.228316368790588,249.41176470588235,127.00735294117646,5656.999945934256,-0.009777656910555339,-1.2933791485345245,-0.028770325630514626,8.08214904135387,8.07681559705083,142,0.6074608749515888,0.121712833509168,0.07090919677200702,14.941074245539598,23.893566486894915,0.11397058823529412,0.20220588235294118,0.05514705882352941,0.04411764705882353,0.4852941176470588,0.0,6,1,7.215237775645794
aes256_s065_liboqs.bin,AES-256,aes256,1056,liboqs,423,44cc13296f1ce999,1056,7.837275808227361,230.3030303030303,126.32291666666667,5058.248944523359,-0.026770950504457613,-1.1240152473169853,-0.0022192437378902104,10.022174203025827,10.041659151637214,533,0.24817990356394104,0.06272914833969391,0.05965157480311978,20.441129969467482,28.787163240583904,0.06723484848484848,0.12215909090909091,0.06534090909090909,0.03787878787878788,0.5066287878787878,0.000946969696969697,0,2,7.841553877422869
des_s008_liboqs.bin,DES,des,4104,liboqs,424,de7ba38b5789a5a7,4104,7.9526831810861305,269.9571150097466,125.65813840155946,5460.707935715738,0.04497149576241279,-1.1952370821147384,-0.0028333119126316727,11.937384338232372,12.001624209439383,2036,-0.4817315021407972,0.10802865737483064,0.08656649908238281,19.38442530616609,26.45122098160106,0.051900584795321635,0.09770955165692008,0.06359649122807018,0.05482456140350877,0.49975633528265107,0.004873294346978557,0,2,7.958806935098709
des_s036_openssl.bin,DES,des,1040,openssl,425,d1d10a15d58360ca,1040,7.799258185199233,279.8769230769231,127.51826923076923,5431.963127773669,-0.0066938106022441405,-1.2463735077069087,-0.025917168376152506,10.00365558856735,10.019590728357882,522,0.06396016751451426,0.08970605608186577,0.10843751146878487,18.29637063065891,24.28610571207916,0.07403846153846154,0.13557692307692307,0.05673076923076923,0.04519230769230769,0.5048076923076923,0.004807692307692308,0,2,7.807692358735685
mlkem768_s093_openssl.bin,ML-KEM-768,mlkem768,1088,openssl,426,413b531f9715c5c1,1088,7.839708562634283,228.70588235294116,126.73897058823529,5341.165319528546,0.018888363360129827,-1.141482123599628,5.311762029012115e-06,10.075096666609646,10.084808387804364,548,0.187480542790207,0.06907461113255858,0.07597050852857289,19.27040058820826,27.085179629420193,0.0661764705882353,0.125,0.06341911764705882,0.05698529411764706,0.5055147058823529,0.001838235294117647,0,2,7.819359163057622
chacha20_s054_openssl.bin,ChaCha20,chacha20,4112,openssl,427,7e2de50251f12100,4112,7.946630634642424,299.39299610894943,125.04377431906615,5604.860437894593,0.014223788518556674,-1.234965302378395,-0.00512118393801749,11.94245082452636,12.00443606056418,2079,0.7133051664494162,0.08936393667346648,0.09510615410849486,18.75918870581641,25.83786913948038,0.05034046692607004,0.0958171206225681,0.07417315175097276,0.05179961089494164,0.4965953307392996,0.004377431906614786,0,2,7.957267168089089
aes256_s054_openssl.bin,AES-256,aes256,2064,openssl,428,827388154c74cee5,2064,7.902723494527129,271.7519379844961,128.87693798449612,5288.417026282976,0.013443945083671147,-1.178739426022393,0.00990671938916694,10.971383710587327,11.009828617368107,1002,-1.356916721998846,0.09224466464199454,0.09478797291861783,18.14522551356181,25.213857511005756,0.05813953488372093,0.10852713178294573,0.04844961240310078,0.05765503875968992,0.5058139534883721,0.00436046511627907,0,2,7.88903873887911
rsa2048_s045_openssl.bin,RSA-2048,rsa2048,256,openssl,429,a7f61afd98074e34,256,7.19334572865618,260.0,117.47265625,5294.952377319336,0.14461609401608946,-1.1125417161769915,0.041438203629400316,7.994353436858858,7.9886846867721655,120,-0.9197340749529931,0.11075843667271085,0.09757809372497497,16.353351755755178,24.243510213572332,0.1328125,0.23046875,0.07421875,0.0390625,0.51953125,0.0,9,2,7.09218728593473
des_s084_liboqs.bin,DES,des,528,liboqs,430,9edfd81c587fc78b,528,7.647896856371961,225.45454545454547,131.1193181818182,5290.7944752927,-0.0533211846138071,-1.1608424434651148,0.1017660515232357,9.041659151637214,9.038918989292302,252,-1.1297559411259985,0.07945521577046602,0.05965157480311978,17.20221727772244,25.81704121967028,0.08143939393939394,0.15151515151515152,0.054924242424242424,0.054924242424242424,0.49053030303030304,0.005681818181818182,0,2,7.632982019135922
aes128_s097_openssl.bin,AES-128,aes128,4112,openssl,431,87b9930dc953137c,4112,7.958335439577039,236.26459143968873,127.57125486381322,5415.006595896134,-0.027294511563379732,-1.1969621122195695,0.002535742225519175,11.95090494457067,12.00443606056418,2039,-0.53234440042843,0.07505769894725331,0.08063204072560676,18.774256746862356,26.479089959602856,0.04839494163424125,0.09192607003891051,0.06566147859922179,0.05252918287937743,0.4973249027237354,0.004134241245136187,0,2,7.958463339933448
aes256_s025_liboqs.bin,AES-256,aes256,544,liboqs,432,ee58e00cf0773156,544,7.571478709364969,282.3529411764706,127.85110294117646,5321.542167901168,-0.04936007875068644,-1.190988918083904,-0.045268645999366704,9.06270894029055,9.082149041353869,277,0.351321012842708,0.06293103959052827,0.05133911780797405,16.668487287472683,24.170695992035544,0.09375,0.16727941176470587,0.05330882352941176,0.04411764705882353,0.5018382352941176,0.0055147058823529415,3,2,7.649806663375338
mlkem768_s086_openssl.bin,ML-KEM-768,mlkem768,1088,openssl,433,763562e7fe79caa0,1088,7.811545903271804,266.8235294117647,125.56066176470588,5359.07536426795,0.014241229025713275,-1.1828201758822767,0.01447036764132745,10.06773696099787,10.082966767178211,540,-0.29789442581359726,0.08676782147945548,0.07831400148581173,17.535487818077655,24.161465627176756,0.07261029411764706,0.12867647058823528,0.06985294117647059,0.05514705882352941,0.4852941176470588,0.0027573529411764708,1,2,7.806115308377251
mlkem768_s091_openssl.bin,ML-KEM-768,mlkem768,1088,openssl,434,c8351de4935ef52a,1088,7.814931015211066,263.05882352941177,131.04779411764707,5351.992201016436,-0.063903485358985,-1.1329454029311818,-0.01531323763509293,10.073256740206702,10.084808387804364,544,-0.0016756584467443603,0.08863714069932793,0.1019880971401938,18.209425956451643,25.682526259317903,0.07169117647058823,0.13051470588235295,0.05974264705882353,0.06893382352941177,0.48713235294117646,0.004595588235294118,0,2,7.8415423589531645
aes256_s023_openssl.bin,AES-256,aes256,1056,openssl,435,930434a09ad270ba,1056,7.811672958453603,262.7878787878788,125.91856060606061,5508.95738277663,0.03530421045462165,-1.2032878639811502,0.02187552955594239,10.027861406817296,10.041659151637214,533,0.2693466462442342,0.09258227883282483,0.08045674998033168,18.821133909524853,27.478042994212334,0.07291666666666667,0.13352272727272727,0.06534090909090909,0.058712121212121215,0.48295454545454547,0.003787878787878788,0,3,7.828882308205956
aes128_s088_openssl.bin,AES-128,aes128,528,openssl,436,57dd3ff7712513ae,528,7.5877010707914305,273.93939393939394,121.41287878787878,5269.143925045914,0.15119963192899474,-1.045774983504541,0.005743124446553097,9.03406901880989,9.038918989292302,278,1.3171693452115814,0.09247390617980078,0.0896375724712063,20.028861392557424,25.369083965686166,0.09090909090909091,0.16666666666666666,0.056818181818181816,0.06818181818181818,0.4810606060606061,0.001893939393939394,3,2,7.60366180373899
des_s009_liboqs.bin,DES,des,520,liboqs,437,60e5d251d88280b8,520,7.56199781526531,278.5230769230769,125.20384615384616,5793.604600591716,0.051439539484556124,-1.23918057164009,0.04792698231058803,9.015737163810675,9.016808287686555,252,-0.7063540900253737,0.18897666973189411,0.09020030307352749,19.002672698176244,28.710219713132314,0.09423076923076923,0.16923076923076924,0.07692307692307693,0.0673076923076923,0.4461538461538462,0.0057692307692307696,2,2,7.637474418308385
rsa2048_s097_openssl.bin,RSA-2048,rsa2048,256,openssl,438,4a954e266bcdd694,256,7.150046972504131,256.0,120.1796875,5163.225524902344,0.08266993331206962,-1.1388450281555467,0.006028007541454898,7.986510299603956,7.9886846867721655,135,0.9264322688482108,0.07614683081882002,0.06051536478449089,17.028424005793777,27.41467475805328,0.109375,0.203125,0.07421875,0.0390625,0.5546875,0.0,4,2,7.237260691659008
aes128_s039_openssl.bin,AES-128,aes128,528,openssl,439,3970ac3dfa2f568b,528,7.612143683115514,255.5151515151515,124.66098484848484,5556.98923539371,0.08133197639821353,-1.2168994286696078,0.001570611600568959,9.03406901880989,9.038918989292302,264,-0.012911988410608446,0.08742735069536776,0.06615245907792795,19.664437732635008,27.648829064741342,0.0928030303030303,0.16666666666666666,0.06628787878787878,0.0625,0.48295454545454547,0.001893939393939394,2,2,7.642745296228383
rsa2048_s016_liboqs.bin,RSA-2048,rsa2048,256,liboqs,440,e1368405d98be0d0,256,7.164790869030761,254.0,126.77734375,5872.610580444336,-0.03631107176478332,-1.262236773370553,-0.019677345657903425,7.994353436858858,7.9886846867721655,130,0.1262320391837468,0.11666550408646936,0.09077304717673633,20.185806439580535,25.80318639433095,0.1171875,0.2109375,0.0859375,0.05859375,0.50390625,0.00390625,6,2,7.087696121120116
chacha20_s035_openssl.bin,ChaCha20,chacha20,528,openssl,441,4d26f9b6b236cf77,528,7.585879681401877,272.0,130.24621212121212,5700.234834136822,-0.05323224061592427,-1.2633278702440982,-0.035250743205293464,9.030273952396227,9.038918989292302,283,1.6279133257398801,0.1067348697242831,0.09964353362095382,18.47811678840443,27.541136327272863,0.09090909090909091,0.16666666666666666,0.0625,0.06818181818181818,0.5,0.003787878787878788,2,2,7.6356135598340495
3des_s024_liboqs.bin,3DES,3des,1032,liboqs,442,63edbf77e18384ed,1032,7.816043648253165,236.5891472868217,130.82364341085272,5659.528975872845,-0.07548581112661974,-1.2641831459213122,-0.01240243749240432,9.99236983948256,10.008428622070578,520,0.24573432012458654,0.15601791121252345,0.09204916346541021,21.241836449667854,29.112155368744677,0.06782945736434108,0.12209302325581395,0.060077519379844964,0.05910852713178295,0.501937984496124,0.0029069767441860465,0,2,7.813836434519737
mlkem768_s012_liboqs.bin,ML-KEM-768,mlkem768,1088,liboqs,443,c247949142d20d1d,1088,7.813300566076544,255.05882352941177,130.71323529411765,5440.125486591695,-0.009831856748859119,-1.1979911808621944,-0.014463346114717055,10.065897034594926,10.084808387804364,545,0.007138229391366818,0.09107348042131776,0.08610309789264307,18.228722724862838,25.68501811775383,0.06801470588235294,0.12867647058823528,0.05238970588235294,0.06341911764705882,0.47610294117647056,0.0055147058823529415,0,2,7.79232087872314
des_s041_openssl.bin,DES,des,2056,openssl,444,af6966dabc0277a9,2056,7.921674113888329,223.5953307392996,128.1979571984436,5216.7025444650935,-0.014140765173572193,-1.1566729375247269,-0.03354875876703206,10.974752362267342,11.004220466318195,1064,1.555523367858658,0.13176480831075266,0.08211637972920342,18.477614418974902,25.604563184057973,0.05885214007782101,0.11040856031128404,0.05642023346303502,0.05496108949416342,0.5111867704280155,0.0029182879377431907,0,2,7.8998978085287135
mlkem768_s007_liboqs.bin,ML-KEM-768,mlkem768,1088,liboqs,445,f4fafde486c5bd2f,1088,7.810273599293167,269.1764705882353,128.48253676470588,5184.19454797659,-0.01638285722028329,-1.1177038494136649,0.013456070285616654,10.058537328983151,10.084808387804364,517,-1.6981077787007341,0.07368613379198648,0.0920353750422646,17.592925045922367,25.30284480341503,0.0661764705882353,0.125,0.06433823529411764,0.05698529411764706,0.5211397058823529,0.0055147058823529415,0,2,7.769561743024834
aes128_s046_liboqs.bin,AES-128,aes128,272,liboqs,446,cc9c5f674238d946,272,7.165744493758773,277.6470588235294,132.43382352941177,5588.488267733564,-0.13412225641018144,-1.1559754915973839,0.00027946683799018036,8.08214904135387,8.07681559705083,138,0.2749859520038392,0.07498558108224684,0.058823529411764705,21.290213578171365,29.191010704819014,0.1213235294117647,0.20955882352941177,0.06985294117647059,0.058823529411764705,0.45588235294117646,0.003676470588235294,8,1,7.2202007939777
3des_s097_openssl.bin,3DES,3des,1040,openssl,447,7feece19969ecad1,1040,7.811624144834779,261.16923076923075,124.8,5253.196538461539,0.04506796636278519,-1.1373197902179284,0.010452683351550569,10.007505444197763,10.019590728357882,519,-0.0811277832179117,0.09193277668400553,0.07236495277779531,18.170434433441596,26.88719580166223,0.07115384615384615,0.13173076923076923,0.0673076923076923,0.05384615384615385,0.5057692307692307,0.0019230769230769232,1,2,7.822825492611336
chacha20_s031_openssl.bin,ChaCha20,chacha20,4112,openssl,448,28443ab5aa3280cc,4112,7.950497018524437,283.70428015564204,128.64445525291828,5381.383315559282,0.0007098593900343336,-1.1728058373360695,-0.016868791562476018,11.95090494457067,12.004922678569045,2092,1.0936198832610875,0.09119329679197534,0.09328414319461308,17.73231066670902,25.590273487676285,0.051070038910505836,0.09703307392996109,0.055690661478599225,0.05982490272373541,0.5136186770428015,0.0026750972762645915,0,2,7.960769774497887
rsa2048_s020_openssl.bin,RSA-2048,rsa2048,256,openssl,449,710d4c2372727477,256,7.175552148336087,250.0,133.546875,5808.122802734375,-0.09822688371911166,-1.2441260168998185,0.05322115263968737,7.994353436858858,7.9886846867721655,131,0.3143473067309657,0.062009796353076345,0.06051536478449089,15.832088595535177,25.864104552388334,0.1171875,0.2109375,0.07421875,0.08984375,0.53125,0.0,6,1,7.280967542748132
des_s066_openssl.bin,DES,des,1040,openssl,450,2f1f2f847827d1b3,1040,7.807158586451978,255.26153846153846,128.52596153846153,5150.701249075443,0.00540082279909225,-1.1097462697432163,0.05797517135954711,10.001730660752143,10.019590728357882,488,-2.038504893854802,0.09591141471895914,0.08980995714488936,17.919665458181303,24.306910303420317,0.07211538461538461,0.12980769230769232,0.05480769230769231,0.058653846153846154,0.5028846153846154,0.0,0,2,7.846674501702564
mlkem768_s005_liboqs.bin,ML-KEM-768,mlkem768,1088,liboqs,451,5d6c095d7f47c618,1088,7.817849235031466,254.11764705882354,128.8704044117647,5259.973094689392,-0.011342959257659392,-1.1702435421672788,0.000738919678979515,10.069576887400814,10.084808387804364,549,0.2646788190831045,0.08967875674742991,0.09494979095694822,17.455153001009673,24.521577608356022,0.06709558823529412,0.12591911764705882,0.05422794117647059,0.058823529411764705,0.4788602941176471,0.0027573529411764708,0,2,7.822767382728562
aes256_s042_liboqs.bin,AES-256,aes256,1056,liboqs,452,e3c0cdae37643a85,1056,7.789377301568522,273.93939393939394,128.6467803030303,5597.558000997188,-0.026914641149675025,-1.26501420852301,-0.029342772363533016,10.012695530040045,10.041659151637214,545,0.9856795902218108,0.0680768752237959,0.0828345612152185,19.34052251439354,26.139361429830473,0.06818181818181818,0.1278409090909091,0.05776515151515151,0.05776515151515151,0.47821969696969696,0.004734848484848485,0,2,7.799044742343798
aes256_s078_openssl.bin,AES-256,aes256,288,openssl,453,7f2d96f39108afd9,288,7.265037761693714,248.88888888888889,122.0,5157.868055555556,0.0779534135507168,-1.1329807575364805,0.01010322686618206,8.164906926675688,8.159871336778389,148,0.43827595774229705,0.05598790102985104,0.07856742013183862,16.3707055437449,25.289212538814517,0.1076388888888889,0.1909722222222222,0.06597222222222222,0.04861111111111111,0.4513888888888889,0.0,7,2,7.325767248847189
des_s017_openssl.bin,DES,des,528,openssl,454,2fb1ed4cf16a91fa,528,7.605728934958153,267.1515151515151,122.38636363636364,5570.225723140496,0.13881967529633954,-1.2119858186692338,-0.0025738233192139025,9.037864085223552,9.038918989292302,252,-0.9347243080665528,0.0867085086534818,0.07186994682200862,18.811587329023183,25.431230867646303,0.0928030303030303,0.16856060606060605,0.06060606060606061,0.05303030303030303,0.5265151515151515,0.001893939393939394,1,2,7.593942336108207
aes256_s003_openssl.bin,AES-256,aes256,1040,openssl,455,2d2f5f56d78fdac7,1040,7.8048670221608685,249.84615384615384,127.6826923076923,5642.178161982248,0.01894096899319202,-1.2603496889093493,-0.04779671954807178,10.007505444197763,10.019590728357882,553,1.9866515568990648,0.08791638038971124,0.07063218335464215,15.76461969403744,23.052126100459354,0.06538461538461539,0.12307692307692308,0.0625,0.058653846153846154,0.4980769230769231,0.007692307692307693,0,2,7.821108210004236
aes256_s063_openssl.bin,AES-256,aes256,528,openssl,456,2fb01e82348f850d,528,7.622402811165408,246.78787878787878,129.1439393939394,5603.596705693297,-0.07470531197018063,-1.198975254898522,-0.07547233930178711,9.030273952396227,9.038918989292302,279,1.269850831719021,0.08544109887349692,0.07697879330644536,14.545965258947538,23.0996609990072,0.08522727272727272,0.16098484848484848,0.07765151515151515,0.07007575757575757,0.5113636363636364,0.001893939393939394,1,2,7.589051079060127
rsa2048_s031_openssl.bin,RSA-2048,rsa2048,256,openssl,457,5b65daf269a778ca,256,7.249304431622167,234.0,125.859375,5573.800537109375,0.08543285766232446,-1.1679923535155028,-0.09483827338657635,7.994353436858858,7.9886846867721655,130,0.13412613584532418,0.11267347735824966,0.08267972847076846,16.761357798053684,20.848288252201307,0.1171875,0.2109375,0.046875,0.06640625,0.4765625,0.0078125,5,2,7.177968866252091
aes128_s061_openssl.bin,AES-128,aes128,1056,openssl,458,740f47990ecb279b,1056,7.840114517188093,227.87878787878788,124.29261363636364,5376.428581805269,0.035195819406861985,-1.1600981901187917,0.03621387434344382,10.029757141414452,10.041659151637214,482,-2.85146943702081,0.08079851690579269,0.07697879330644536,15.502711452916545,23.270085560535925,0.06818181818181818,0.1259469696969697,0.06912878787878787,0.05965909090909091,0.4971590909090909,0.002840909090909091,0,2,7.843480701245237
3des_s021_liboqs.bin,3DES,3des,272,liboqs,459,f07300ab0ffbbc8d,272,7.12089254177267,304.0,132.7683823529412,5644.942676794983,-0.07319680900439637,-1.1896478022544077,-0.04641361146557297,8.067388893752394,8.07681559705083,152,1.8581723984442509,0.061519119598093794,0.08054743492723031,19.388619083285622,26.374043967077473,0.13602941176470587,0.22794117647058823,0.0661764705882353,0.07720588235294118,0.5551470588235294,0.003676470588235294,9,2,7.139115301538449
des_s053_liboqs.bin,DES,des,520,liboqs,460,6d46297ca3393e8b,520,7.554385976765246,287.3846153846154,132.87884615384615,5608.2141678994085,-0.0812769259221346,-1.2295308344867792,-0.05044922579620308,9.00032290562185,9.016808287686555,278,1.6095668804010936,0.17895472440935936,0.06007884366082042,20.758234478599167,26.783731152284773,0.09423076923076923,0.17115384615384616,0.05961538461538462,0.07115384615384615,0.5365384615384615,0.0019230769230769232,1,2,7.594145938475988
aes128_s002_openssl.bin,AES-128,aes128,2080,openssl,461,9de69fd370f8cb3c,2080,7.897664660344638,290.46153846153845,126.99807692307692,5444.7740347633135,0.000686002265737742,-1.2010466209030608,0.02672746295303349,10.979581798989045,11.020979938904212,1025,-0.6898106480124077,0.09710404675064592,0.08881097372090026,18.655326591729313,27.73837891029333,0.061057692307692306,0.11201923076923077,0.06586538461538462,0.058173076923076925,0.5086538461538461,0.0038461538461538464,0,2,7.91111956524631
mlkem768_s066_openssl.bin,ML-KEM-768,mlkem768,1088,openssl,462,2fb66a8e78868dff,1088,7.794036865945612,292.2352941176471,127.05514705882354,5533.197326448962,0.008380893582360808,-1.200227682821701,0.005970428993227466,10.069576887400814,10.084808387804364,534,-0.6619256522664505,0.08036429461291617,0.08806279093384915,18.351693181432402,26.74723290348143,0.07261029411764706,0.13143382352941177,0.06525735294117647,0.057904411764705885,0.5202205882352942,0.006433823529411764,0,2,7.804412950287609
des_s087_liboqs.bin,DES,des,4104,liboqs,463,79a6d8d9041a5712,4104,7.954831088438907,257.1072124756335,128.64010721247564,5444.3960619768095,-0.004018950097973505,-1.1990342680510666,0.02145456043706079,11.937568322512695,12.001624209439383,2024,-0.9047415791532087,0.09480069832183399,0.07705046702076143,18.569674605028435,26.729623751648372,0.05141325536062378,0.09722222222222222,0.057504873294346975,0.058723196881091615,0.5021929824561403,0.0029239766081871343,0,2,7.95223408873064
rsa2048_s028_liboqs.bin,RSA-2048,rsa2048,256,liboqs,464,ae02a1c4bbc56eff,256,7.141844373011514,276.0,122.2265625,5309.542419433594,0.03738841831264485,-1.1858890137716265,0.055064375625570865,7.986510299603956,7.9886846867721655,121,-0.9568939757854799,0.08423536508124162,0.06051536478449089,13.085447752029495,24.286024255136816,0.12890625,0.22265625,0.0703125,0.0390625,0.546875,0.0,6,1,7.144128903573304
mlkem768_s075_openssl.bin,ML-KEM-768,mlkem768,1088,openssl,465,26f94e0469c8816d,1088,7.792517030893366,304.4705882352941,128.5579044117647,5368.573852961452,-0.015944114304616338,-1.1631483022962128,-0.035266110843109995,10.071416813803758,10.084808387804364,558,0.7978545540924551,0.08966718299438123,0.10190962043277188,15.579914055834404,25.151452584609558,0.07352941176470588,0.13602941176470587,0.0625,0.05974264705882353,0.5229779411764706,0.004595588235294118,0,2,7.849198780565691
rsa2048_s041_openssl.bin,RSA-2048,rsa2048,256,openssl,466,b287ce0ae3a6f7c2,256,7.213190710927493,242.0,117.28515625,5532.180404663086,0.12736581435942235,-1.1858655992445926,0.05738878144600583,7.986510299603956,7.9886846867721655,115,-1.554717686571025,0.062009796353076345,0.08267972847076846,22.955204006743458,29.853683464219888,0.1171875,0.2109375,0.09765625,0.046875,0.52734375,0.00390625,5,2,7.240713964291308
aes256_s034_liboqs.bin,AES-256,aes256,1040,liboqs,467,7f758eb5060329dd,1040,7.794630346907157,276.9230769230769,129.18269230769232,5312.558931213018,-0.06877332549567226,-1.1845292282764726,-0.03733690917950032,9.999805732936936,10.019590728357882,530,0.5935440289130862,0.07561385865899038,0.08567949773055948,18.233769480890352,24.990118979261247,0.07211538461538461,0.1346153846153846,0.06057692307692308,0.04903846153846154,0.4846153846153846,0.006730769230769231,0,2,7.825367915238072
chacha20_s097_openssl.bin,ChaCha20,chacha20,528,openssl,468,7275c301f91b1515,528,7.554660237077151,284.6060606060606,128.92613636363637,5399.083559314738,-0.0021566628281256854,-1.2103165625447043,0.010010859771265966,9.026478885982566,9.038918989292302,256,-0.7761225074601537,0.08002230952518936,0.09250306897725329,20.393091606269707,27.718920089095235,0.0928030303030303,0.16477272727272727,0.06628787878787878,0.05303030303030303,0.4753787878787879,0.0,2,1,7.6361212857321945
chacha20_s066_liboqs.bin,ChaCha20,chacha20,4112,liboqs,469,d6bb4ee0bb8ab931,4112,7.9563357811068585,243.11284046692606,129.2395428015564,5598.176811853226,-0.025473976270091864,-1.214093892907285,-0.0109893663313694,11.940321199738676,12.004922678569045,2082,0.8123333985274158,0.08380606002009136,0.08348783244148991,18.27463715886177,25.380569654510666,0.047422178988326846,0.0909533073929961,0.0632295719844358,0.06687743190661478,0.5055933852140078,0.005593385214007782,0,2,7.955566437834119
3des_s032_openssl.bin,3DES,3des,4112,openssl,470,fd3e1f22bf68a206,4112,7.956272550444905,246.3501945525292,127.43822957198444,5397.786554064028,0.02399627274306044,-1.1974998862694968,0.010331159988994646,11.950602071182725,12.00443606056418,2049,-0.2320685353625824,0.08254229600200698,0.08254164760932461,19.148565821828534,27.179634010404087,0.049854085603112844,0.0938715953307393,0.05860894941634241,0.057149805447470815,0.5068093385214008,0.0019455252918287938,0,2,7.952541739072034
mlkem768_s065_liboqs.bin,ML-KEM-768,mlkem768,1088,liboqs,471,1467324a9c1c2aa7,1088,7.836889987943934,230.58823529411765,125.91727941176471,5779.202716127812,0.0445788775809831,-1.238313398890169,0.027132749101652056,10.07693659301259,10.084808387804364,533,-0.6596420192338475,0.08161019441332026,0.08606396993176195,19.457330534588326,26.7982883484603,0.06801470588235294,0.12224264705882353,0.0744485294117647,0.06341911764705882,0.47794117647058826,0.001838235294117647,0,2,7.786843702742737
des_s015_liboqs.bin,DES,des,4104,liboqs,472,659cef50ef84a4ca,4104,7.9588130550545255,233.65302144249512,126.05263157894737,5469.031342977327,0.015566713562402978,-1.2103766958764783,0.016260645236400487,11.941955356390345,12.001624209439383,2013,-1.230651744039929,0.09311630381151886,0.07029716538111876,17.3447768821717,25.580491973093746,0.049463937621832356,0.09307992202729044,0.06530214424951267,0.056286549707602336,0.4980506822612086,0.005116959064327485,0,2,7.963431353382215
mlkem768_s073_openssl.bin,ML-KEM-768,mlkem768,1088,openssl,473,97081c20289f4bf1,1088,7.827491837888968,243.2941176470588,129.56341911764707,5418.078698603752,-0.03265893317095657,-1.1955156763245554,-0.0022024873741193205,10.080616445818478,10.084808387804364,528,-0.9635936188130557,0.056955637444226714,0.06525087996065754,16.08007697537233,23.771502438830836,0.06709558823529412,0.12591911764705882,0.06158088235294118,0.06158088235294118,0.5174632352941176,0.004595588235294118,0,2,7.7973822084048985
chacha20_s023_liboqs.bin,ChaCha20,chacha20,528,liboqs,474,7c8880c3710e0557,528,7.562761043113341,277.8181818181818,126.93560606060606,5411.829186753903,-0.02280572773870605,-1.1046105306309015,-0.06421265758143026,9.030273952396227,9.038918989292302,272,0.6112058447286994,0.06901843620563863,0.07186994682200862,16.43733426037312,24.22040370624108,0.0928030303030303,0.16856060606060605,0.07575757575757576,0.06439393939393939,0.48484848484848486,0.0,2,2,7.613179708063648
aes256_s045_liboqs.bin,AES-256,aes256,1040,liboqs,475,4d2e288a746ca72a,1040,7.787060427915865,288.24615384615385,127.30096153846154,5595.133460613905,-0.022922602051149373,-1.2506427174285752,0.058258526295976734,10.007505444197763,10.019590728357882,490,-1.8981978939867394,0.06538461538461539,0.06957712505817516,19.458316185810688,28.15715126472624,0.07788461538461539,0.13653846153846153,0.06826923076923076,0.0625,0.4855769230769231,0.0,0,2,7.829468596765829
chacha20_s056_openssl.bin,ChaCha20,chacha20,528,openssl,476,90fb72f7699b09bb,528,7.6152662976832115,263.27272727272725,126.89015151515152,5194.472781795225,0.02981317376441046,-1.120310829614808,0.02287638059383791,9.037864085223552,9.038918989292302,247,-1.5531111666374362,0.07945521577046602,0.06615245907792795,17.615239011480618,26.68418442564606,0.09848484848484848,0.17613636363636365,0.054924242424242424,0.058712121212121215,0.4621212121212121,0.003787878787878788,3,2,7.646092379729581
aes256_s037_openssl.bin,AES-256,aes256,4128,openssl,477,19935128b101f927,4128,7.95595274352931,248.5581395348837,127.69476744186046,5584.79006951956,-0.007522155457175774,-1.242009429443044,0.0003358810823976024,11.94587538171639,12.009558643937867,2078,0.4149836952011047,0.08836135524310636,0.08349655009502949,18.848370229654705,27.349890509753948,0.050872093023255814,0.09520348837209303,0.06564922480620156,0.05692829457364341,0.5082364341085271,0.003391472868217054,0,2,7.95912731130401
chacha20_s050_openssl.bin,ChaCha20,chacha20,2064,openssl,478,fc25dbcec1ba3ee5,2064,7.911732428640717,242.2325581395349,128.3168604651163,5374.375374639445,-0.02357197930005081,-1.171952598692617,0.01883451011447333,10.988230481068259,11.009828617368107,1007,-1.1378334621584127,0.0867234528498622,0.07776125057263131,19.100454155887242,26.41827315734677,0.054748062015503876,0.10319767441860465,0.06443798449612403,0.05717054263565891,0.500968992248062,0.0048449612403100775,0,2,7.9089054420738725
chacha20_s098_openssl.bin,ChaCha20,chacha20,528,openssl,479,454d96ac5b38c307,528,7.623567972626891,240.96969696969697,128.46401515151516,5551.199462666437,-0.012561054513616983,-1.190955192808216,0.0027793325454915016,9.03406901880989,9.038918989292302,282,1.4937191527018963,0.0815934061687046,0.0815934061687046,18.558485500383707,25.792218306427948,0.08712121212121213,0.15151515151515152,0.06628787878787878,0.07007575757575757,0.5246212121212122,0.005681818181818182,1,2,7.663347757205483
des_s025_openssl.bin,DES,des,1040,openssl,480,6059857a70363c72,1040,7.77985811116659,287.26153846153846,127.26057692307693,5809.596522744083,0.0049772617177331994,-1.256829771596649,0.012860912932467081,10.011355299828177,10.019590728357882,519,-0.11446373869704012,0.08258847489023378,0.10192307692307692,20.73184611695639,28.762422210202132,0.07307692307692308,0.13365384615384615,0.075,0.06538461538461539,0.49903846153846154,0.004807692307692308,0,2,7.791197848010905
3des_s089_openssl.bin,3DES,3des,1032,openssl,481,28311744068c0a96,1032,7.798675064097284,269.3333333333333,126.49806201550388,5340.4612365542935,0.022027247749082858,-1.1875973109339397,-0.055051425473031795,10.000129296320582,10.008428622070578,549,2.0087197740355793,0.13792631597723928,0.08456365980337763,18.038473429551598,25.28283796311289,0.0687984496124031,0.1308139534883721,0.05910852713178295,0.0562015503875969,0.4883720930232558,0.0009689922480620155,0,2,7.835104776789864
chacha20_s029_liboqs.bin,ChaCha20,chacha20,1040,liboqs,482,5876d282d1590b98,1040,7.79555391067882,281.84615384615387,129.475,5336.812836538461,0.018711589903473016,-1.185287187750377,-0.02034609806142669,10.001730660752143,10.019590728357882,528,0.4402572509135758,0.07938372092519343,0.0834712862085027,16.245753143277405,22.413468220967225,0.075,0.13653846153846153,0.04903846153846154,0.06442307692307692,0.4846153846153846,0.0019230769230769232,1,2,7.792014206739319
des_s016_openssl.bin,DES,des,272,openssl,483,2e3986430cefb926,272,7.213243333974008,273.88235294117646,132.81617647058823,5555.098561851211,-0.08302566644675803,-1.2434806982027236,0.08109919167258661,8.08214904135387,8.07681559705083,132,-0.4114869849511199,0.075703162801375,0.058823529411764705,17.830021962261867,25.477484929282156,0.1323529411764706,0.22426470588235295,0.051470588235294115,0.07352941176470588,0.47058823529411764,0.003676470588235294,9,2,7.222009742301217
aes128_s073_liboqs.bin,AES-128,aes128,1056,liboqs,484,9b0f3d7de1dd90d5,1056,7.823200502423172,237.57575757575756,128.26799242424244,5398.141248242367,-0.045481369746498204,-1.1578262140248519,0.04573985308678245,10.022174203025827,10.041659151637214,513,-0.9760366567784956,0.08211925526014696,0.07697879330644536,18.300986546203912,26.812957510823296,0.06628787878787878,0.125,0.061553030303030304,0.05965909090909091,0.4876893939393939,0.005681818181818182,0,2,7.790946883233331
mlkem768_s078_openssl.bin,ML-KEM-768,mlkem768,1088,openssl,485,309abef86bdfc412,1088,7.826345682144767,246.58823529411765,129.06341911764707,5616.7266765449285,-0.021021401510104298,-1.2215392155310392,-0.08621706669069351,10.080616445818478,10.084808387804364,576,1.8806341673725162,0.08589259278709899,0.08928223856309479,17.628951413047943,25.4590844449063,0.0661764705882353,0.125,0.05974264705882353,0.06525735294117647,0.484375,0.007352941176470588,0,2,7.84971974295428
aes128_s080_liboqs.bin,AES-128,aes128,2080,liboqs,486,c4cfe634257df4a0,2080,7.882074312098292,337.2307692307692,127.22932692307693,5411.460389931583,-0.02609896236781013,-1.1816274593029135,-0.02845220409254057,10.986080007264334,11.020979938904212,1074,1.447493896358654,0.08465668431141186,0.08500783117423209,18.404167046927125,24.8750240245119,0.06442307692307692,0.12067307692307692,0.07211538461538461,0.04951923076923077,0.48221153846153847,0.0033653846153846156,0,2,7.898485784515537
mlkem768_s010_openssl.bin,ML-KEM-768,mlkem768,1088,openssl,487,65e302af8299dbc2,1088,7.842842163599639,224.0,130.35845588235293,5372.397244674525,-0.05047845209099686,-1.1885681189857376,0.018263324255681064,10.071416813803758,10.084808387804364,545,0.01606536400002,0.07937649634791898,0.08816324223955184,19.512111557488524,26.36270800488817,0.06801470588235294,0.12683823529411764,0.05422794117647059,0.05330882352941176,0.49264705882352944,0.006433823529411764,0,2,7.800683276762505
3des_s068_liboqs.bin,3DES,3des,4112,liboqs,488,0d3aa653655259ed,4112,7.959226043650983,229.91439688715954,126.98346303501945,5490.965193454859,0.009778425127925521,-1.2137415563940035,-0.008712097131186512,11.954980567898854,12.004922678569045,2079,0.6864899628586933,0.07197497864526246,0.06921840235541597,17.692003613209017,26.46593543032139,0.04912451361867704,0.09265564202334631,0.06152723735408561,0.0610408560311284,0.4995136186770428,0.0038910505836575876,0,2,7.956755167902488
aes128_s070_openssl.bin,AES-128,aes128,2080,openssl,489,d0f2ac079132c166,2080,7.919132638745154,238.27692307692308,127.93173076923077,5459.112647004438,-0.058918908657069245,-1.24220595602383,-0.0013287322717893697,10.9924509127467,11.020979938904212,1037,-0.14249084597205094,0.09132590868769462,0.09268253220077627,19.39795700445657,26.322672350974276,0.06057692307692308,0.11538461538461539,0.06057692307692308,0.04567307692307692,0.5019230769230769,0.005288461538461539,0,2,7.894139365082377
chacha20_s087_openssl.bin,ChaCha20,chacha20,2064,openssl,490,bf7bb63d74e7bcbe,2064,7.905612095164837,263.8139534883721,128.27228682170542,5442.495627328585,0.0009650793222717379,-1.2031012431885115,0.018168016114209144,10.974292096433182,11.009828617368107,1015,-0.7843794612636416,0.0903590544382674,0.0842131757078589,19.078751965298782,27.61795505250297,0.05717054263565891,0.10901162790697674,0.061046511627906974,0.05910852713178295,0.4941860465116279,0.00436046511627907,0,2,7.890949568026569
rsa2048_s001_liboqs.bin,RSA-2048,rsa2048,256,liboqs,491,747cdbe1b220e70c,256,7.177467089725435,240.0,136.77734375,5858.751205444336,-0.11800480079158687,-1.2683010708381508,-0.033640709025587696,7.994353436858858,7.9886846867721655,129,0.03530326327934652,0.06987712429686843,0.07287014885225637,17.65394023539677,25.71790958482213,0.10546875,0.19921875,0.0546875,0.08203125,0.48828125,0.00390625,3,1,7.176930974069776
aes256_s097_openssl.bin,AES-256,aes256,272,openssl,492,90cf08646778820d,272,7.165744493758773,288.94117647058823,127.49632352941177,5480.713221777682,0.017095352983704723,-1.2177019546062355,-0.11004565748678198,8.08214904135387,8.07681559705083,143,0.7289530499419067,0.07498558108224684,0.04223943122454433,18.500688960097403,21.248929153254632,0.12867647058823528,0.22058823529411764,0.04044117647058824,0.058823529411764705,0.5330882352941176,0.003676470588235294,9,1,7.1335441760612275
mlkem768_s062_liboqs.bin,ML-KEM-768,mlkem768,1088,liboqs,493,31b83032b3279a97,1088,7.8125738788602215,247.05882352941177,127.83088235294117,5645.359266868511,0.005801263410606079,-1.256224704153172,-0.04474493103656493,10.051177623371375,10.084808387804364,572,1.654732492002143,0.07078996144841804,0.058823529411764705,17.331449529327596,25.390767383816907,0.0661764705882353,0.12224264705882353,0.06341911764705882,0.0625,0.49080882352941174,0.0055147058823529415,1,2,7.805370593829915
mlkem768_s088_liboqs.bin,ML-KEM-768,mlkem768,1088,liboqs,494,f52be778bcc695a1,1088,7.82296372829401,249.88235294117646,126.84375,5207.712718290441,-0.006175938396293247,-1.1165706691286539,-0.003442391806473675,10.071416813803758,10.084808387804364,533,-0.7269603244257804,0.0806103380488261,0.08397738073897368,15.805939481284542,24.21443035481298,0.07352941176470588,0.12959558823529413,0.0625,0.04963235294117647,0.5055147058823529,0.0055147058823529415,0,2,7.812227668678153
chacha20_s021_openssl.bin,ChaCha20,chacha20,272,openssl,495,8bad9b8e45dd02c7,272,7.293057694064252,224.94117647058823,122.02573529411765,5169.466249459343,0.1229513568950885,-1.1372370521358652,-0.06119301410701292,8.067388893752394,8.07681559705083,138,0.2521009415551746,0.07128940966788719,0.1008184500058977,17.072429760149106,22.754721944749665,0.10661764705882353,0.1948529411764706,0.058823529411764705,0.03676470588235294,0.4889705882352941,0.0,5,2,7.258541604035129
rsa2048_s048_openssl.bin,RSA-2048,rsa2048,256,openssl,496,8f1686568cfa4d61,256,7.187448170045528,252.0,126.15234375,5109.207260131836,-0.034646670420817524,-1.1922335384069518,0.06493719196337219,7.994353436858858,7.9886846867721655,121,-1.0010494270152945,0.05412658773652741,0.07287014885225637,27.018150445417447,31.001397624350517,0.125,0.21484375,0.0546875,0.0390625,0.51953125,0.0,6,2,7.128187995470283
chacha20_s075_liboqs.bin,ChaCha20,chacha20,272,liboqs,497,9591486254f6cd7d,272,7.25217749009821,241.88235294117646,133.86029411764707,5783.6569528546715,-0.10164313189209917,-1.2743839343066736,-0.08018811470421289,8.08214904135387,8.07681559705083,139,0.2511469319522866,0.07352941176470588,0.08054743492723031,19.167047317066633,30.82583852065877,0.11029411764705882,0.19852941176470587,0.05514705882352941,0.06985294117647059,0.47058823529411764,0.003676470588235294,5,1,7.308393172316777
aes128_s023_openssl.bin,AES-128,aes128,272,openssl,498,ffa28dec2d4433f6,272,7.1929868082228055,270.11764705882354,126.98529411764706,5952.6100778546715,0.02567156171117534,-1.2049111547531972,-0.016339260324908362,8.08214904135387,8.07681559705083,137,0.008043851913062167,0.08291288371926601,0.09530501027070383,20.955743033592615,29.32532979457441,0.125,0.21323529411764705,0.08088235294117647,0.08088235294117647,0.5367647058823529,0.01838235294117647,8,2,7.253210078433445
rsa2048_s090_openssl.bin,RSA-2048,rsa2048,256,openssl,499,d02727ff11d884da,256,7.191024413893479,236.0,129.3515625,5438.743591308594,-0.011350882098296286,-1.1740661979220004,-0.07699721827493768,7.994353436858858,7.9886846867721655,139,1.2524582127971973,0.07614683081882002,0.06051536478449089,12.740074932171465,27.644037513695313,0.09765625,0.19140625,0.0625,0.07421875,0.5234375,0.0,1,1,7.158675985708782
3des_s034_openssl.bin,3DES,3des,1032,openssl,500,9305a7c7f48ed40f,1032,7.800396979208043,269.82945736434107,125.45542635658914,5446.288710864732,-0.016532690088103135,-1.1959751894853357,0.004681722645266202,9.978790790016022,10.008428622070578,512,-0.30557886993998207,0.1442162721861201,0.07261625579533021,18.555979494491794,24.418403507538727,0.07267441860465117,0.13468992248062014,0.0755813953488372,0.05232558139534884,0.49224806201550386,0.0029069767441860465,0,2,7.803149007701829
des_s003_liboqs.bin,DES,des,4112,liboqs,501,50d49d8188319698,4112,7.958920294229396,231.90661478599222,127.50097276264592,5475.701360921437,0.002483041467814663,-1.1874032551607177,-0.016476932842991843,11.93515332999948,12.004922678569045,2082,0.7799616346412069,0.08462778848519331,0.07597267460048707,19.140672992968973,26.044830010195085,0.049854085603112844,0.0938715953307393,0.06420233463035019,0.05982490272373541,0.5038910505836576,0.0038910505836575876,0,2,7.953759981525463
aes128_s082_liboqs.bin,AES-128,aes128,528,liboqs,502,9abdab231c5e06d9,528,7.619560628117206,248.72727272727272,131.92045454545453,5290.47852100551,-0.07528697444641427,-1.1761083221719404,-0.06252704605691019,9.037864085223552,9.038918989292302,275,0.9485345332409858,0.08211925526014696,0.09620019014545678,18.056763354036942,27.46445392391487,0.08712121212121213,0.1571969696969697,0.04734848484848485,0.0625,0.48484848484848486,0.001893939393939394,1,2,7.618639146005763
3des_s008_openssl.bin,3DES,3des,4112,openssl,503,a67d6e0a6ee7c237,4112,7.952952379544857,265.64980544747084,127.44406614785993,5528.605334439204,-0.003348374032036669,-1.2055809258664116,-0.00568588881083331,11.950299197794783,12.004922678569045,2059,0.06293259021603385,0.08446075506645671,0.08637597546621299,18.440763891768878,25.596963808801377,0.049854085603112844,0.0946011673151751,0.0646887159533074,0.05982490272373541,0.5029182879377432,0.004377431906614786,0,3,7.957622948448493
mlkem768_s064_liboqs.bin,ML-KEM-768,mlkem768,1088,liboqs,504,888c70cf13b351aa,1088,7.842921666797702,225.41176470588235,127.38786764705883,5852.695146923659,0.03568843829948659,-1.2717753106399412,0.022238736294149308,10.06221718178904,10.084808387804364,545,0.011154841930940287,0.07857246423956805,0.07090919677200702,17.982600348837543,25.944343885406845,0.06801470588235294,0.12408088235294118,0.06893382352941177,0.07536764705882353,0.48161764705882354,0.0027573529411764708,1,2,7.815137767528995
aes128_s029_openssl.bin,AES-128,aes128,544,openssl,505,8810f0a8f3fcb1f4,544,7.564450480236137,279.52941176470586,131.5514705882353,5364.3245566609,-0.020711516181903294,-1.2081091287702879,0.010018036244775888,9.077441905299757,9.082149041353869,268,-0.4213958240296683,0.06985294117647059,0.058823529411764705,16.93942949849342,24.3492627630094,0.09191176470588236,0.16544117647058823,0.04963235294117647,0.07352941176470588,0.45955882352941174,0.0,2,2,7.666952232554173
mlkem768_s017_liboqs.bin,ML-KEM-768,mlkem768,1088,liboqs,506,31f3ba03cb787b14,1088,7.822866046245172,248.94117647058823,125.61305147058823,5231.928395835586,0.04067946903184642,-1.1698965087842472,-0.015334455522350037,10.073256740206702,10.084808387804364,541,-0.23367891665366833,0.07211413693357732,0.06525087996065754,18.82952576664148,24.798349789238188,0.06893382352941177,0.12867647058823528,0.05422794117647059,0.05330882352941176,0.4954044117647059,0.0027573529411764708,0,2,7.814657610146576
mlkem768_s002_openssl.bin,ML-KEM-768,mlkem768,1088,openssl,507,330500e89f594691,1088,7.833667466742409,238.11764705882354,127.05238970588235,5486.319865612835,0.004982794911762465,-1.2296907842891611,-0.030043977332493806,10.078776519415534,10.084808387804364,534,-0.6662966618260526,0.0658693855410622,0.062147579060209436,18.54045473176506,26.403162041631656,0.0661764705882353,0.12408088235294118,0.06066176470588235,0.057904411764705885,0.4954044117647059,0.0009191176470588235,0,2,7.8226236916902865
rsa2048_s002_openssl.bin,RSA-2048,rsa2048,256,openssl,508,8347d649bd288900,256,7.150046972504131,256.0,128.171875,5857.587646484375,0.021990263471691297,-1.2897077295137584,0.01770569264065926,7.978667162349054,7.9886846867721655,128,-0.10969764198234622,0.08522431339559151,0.06051536478449089,18.717139173178282,23.70297050048527,0.109375,0.203125,0.0546875,0.08203125,0.4609375,0.0078125,4,2,7.165735864374587
chacha20_s025_liboqs.bin,ChaCha20,chacha20,1040,liboqs,509,6bbfcceb381ee0d1,1040,7.7946154808041825,289.7230769230769,126.03173076923076,5391.449954696745,0.0611739247090264,-1.1702125127700231,-0.001388959724126232,10.005580516382556,10.019590728357882,504,-1.0352852968576547,0.0726200291865354,0.06957712505817516,18.471544914372178,26.679045506161245,0.075,0.13846153846153847,0.05480769230769231,0.05673076923076923,0.46826923076923077,0.004807692307692308,0,2,7.816388602586006
3des_s022_openssl.bin,3DES,3des,4112,openssl,510,bab49ba600889748,4112,7.956166617911201,246.84824902723736,127.71254863813229,5493.04237171456,-0.013329929925790329,-1.1921076077309662,0.0013193747566022714,11.94360745004379,12.00443606056418,2055,-0.05850547282944553,0.07984312133661149,0.08095633297213412,19.191974629960583,26.326851474915582,0.04961089494163424,0.0928988326848249,0.0646887159533074,0.0629863813229572,0.497568093385214,0.0029182879377431907,0,2,7.95660576229764
des_s081_openssl.bin,DES,des,1040,openssl,511,159edb1d2e5a53d2,1040,7.835864371898892,218.33846153846153,127.72115384615384,5303.31262943787,0.00558252067929346,-1.147308798805804,-0.04535986838387098,9.995955877306521,10.019590728357882,531,0.6209588169840141,0.08213137116947163,0.08980995714488936,19.88930024041204,26.694665712737308,0.06442307692307692,0.11923076923076924,0.06057692307692308,0.0625,0.5134615384615384,0.004807692307692308,0,2,7.8387768089906285
chacha20_s099_liboqs.bin,ChaCha20,chacha20,4112,liboqs,512,ecc47cced93a7d89,4112,7.9611449892949295,222.07003891050584,129.02358949416342,5455.831398788684,-0.045469471162206634,-1.182288476758457,0.00465133058327538,11.943910323431734,12.004922678569045,2054,-0.008249192259300818,0.08380536811646914,0.07602655070671377,17.749012819311506,25.607989213925254,0.04912451361867704,0.0933852140077821,0.0632295719844358,0.05860894941634241,0.5002431906614786,0.005836575875486381,0,2,7.950845007743177
3des_s020_liboqs.bin,3DES,3des,272,liboqs,513,ce824c40293e133d,272,7.214439760294936,255.05882352941177,124.4375,5332.907858455882,0.11120724261950998,-1.1613744310388003,-0.006436218307569775,8.08214904135387,8.07681559705083,139,0.25750112388371793,0.056955637444226714,0.058823529411764705,17.04593437381684,27.24826711300674,0.11029411764705882,0.19852941176470587,0.058823529411764705,0.05514705882352941,0.5772058823529411,0.003676470588235294,5,2,7.164409592949052
3des_s069_openssl.bin,3DES,3des,272,openssl,514,e90caabd3544502f,272,7.255096561860971,245.64705882352942,128.09926470588235,5319.949705341695,0.01158209138355165,-1.1540147503519815,0.021221673325238492,8.08214904135387,8.07681559705083,130,-0.8428169282242234,0.05302281287447043,0.058823529411764705,21.763455722243386,28.886691983057673,0.1213235294117647,0.21323529411764705,0.05514705882352941,0.04779411764705882,0.48161764705882354,0.003676470588235294,9,2,7.16756366295744
chacha20_s069_openssl.bin,ChaCha20,chacha20,528,openssl,515,7052d273b36bfa80,528,7.5938337172735055,258.42424242424244,130.75,5800.331439393939,-0.11128263821608926,-1.2813826317835029,-0.0040302686464821266,9.037864085223552,9.038918989292302,254,-0.866565220648617,0.07499617376220959,0.06615245907792795,18.131281565629088,25.791550398719675,0.08712121212121213,0.16287878787878787,0.06060606060606061,0.058712121212121215,0.5227272727272727,0.001893939393939394,1,2,7.579795527865811
3des_s087_openssl.bin,3DES,3des,4112,openssl,516,4c846f0255855b3d,4112,7.954380200249728,256.68482490272373,128.6738813229572,5481.209064896421,-0.018754753285503706,-1.217781858054047,-0.0460139612160598,11.950418444935545,12.003949442559312,2124,2.1049854212959316,0.07827258181572815,0.07538753607002943,18.791145595994028,24.694232014964,0.04815175097276265,0.0931420233463035,0.05763618677042802,0.05496108949416342,0.5070525291828794,0.0029182879377431907,0,2,7.95498720060425
aes128_s091_liboqs.bin,AES-128,aes128,4112,liboqs,517,b935d9c778c61b48,4112,7.953101254400595,263.15953307392994,125.75851167315174,5339.6739304697085,0.006060154810226269,-1.1726337089993732,0.019312530799247673,11.937585828175106,12.00443606056418,1989,-2.1133584548680955,0.08692072780819467,0.0866817897904806,18.770340067325748,26.50696937340639,0.05009727626459144,0.0941147859922179,0.06955252918287938,0.05277237354085603,0.48370622568093385,0.003404669260700389,0,2,7.953720401384724
des_s026_openssl.bin,DES,des,272,openssl,518,34ebb4e00541149c,272,7.270998870534841,234.35294117647058,132.25367647058823,5903.10108942474,-0.13512962421026212,-1.2411032572463312,-0.11580871102597674,8.074768967553133,8.07681559705083,153,2.008021493466585,0.09114142860574659,0.10604562574894086,15.229848525704941,21.706313574247563,0.11029411764705882,0.19852941176470587,0.08455882352941177,0.07352941176470588,0.5110294117647058,0.014705882352941176,6,1,7.1607916963020175
aes256_s046_openssl.bin,AES-256,aes256,1056,openssl,519,69ffcfecb09eb0d0,1056,7.8144472659684485,266.1818181818182,126.62973484848484,5367.041880990301,0.0077631829585436485,-1.1678623930379886,0.0037271932371675297,10.013875731459795,10.041659151637214,527,-0.10036313508234,0.08205370841831239,0.07934227297595989,19.410821329441024,26.87830056064147,0.07196969696969698,0.13257575757575757,0.056818181818181816,0.05776515151515151,0.5085227272727273,0.00946969696969697,0,2,7.800793734913232
chacha20_s061_openssl.bin,ChaCha20,chacha20,528,openssl,520,b79ca73562e8d208,528,7.612750675005447,278.7878787878788,129.36363636363637,5690.03064738292,-0.01767120730962379,-1.1937042363471229,0.030361842449661697,9.03406901880989,9.038918989292302,262,-0.2561433974476765,0.09293821323019165,0.09964353362095382,16.921208161372398,26.872451669815252,0.09848484848484848,0.17424242424242425,0.07196969696969698,0.07196969696969698,0.4810606060606061,0.003787878787878788,3,2,7.608657346829753
3des_s001_openssl.bin,3DES,3des,520,openssl,521,3a56d959e3a0eaa4,520,7.5864820458727324,250.95384615384614,128.18846153846152,5539.614482248521,-0.04018100876492984,-1.195588249314496,-0.06102947228621657,9.004176470169057,9.016808287686555,266,0.473419318379178,0.21766299846300974,0.07438107540697583,18.980164072366648,24.981359618771087,0.08653846153846154,0.1576923076923077,0.075,0.057692307692307696,0.4653846153846154,0.0038461538461538464,0,2,7.529066045007022
des_s039_openssl.bin,DES,des,2056,openssl,522,14314756b5a0b7cf,2056,7.89916517301057,282.863813229572,127.76750972762646,5532.416765393874,-0.00905493631031845,-1.2107645620632934,0.01864909168456259,10.974385020417142,11.003246756483724,1019,-0.4360454234663838,0.11321047912352639,0.09661252154035126,16.538842790393524,25.227487552951864,0.06031128404669261,0.11138132295719845,0.0646887159533074,0.05642023346303502,0.5019455252918288,0.00632295719844358,0,2,7.906717938103226
aes256_s098_openssl.bin,AES-256,aes256,1056,openssl,523,bb3e699ffa4bd842,1056,7.811316856052288,265.2121212121212,128.45075757575756,5563.940757001837,-0.02168071138953666,-1.2371320860723523,0.03584523374927279,10.022174203025827,10.041659151637214,513,-0.9850858751356804,0.063609301605101,0.06615245907792795,21.080688338562243,28.841183454609535,0.07196969696969698,0.13068181818181818,0.0634469696969697,0.052083333333333336,0.49242424242424243,0.001893939393939394,0,2,7.8419123992780255
aes128_s047_liboqs.bin,AES-128,aes128,544,liboqs,524,a1321315b9eb198f,544,7.577645312318521,288.0,126.46139705882354,5851.924980401168,0.03492696044860571,-1.3108043496250734,-0.01485396422473543,9.08112514655206,9.082149041353869,280,0.6059785440271528,0.08854113660876688,0.0920587060702126,19.015364909562344,27.91644289142138,0.09375,0.16727941176470587,0.07536764705882353,0.0661764705882353,0.5165441176470589,0.001838235294117647,2,2,7.628147051879072
aes256_s047_liboqs.bin,AES-256,aes256,544,liboqs,525,89b0ba91eceeadf2,544,7.592279319639647,260.70588235294116,130.48345588235293,5815.915167468642,-0.10708739092944383,-1.237856422435441,0.051913789693706795,9.073758664047455,9.082149041353869,263,-0.6963482788847201,0.09594109081396977,0.08054743492723031,16.457724284005604,26.177770939591106,0.08272058823529412,0.15625,0.07536764705882353,0.07536764705882353,0.49816176470588236,0.0,1,2,7.614971454489379
3des_s016_liboqs.bin,3DES,3des,4112,liboqs,526,e59af072d340a580,4112,7.953715187147413,263.7821011673152,128.2465953307393,5531.067109030795,-0.020304634410605052,-1.202856099623596,0.018855289516634406,11.947802320512737,12.004922678569045,2033,-0.7342174824173789,0.07720787605280885,0.07885379853308776,17.755653812216487,25.453048168610316,0.05252918287937743,0.09849221789883268,0.0632295719844358,0.0632295719844358,0.5102140077821011,0.0024319066147859923,0,2,7.956602712042408
mlkem768_s011_liboqs.bin,ML-KEM-768,mlkem768,1088,liboqs,527,4ec4c41a140df062,1088,7.854625896054318,201.88235294117646,126.97334558823529,5455.156458659981,0.016262180144208535,-1.204177070939396,-0.011784043075595212,10.069576887400814,10.084808387804364,556,0.6677350524599414,0.06698848219959043,0.062147579060209436,17.541928225946123,25.529419160398724,0.0625,0.11672794117647059,0.05974264705882353,0.058823529411764705,0.5027573529411765,0.0055147058823529415,0,2,7.8246554333064315
mlkem768_s038_openssl.bin,ML-KEM-768,mlkem768,1088,openssl,528,488a6bb0ec698a0a,1088,7.818692771015118,260.2352941176471,128.52481617647058,5346.54166356915,-0.04899160505134333,-1.1904234161888858,0.0027701953845527642,10.065897034594926,10.084808387804364,557,0.7735926528317778,0.08707881825240449,0.08267972847076846,17.47154704964963,25.95926983224994,0.07261029411764706,0.1332720588235294,0.0625,0.04595588235294118,0.5101102941176471,0.006433823529411764,0,3,7.832625967513526
3des_s064_liboqs.bin,3DES,3des,520,liboqs,529,ed25f741d8e65e93,520,7.642897191282483,222.4,124.29807692307692,4867.0053809171595,-0.08753883298235847,-1.0471660624259305,0.00877209682631908,9.015737163810675,9.016808287686555,268,0.617654224500745,0.17539146822409432,0.08213137116947163,20.53168797045138,24.4415284630374,0.08076923076923077,0.15384615384615385,0.075,0.03653846153846154,0.4980769230769231,0.009615384615384616,0,2,7.652608669021998
des_s068_liboqs.bin,DES,des,4104,liboqs,530,5f480321b6e06f28,4104,7.95807385815574,234.90058479532163,127.88913255360623,5521.168751294321,-0.013749472727172456,-1.2051108809703697,0.00130715021283557,11.947197807037268,12.00211177647985,2054,0.045856423426318176,0.09556481197152046,0.08497158530245842,18.44695187206037,26.222195570248115,0.048489278752436644,0.09283625730994152,0.06408382066276803,0.06067251461988304,0.4992690058479532,0.003898635477582846,0,2,7.955611675100063
des_s029_liboqs.bin,DES,des,2056,liboqs,531,3baa7afc4b781acc,2056,7.916975074319842,233.8054474708171,124.45768482490273,5211.151905924011,0.05540237902787862,-1.1678074299669496,0.024462029087823016,10.973779126257611,11.004220466318195,1012,-0.6442522823506366,0.137675311856756,0.09160153610110676,19.395342628512473,25.806914016977174,0.057392996108949414,0.10700389105058365,0.05155642023346303,0.048638132295719845,0.5082684824902723,0.0029182879377431907,0,2,7.916397671662805
rsa2048_s005_openssl.bin,RSA-2048,rsa2048,256,openssl,532,1ec2b2ad90c225c1,256,7.1528592912475855,276.0,128.25390625,5521.009750366211,0.014441638221746754,-1.2178264594217407,0.04253248245950572,7.994353436858858,7.9886846867721655,129,0.0039148914619707076,0.09600160724566022,0.09757809372497497,21.46005406069812,27.267294618919586,0.13671875,0.234375,0.0703125,0.05078125,0.44140625,0.0,9,2,7.177968866252091
3des_s048_openssl.bin,3DES,3des,2064,openssl,533,44825f3045c56bc5,2064,7.897593065773465,279.1937984496124,128.13614341085272,5581.598228537573,-0.03112518158037087,-1.207340188391577,-0.016554889239830783,10.976596937684837,11.009828617368107,1041,0.3606950602067672,0.0808165095426087,0.08081650954260869,17.394397685291793,24.003427754063576,0.05862403100775194,0.10998062015503876,0.06782945736434108,0.0625,0.4898255813953488,0.0048449612403100775,0,2,7.920318190880272
aes128_s024_openssl.bin,AES-128,aes128,1056,openssl,534,9c9d42dcd0486cba,1056,7.8002927102022035,268.6060606060606,126.98200757575758,5681.733577787822,-0.017410582156622462,-1.2446046311942167,0.0003257812083062024,10.024069937622983,10.041659151637214,535,0.3723985155008207,0.07961874250486595,0.07697879330644536,17.883840938352026,26.22318314805831,0.07291666666666667,0.13352272727272727,0.07007575757575757,0.054924242424242424,0.4914772727272727,0.007575757575757576,0,2,7.8063273884049735
chacha20_s008_liboqs.bin,ChaCha20,chacha20,4112,liboqs,535,f9c7deca551ce0c4,4112,7.954883510269367,260.79377431906613,127.16634241245136,5389.233516972247,0.015187647243897479,-1.197067253453834,-0.01646340622203134,11.94719657373685,12.00443606056418,2078,0.6594813886678575,0.07330444339868745,0.07538753607002943,18.65764688807952,25.872720588850836,0.052042801556420236,0.09727626459143969,0.05933852140077821,0.05496108949416342,0.4888132295719844,0.004134241245136187,0,2,7.955300582753108
rsa2048_s021_openssl.bin,RSA-2048,rsa2048,256,openssl,536,9285b806f178511b,256,7.183364648336087,268.0,129.76953125,5430.388290405273,0.040489078075426684,-1.287056967364184,0.035694243678255924,7.994353436858858,7.9886846867721655,134,0.6262291063985986,0.07654655446197431,0.07287014885225637,20.50879573535824,27.57355414272022,0.1328125,0.23046875,0.03515625,0.05859375,0.51171875,0.00390625,9,2,7.181320838692379
aes256_s095_liboqs.bin,AES-256,aes256,272,liboqs,537,4bfc54a0531d6b78,272,7.170927984693394,272.0,123.73161764705883,5618.9904709126295,0.007857129807147652,-1.231235583932212,0.0003921889916267257,8.08214904135387,8.07681559705083,141,0.5311539721202961,0.08637750091522596,0.08054743492723031,16.138186649654923,26.24242069068224,0.1213235294117647,0.20955882352941177,0.07720588235294118,0.051470588235294115,0.4522058823529412,0.0,7,2,7.20553596574509
aes128_s013_liboqs.bin,AES-128,aes128,1056,liboqs,538,498bd843b2c9ad48,1056,7.810620912048201,253.0909090909091,125.78314393939394,5361.760738600494,-0.0032083491848788484,-1.159499314406206,0.02561088743350907,10.039235814400234,10.041659151637214,527,-0.11745619321623665,0.08393378714454673,0.06712138313132329,21.02990751066946,28.39348224935492,0.07102272727272728,0.13257575757575757,0.06628787878787878,0.0634469696969697,0.5179924242424242,0.007575757575757576,0,2,7.847271332447288
rsa2048_s044_liboqs.bin,RSA-2048,rsa2048,256,liboqs,539,3dab07b64d8990a8,256,7.263404589725435,218.0,128.75390625,5141.857406616211,-0.08735071110617579,-1.1159188155691873,0.06904613397279107,7.986510299603956,7.9886846867721655,116,-1.5850089957882563,0.05412658773652741,0.04349815908460954,24.644339930308256,29.38905056879111,0.10546875,0.19921875,0.06640625,0.04296875,0.51171875,0.0,3,1,7.10338239562992
mlkem768_s094_liboqs.bin,ML-KEM-768,mlkem768,1088,liboqs,540,2ea614f5f61ac624,1088,7.831874294818248,233.88235294117646,126.94852941176471,5454.346615484429,0.008963988087954722,-1.151259684786452,0.029429294227669028,10.068882418677573,10.084808387804364,546,0.07418496973196816,0.10067219296740725,0.07597050852857289,16.3230468678677,24.83352416532384,0.06341911764705882,0.12224264705882353,0.06801470588235294,0.058823529411764705,0.5183823529411765,0.007352941176470588,0,2,7.830799160874122
rsa2048_s072_openssl.bin,RSA-2048,rsa2048,256,openssl,541,e9b05d385a89b712,256,7.120711913893479,266.0,132.62109375,5591.407211303711,-0.11249033529321935,-1.2090274782644375,-0.11666461170589508,7.994353436858858,7.9886846867721655,144,1.9489533017319876,0.07928821535228296,0.10825317547305482,19.478772860811482,24.20482431040269,0.109375,0.203125,0.0703125,0.0625,0.51953125,0.00390625,4,2,7.164697972192272
aes256_s020_liboqs.bin,AES-256,aes256,1056,liboqs,542,796db52d2863eac9,1056,7.793103433938684,272.4848484848485,126.91666666666667,5271.404040404041,0.020547818634032253,-1.1469620419215636,-0.015145383707405495,10.027861406817296,10.041659151637214,528,-0.04993094261804662,0.07139423039761653,0.06615245907792795,19.84961015633773,26.291816740675273,0.06723484848484848,0.1278409090909091,0.05397727272727273,0.058712121212121215,0.48674242424242425,0.003787878787878788,0,2,7.8068852113772955
aes256_s062_liboqs.bin,AES-256,aes256,1040,liboqs,543,65d6557d9c8b7d01,1040,7.818207325348437,240.98461538461538,126.3423076923077,5451.655902366864,0.008115003321596604,-1.1730374827177992,0.047979095239286715,10.005580516382556,10.019590728357882,523,0.128407156995736,0.07457969011409737,0.0834712862085027,20.496341452654107,26.199973180798416,0.07019230769230769,0.12788461538461537,0.06923076923076923,0.06634615384615385,0.5038461538461538,0.0038461538461538464,0,2,7.820808350098382
3des_s019_openssl.bin,3DES,3des,1032,openssl,544,304e6e4eaf07528e,1032,7.824346385685616,229.14728682170542,126.66279069767442,5342.027762754643,0.027316687113681473,-1.1723470743542153,-0.023016139724626853,9.998189432111076,10.008428622070578,521,0.28861227974658166,0.16770032766255397,0.0859731512124761,19.106897299359833,24.9229364793686,0.06686046511627906,0.125,0.06492248062015504,0.0562015503875969,0.5058139534883721,0.003875968992248062,0,2,7.818969252706607
3des_s081_openssl.bin,3DES,3des,4112,openssl,545,6fe4757854883f3b,4112,7.951619302822212,275.6108949416342,125.95282101167315,5363.436490096367,0.01369137480874428,-1.1900636424993511,0.015470430419644838,11.947683073371975,12.004922678569045,2020,-1.1424560323891837,0.07849382834207654,0.08664279536700187,17.727008540056815,25.173604898362456,0.049854085603112844,0.09484435797665369,0.05958171206225681,0.052042801556420236,0.5038910505836576,0.003404669260700389,0,2,7.962140808588938
3des_s005_openssl.bin,3DES,3des,2056,openssl,546,8746e84a44822558,2056,7.9105546652831125,250.98832684824902,127.62062256809338,5443.033115565716,-0.0031523946309346424,-1.2043888789749804,-0.02816650921569913,10.976698834286807,11.004220466318195,1041,0.5346803661896692,0.11408190719553002,0.08335162582417088,16.545895753663153,25.032365582485617,0.05642023346303502,0.10700389105058365,0.0622568093385214,0.053501945525291826,0.48443579766536965,0.0024319066147859923,0,2,7.912093640786311
rsa2048_s008_openssl.bin,RSA-2048,rsa2048,256,openssl,547,e14a01d560291dfc,256,7.174518310420109,254.0,129.05859375,5245.992660522461,-0.04788347061529752,-1.2780130656835085,-0.06859616835447502,7.986510299603956,7.9886846867721655,132,0.4008135390858885,0.07614683081882002,0.07287014885225637,12.372424541620205,19.406476054817652,0.1171875,0.2109375,0.046875,0.0390625,0.48046875,0.0078125,6,1,7.116261660395192
rsa2048_s003_openssl.bin,RSA-2048,rsa2048,256,openssl,548,74c476be13a02fab,256,7.108136597686942,278.0,119.55859375,5000.004379272461,0.015928515034486394,-1.079596414222092,0.01717586081093734,7.986510299603956,7.9886846867721655,132,0.3847559955270978,0.06987712429686843,0.06051536478449089,11.658228483857911,20.52137758207794,0.1171875,0.2109375,0.08203125,0.03125,0.55078125,0.00390625,4,2,7.206772701420509
aes128_s042_openssl.bin,AES-128,aes128,544,openssl,549,9d61ad9ccd98ecb9,544,7.546539224564625,302.11764705882354,124.56801470588235,4784.458609293902,0.09079299531575565,-1.0323859630830712,0.014722716339133702,9.077441905299757,9.082149041353869,270,-0.18705728495918353,0.0816308945263769,0.08471851927796259,18.627377017477645,24.99300852443989,0.0900735294117647,0.1636029411764706,0.04595588235294118,0.042279411764705885,0.4834558823529412,0.003676470588235294,3,2,7.567462200166871
des_s083_openssl.bin,DES,des,2056,openssl,550,d8ae0178d3dd7d3f,2056,7.902507721938843,266.17898832684824,126.647859922179,5314.002456509561,0.005088481456233319,-1.1813567138216,0.05569604053075291,10.967939710199216,11.004220466318195,990,-1.7204697999517584,0.11372395252304776,0.08550266192467267,19.449660908169886,27.769201480552834,0.05787937743190662,0.10846303501945526,0.060797665369649805,0.053501945525291826,0.5038910505836576,0.0038910505836575876,0,2,7.901830359533179
aes256_s093_liboqs.bin,AES-256,aes256,288,liboqs,551,ca6f16a64c11f672,288,7.2742565881939,250.66666666666666,122.28125,5614.209092881944,0.0596338377323408,-1.2154491637579712,0.07166724992936391,8.150969644445722,8.159871336778389,138,-0.7880955318150943,0.08476774733148405,0.06909634979907084,19.046899923646077,29.470314851817886,0.11458333333333333,0.19791666666666666,0.06944444444444445,0.059027777777777776,0.5034722222222222,0.010416666666666666,8,2,7.278694862072531
3des_s039_openssl.bin,3DES,3des,1032,openssl,552,c00bef2077d8342f,1032,7.822993530172562,244.03100775193798,127.7625968992248,5488.725616511929,-0.0180024358272758,-1.2184174372722123,-0.011246656174423586,10.002069160530088,10.008428622070578,519,0.12505971998483875,0.1422284041411209,0.07644605784231016,17.12052051291479,25.389327231109583,0.07170542635658915,0.13178294573643412,0.06589147286821706,0.05426356589147287,0.4893410852713178,0.003875968992248062,0,2,7.804176042243676
rsa2048_s032_openssl.bin,RSA-2048,rsa2048,256,openssl,553,8ce5e1241c4c02b7,256,7.13953933212955,272.0,124.83203125,5397.921005249023,0.08461522207477247,-1.1833283872658897,-0.032015525205523816,7.994353436858858,7.9886846867721655,124,-0.5923103061312583,0.10095974986968817,0.09757809372497497,18.503334775849147,23.346230820632982,0.12890625,0.22265625,0.0546875,0.0546875,0.54296875,0.01171875,7,2,7.1978916719832915
aes128_s049_liboqs.bin,AES-128,aes128,528,liboqs,554,ddc08dc8468362ed,528,7.635414579573301,218.66666666666666,128.6155303030303,5535.490440627869,-0.03515671983510011,-1.2517336455700065,-0.014559304829423999,9.030273952396227,9.038918989292302,264,-0.081860261039979,0.07374778246593347,0.07697879330644536,16.79599999456012,26.66012861321798,0.07765151515151515,0.13825757575757575,0.0625,0.05113636363636364,0.4943181818181818,0.007575757575757576,2,2,7.566708692891593
chacha20_s043_openssl.bin,ChaCha20,chacha20,2064,openssl,555,1362588427c6c893,2064,7.901435133122177,274.72868217054264,125.34302325581395,5590.242800162249,0.012303657306880822,-1.2348130636660108,0.002776253644071623,10.971749627941744,11.009828617368107,1036,0.1492228673388283,0.08387151832287916,0.08456365980337763,16.59820383096279,23.168248783899,0.061046511627906974,0.11288759689922481,0.07218992248062016,0.0499031007751938,0.49612403100775193,0.005813953488372093,0,2,7.911734860109601
aes128_s001_liboqs.bin,AES-128,aes128,272,liboqs,556,53570cf83530c380,272,7.095819677550486,296.47058823529414,132.23529411764707,4943.2975778546715,-0.09874910258117889,-1.0878896384766201,-0.07387383777132087,8.08214904135387,8.07681559705083,136,-0.1206053949450631,0.075703162801375,0.08054743492723031,15.531773787057238,25.044019420552768,0.11764705882352941,0.20588235294117646,0.05514705882352941,0.051470588235294115,0.4411764705882353,0.003676470588235294,7,2,7.268243413935832
chacha20_s026_openssl.bin,ChaCha20,chacha20,4112,openssl,557,7db09af0812f6c8d,4112,7.95920314624149,230.78599221789884,127.67947470817121,5405.297555366092,0.0029866191030646625,-1.193662925053137,0.014603213623420892,11.947499447124793,12.004922678569045,2007,-1.5594100146408219,0.07681745923112697,0.07854719547932432,18.620905607628032,25.940884454851265,0.048638132295719845,0.09241245136186771,0.06031128404669261,0.05763618677042802,0.5092412451361867,0.004620622568093385,0,2,7.951663666517967
3des_s028_openssl.bin,3DES,3des,4112,openssl,558,cf406d46d9566465,4112,7.960535773651087,219.9533073929961,127.59046692607004,5519.074986941513,0.004497456082094446,-1.213512717751396,0.028135765813258707,11.944883322701985,12.004922678569045,2026,-0.9669661086861404,0.07952698018432619,0.0791466748466797,19.194632217341983,26.40444465510733,0.04839494163424125,0.0916828793774319,0.060797665369649805,0.05885214007782101,0.5111867704280155,0.0036478599221789884,0,2,7.956786659531997
aes256_s029_liboqs.bin,AES-256,aes256,2080,liboqs,559,ebf2ec68d1f1c02b,2080,7.894478319902146,298.5846153846154,127.66971153846154,5484.366390301406,0.0004574288090134576,-1.2092885960902455,0.010001075689495287,10.985118006302335,11.020979938904212,1035,-0.2616710718453348,0.08214530544985249,0.06957712505817516,19.197269867079598,27.19554117889445,0.06298076923076923,0.11442307692307692,0.05913461538461538,0.05961538461538462,0.5360576923076923,0.004326923076923077,0,2,7.913417624063481
chacha20_s083_liboqs.bin,ChaCha20,chacha20,2064,liboqs,560,107a0b216f76c636,2064,7.88994445007872,302.015503875969,127.5828488372093,5388.493136070173,0.0015270682257329698,-1.1864171431429495,-0.005083252156865475,10.978169944227655,11.009828617368107,1032,-0.04130495981859338,0.08489153978960443,0.08310768078446344,17.62258278752348,25.635717723180214,0.061046511627906974,0.11288759689922481,0.0625,0.050872093023255814,0.5053294573643411,0.007751937984496124,0,2,7.917771356319205
rsa2048_s060_liboqs.bin,RSA-2048,rsa2048,256,liboqs,561,03dc75e218f32689,256,7.212699706946739,246.0,119.69921875,6076.272811889648,0.1660698931392067,-1.227326582562351,0.0366987409540456,7.994353436858858,7.9886846867721655,114,-1.6246764977640211,0.07493486755176124,0.06051536478449089,19.99316556505056,27.97956947458982,0.125,0.2109375,0.0859375,0.0859375,0.57421875,0.0078125,6,1,7.168203278033766
rsa2048_s066_openssl.bin,RSA-2048,rsa2048,256,openssl,562,41ff5276073fa520,256,7.178500927641413,240.0,121.40625,5267.8818359375,0.10808382393686523,-1.2098687869980784,-0.018125206351654547,7.994353436858858,7.9886846867721655,125,-0.42382976311057974,0.05412658773652741,0.06051536478449089,24.085105047648224,27.60807951827689,0.109375,0.19921875,0.0546875,0.03515625,0.46875,0.01171875,4,2,7.188279417166173
aes256_s041_openssl.bin,AES-256,aes256,4128,openssl,563,fa65a4352a5f5772,4128,7.958725218891638,232.93023255813952,127.85949612403101,5464.364948583318,0.009177555443324855,-1.2013890128661173,0.026301289051243102,11.947027523102909,12.009558643937867,2022,-1.3386789615604051,0.07559903583576769,0.07896543694526875,19.296858915126446,26.42661839554256,0.04675387596899225,0.09132751937984496,0.05813953488372093,0.06395348837209303,0.49806201550387597,0.0048449612403100775,0,2,7.958403755090855
chacha20_s082_openssl.bin,ChaCha20,chacha20,272,openssl,564,a13798350426afe1,272,7.352024973539649,208.0,125.13602941176471,5144.161643057959,0.030104627158769916,-1.122061475910115,-0.08488780534831246,8.08214904135387,8.07681559705083,149,1.461796702514702,0.047652505135351915,0.058823529411764705,19.81250852771803,27.92070191209098,0.11397058823529412,0.19852941176470587,0.051470588235294115,0.058823529411764705,0.4742647058823529,0.0,7,1,7.15605290473322
mlkem768_s095_openssl.bin,ML-KEM-768,mlkem768,1088,openssl,565,feb7f8c2e230edb9,1088,7.854539141532122,217.41176470588235,124.92371323529412,5455.671570035413,0.04495092988811079,-1.1646641810106393,-0.06479231649934886,10.056697402580207,10.082966767178211,583,2.3529365445252903,0.06645671868575448,0.06816358903580573,16.745489013356476,25.22177446873216,0.06801470588235294,0.12591911764705882,0.07536764705882353,0.05974264705882353,0.49356617647058826,0.0055147058823529415,0,2,7.80785848814652
des_s005_openssl.bin,DES,des,520,openssl,566,19198a6df22de1ac,520,7.580652437553138,258.83076923076925,123.90384615384616,5334.475369822486,0.03584634313351248,-1.1529354429681105,0.02292857306567597,9.008030034716262,9.016808287686555,252,-0.7636805083480773,0.18475450152543818,0.08213137116947163,18.636881190460656,23.668044519160148,0.08461538461538462,0.1596153846153846,0.07307692307692308,0.05,0.5153846153846153,0.0038461538461538464,1,2,7.658327140911648
3des_s054_openssl.bin,3DES,3des,4112,openssl,567,27d20f95c2276ce2,4112,7.954651701959153,254.44357976653697,125.96571011673151,5391.770468172776,0.03672274470869045,-1.19473429986185,0.01656117562756736,11.942818077020721,12.00443606056418,1983,-2.2538080255045934,0.08864341434656578,0.08210121715833744,18.922344940346427,27.29004923927613,0.04839494163424125,0.0931420233463035,0.0632295719844358,0.051070038910505836,0.5026750972762646,0.005350194552529183,0,2,7.9550813880166205
des_s024_liboqs.bin,DES,des,520,liboqs,568,33bcecf9d59ed16d,520,7.583609742999367,257.84615384615387,122.66538461538461,5345.657263313609,0.06696156002541281,-1.1517568754648104,0.0042643446313916184,9.011883599263468,9.016808287686555,244,-1.4212041197137304,0.1748488434991004,0.09373890466887648,19.57677469886684,28.197151960760593,0.09230769230769231,0.1596153846153846,0.07884615384615384,0.051923076923076926,0.4846153846153846,0.0057692307692307696,2,1,7.609792131487412
3des_s027_liboqs.bin,3DES,3des,528,liboqs,569,0f69c7cc7694f606,528,7.627382338595504,246.78787878787878,126.28977272727273,5347.156562069559,0.024218795409645808,-1.142957718817814,-0.00980814944333984,9.037864085223552,9.038918989292302,258,-0.6098506765416465,0.09753467953861855,0.0857935731280767,18.00349699157416,28.89770325402069,0.08522727272727272,0.16098484848484848,0.06818181818181818,0.0625,0.4943181818181818,0.001893939393939394,1,2,7.64393920606347
chacha20_s057_openssl.bin,ChaCha20,chacha20,1040,openssl,570,3d050a77c6b3e83b,1040,7.815739370808887,241.96923076923076,123.9701923076923,5631.523149963018,0.043260240512814116,-1.232202717932444,0.0022493702671419736,9.995955877306521,10.019590728357882,519,-0.03720943204685518,0.08946085032347717,0.10696943263627628,18.0774612235773,24.61812088532665,0.06826923076923076,0.125,0.07307692307692308,0.05576923076923077,0.48365384615384616,0.0038461538461538464,0,2,7.812210812761932
rsa2048_s096_openssl.bin,RSA-2048,rsa2048,256,openssl,571,66b009b0182ddc96,256,7.203853369030761,240.0,127.5078125,5078.249938964844,0.07985183098944282,-1.2019375628034956,-0.09908065122484307,7.986510299603956,7.9886846867721655,144,1.8885351536177397,0.09375,0.09077304717673633,12.557463134371279,20.38328861076749,0.11328125,0.20703125,0.03125,0.0546875,0.5078125,0.0,5,2,7.08616529945124
aes256_s027_openssl.bin,AES-256,aes256,272,openssl,572,009f5ea7a1a27853,272,7.223594999249617,243.76470588235293,125.69117647058823,5703.154628027682,0.04009613497650527,-1.2614629022898518,0.031347497952989724,8.08214904135387,8.07681559705083,133,-0.4825001340818696,0.09643291947502942,0.07090919677200702,14.46370442434235,23.64198026749997,0.09926470588235294,0.1875,0.051470588235294115,0.05514705882352941,0.5441176470588235,0.003676470588235294,2,2,7.19031199150497
3des_s093_openssl.bin,3DES,3des,2056,openssl,573,5f9c1ff98917d45a,2056,7.910396141187685,249.24513618677042,129.63375486381324,5449.899424811503,-0.03815800727691856,-1.2004470573602304,0.03908313096806862,10.972805890247878,11.003246756483724,1011,-0.7870121280449077,0.12069693675098307,0.08327976653986521,20.57720674560021,27.49052359196059,0.05690661478599222,0.10992217898832685,0.058365758754863814,0.054474708171206226,0.48589494163424124,0.004377431906614786,0,2,7.90574685941267
des_s047_liboqs.bin,DES,des,1040,liboqs,574,765b167b5d1c3678,1040,7.810879396731841,258.7076923076923,126.92788461538461,5228.182299371302,0.017484202766415838,-1.1292534575681348,0.039511009578721806,9.999805732936936,10.019590728357882,520,-0.04763065417004009,0.0868760933897456,0.07749785261388417,19.36448917989382,27.09985038182786,0.07019230769230769,0.12788461538461537,0.058653846153846154,0.06057692307692308,0.46826923076923077,0.0009615384615384616,0,2,7.817103752908074
aes128_s050_liboqs.bin,AES-128,aes128,272,liboqs,575,dc465c0545716242,272,7.190578638987314,273.88235294117646,126.6470588235294,5542.015138408305,-0.00530682058125756,-1.1843381380810616,0.007483021919921416,8.074768967553133,8.07681559705083,126,-1.3158659736673917,0.09358766221586659,0.10108622856520236,11.46804506121037,18.829792730953187,0.125,0.21323529411764705,0.0661764705882353,0.051470588235294115,0.49264705882352944,0.003676470588235294,7,2,7.277063928790309
mlkem768_s025_liboqs.bin,ML-KEM-768,mlkem768,1088,liboqs,576,396da2665a8cbde0,1088,7.8206450297332735,247.52941176470588,127.63051470588235,5266.174142382137,0.011332918231288291,-1.1827277969271648,0.013664915792760779,10.060377255386095,10.084808387804364,549,0.2538842023482716,0.0811118068856993,0.0735064302321037,17.834715040635388,25.060725272937855,0.06893382352941177,0.12408088235294118,0.0625,0.05514705882352941,0.48713235294117646,0.0009191176470588235,0,2,7.807353907537604
des_s060_openssl.bin,DES,des,1040,openssl,577,74c59eb88d693453,1040,7.811177124668236,250.83076923076922,127.725,5391.870528846153,-0.05964815380969576,-1.2058987863908117,-0.015109400764810573,10.005580516382556,10.019590728357882,530,0.5935440289130862,0.07081520245969988,0.06007884366082042,18.54452412438777,24.92722773780325,0.06923076923076923,0.12884615384615383,0.06923076923076923,0.04038461538461539,0.5,0.006730769230769231,0,2,7.810920762872141
aes256_s079_openssl.bin,AES-256,aes256,1040,openssl,578,2e6cfa4d54fa1611,1040,7.8195586852749,249.35384615384615,131.13942307692307,5387.402676590236,-0.09483999193428802,-1.153557922038593,-0.024608014827681733,10.011355299828177,10.019590728357882,521,0.12265024330454626,0.11196064723688329,0.0877900939270256,16.373498056599495,25.364196424174033,0.0673076923076923,0.12884615384615383,0.0673076923076923,0.06057692307692308,0.4951923076923077,0.0019230769230769232,0,2,7.778680905390226
aes128_s064_liboqs.bin,AES-128,aes128,272,liboqs,579,346d1e4ba0c616dc,272,7.281589254804092,234.35294117647058,127.22426470588235,5556.83573475346,0.02873650901023713,-1.2546952958321087,-0.025189351540578116,8.08214904135387,8.07681559705083,141,0.4896482842164162,0.07352941176470588,0.08054743492723031,14.339663390418863,24.831357284820363,0.11029411764705882,0.19852941176470587,0.0625,0.051470588235294115,0.5036764705882353,0.003676470588235294,3,1,7.234960941579176
3des_s085_liboqs.bin,3DES,3des,1040,liboqs,580,b3bfe9e986662872,1040,7.833934491941871,220.30769230769232,124.7875,5168.686574519231,0.006381331488804185,-1.1743607364933057,0.0218590790399965,10.00943037201297,10.019590728357882,517,-0.240609355604212,0.08483363461581837,0.08115749171541997,19.7039348374106,25.10431912923168,0.06634615384615385,0.12307692307692308,0.05961538461538462,0.038461538461538464,0.5009615384615385,0.0028846153846153848,0,2,7.7996335064446045
rsa2048_s053_openssl.bin,RSA-2048,rsa2048,256,openssl,581,9459ed15bc8cdd4f,256,7.114967089725435,280.0,130.96875,4868.0771484375,-0.10399254300091801,-1.1131487366007027,-0.21700628155648116,7.994353436858858,7.9886846867721655,153,3.1005458076279764,0.04878904686248749,0.0,12.27078911989771,21.968105431511386,0.125,0.22265625,0.046875,0.03515625,0.5625,0.00390625,9,1,6.994071403547852
aes128_s027_openssl.bin,AES-128,aes128,272,openssl,582,216cf4dd16169b27,272,7.193353960686445,268.2352941176471,126.26838235294117,5444.108117971453,0.009973105741334204,-1.2204181050028384,-0.12142349178197026,8.074768967553133,8.07681559705083,145,0.9719373999225422,0.07352941176470588,0.07090919677200702,14.69645010010862,22.03875956397075,0.1213235294117647,0.20955882352941177,0.05514705882352941,0.0625,0.4963235294117647,0.007352941176470588,8,1,7.128485838360455
mlkem768_s028_liboqs.bin,ML-KEM-768,mlkem768,1088,liboqs,583,ff955b753da162b1,1088,7.818479457688414,254.58823529411765,121.40349264705883,5270.762745154358,0.07899482552994157,-1.1616625430450922,-0.01503196135650487,10.071416813803758,10.084808387804364,518,-1.5356987608065658,0.07701027662945398,0.0735064302321037,19.453748982502336,25.868534140408407,0.0661764705882353,0.125,0.06985294117647059,0.046875,0.49172794117647056,0.0027573529411764708,0,2,7.842822115745295
rsa2048_s095_openssl.bin,RSA-2048,rsa2048,256,openssl,584,2023257d951aaf05,256,7.123270593706188,282.0,135.1484375,5214.767028808594,-0.23181772916972235,-1.0190380882211547,-0.03736881990410369,7.994353436858858,7.9886846867721655,128,0.1603757916247746,0.11267347735824966,0.09077304717673633,21.062266724876594,27.070120850692444,0.12890625,0.22265625,0.0625,0.06640625,0.4921875,0.015625,8,2,7.310809270098865
mlkem768_s067_openssl.bin,ML-KEM-768,mlkem768,1088,openssl,585,614a65264fec27e7,1088,7.826845147049246,247.05882352941177,128.81985294117646,5439.088870566608,-0.03844725370702946,-1.1880328211120543,0.04168536681045933,10.075096666609646,10.084808387804364,521,-1.454178106528091,0.08144440410616073,0.08997969301853248,18.22000496829104,26.337314364216223,0.06893382352941177,0.12683823529411764,0.06341911764705882,0.057904411764705885,0.5,0.0,0,2,7.810548412869873
chacha20_s080_openssl.bin,ChaCha20,chacha20,1040,openssl,586,088dfcc1ac3446e2,1040,7.782709633202803,290.2153846153846,125.89903846153847,5559.904229844675,0.003211033390533444,-1.216071966607147,-0.03756854296218544,9.999805732936936,10.019590728357882,530,0.5643742313825699,0.08800047068190422,0.07749785261388417,17.094156292836022,24.151331266827906,0.07115384615384615,0.1326923076923077,0.07403846153846154,0.04807692307692308,0.4971153846153846,0.0057692307692307696,0,2,7.797670946273953
des_s092_liboqs.bin,DES,des,4112,liboqs,587,17e4fecfcb80ee94,4112,7.948348063402844,293.41634241245134,126.59581712062257,5497.278270441263,0.0010353760590710518,-1.19163252823274,-0.010131329115133548,11.938375201198175,12.004922678569045,2063,0.19386855628009594,0.07846278206715138,0.07729638336699973,18.77020877908725,25.882171359334365,0.05277237354085603,0.09824902723735408,0.064931906614786,0.05885214007782101,0.504863813229572,0.004134241245136187,0,2,7.951995336639057
rsa2048_s074_openssl.bin,RSA-2048,rsa2048,256,openssl,588,e37cbbcbc2454c45,256,7.139776697179558,264.0,125.546875,5931.700927734375,-0.03175261781281066,-1.2375691571434873,-0.015640646063566938,7.994353436858858,7.9886846867721655,126,-0.3671335835182231,0.062009796353076345,0.06051536478449089,17.05615295181258,22.18885889324584,0.109375,0.203125,0.10546875,0.0625,0.546875,0.00390625,3,1,7.1241047976500935
aes256_s056_liboqs.bin,AES-256,aes256,272,liboqs,589,d01cb9ece1dac9a5,272,7.14091034853023,285.1764705882353,133.32720588235293,5567.3157304282,-0.0683441473788485,-1.2907403173794583,-0.03014648584570364,8.074768967553133,8.07681559705083,140,0.45628508273034485,0.07352941176470588,0.058823529411764705,17.76594832161897,22.880323526840844,0.1213235294117647,0.20955882352941177,0.03676470588235294,0.06985294117647059,0.4963235294117647,0.003676470588235294,6,2,7.317726474947703
aes128_s041_openssl.bin,AES-128,aes128,272,openssl,590,535e11ca50c965e2,272,7.288575043516923,234.35294117647058,122.77941176470588,5612.113105536332,0.09384025223829108,-1.2391385020698789,0.10695075311138617,8.08214904135387,8.07681559705083,122,-1.725621068897426,0.08042713916445589,0.12467612237827144,18.69960282940546,27.42062506701377,0.11397058823529412,0.20220588235294118,0.0625,0.051470588235294115,0.47058823529411764,0.0,5,2,7.163767897778362
aes256_s004_liboqs.bin,AES-256,aes256,4128,liboqs,591,a9d89528640e895f,4128,7.956426417068418,242.97674418604652,130.96778100775194,5425.903273952043,-0.06252711331124901,-1.1912796422619711,0.013153809348295282,11.953025799696599,12.010528105886484,2043,-0.5353346708407953,0.07222179349156872,0.0837603983913733,18.6137094593923,26.183941613498465,0.05111434108527132,0.09423449612403101,0.05862403100775194,0.06564922480620156,0.5012112403100775,0.001937984496124031,0,2,7.948269686605703
aes128_s065_openssl.bin,AES-128,aes128,4112,openssl,592,16774ddd984c21cf,4112,7.9471501408761815,300.3891050583658,128.1716926070039,5536.723439936638,-0.014633071793054843,-1.2170438614330303,0.013051596453819973,11.947802320512737,12.00443606056418,2052,-0.15378520646184657,0.08808168077599053,0.09366739500198026,18.030834552358822,27.434271179860072,0.05034046692607004,0.0958171206225681,0.06590466926070039,0.05982490272373541,0.4970817120622568,0.004377431906614786,0,2,7.953686725012695
des_s028_openssl.bin,DES,des,520,openssl,593,2fbcc26d6028471d,520,7.608188048866918,257.84615384615387,124.45192307692308,5277.516919378698,-0.0014231643280260425,-1.167424826523583,0.12187615268052207,9.008030034716262,9.016808287686555,230,-2.720313650093439,0.17702002190224125,0.05245454498840714,14.793773857589379,23.905560307373417,0.1,0.175,0.07115384615384615,0.04807692307692308,0.5019230769230769,0.007692307692307693,3,2,7.56836576145906
mlkem768_s040_liboqs.bin,ML-KEM-768,mlkem768,1088,liboqs,594,a90eed3c1e602fef,1088,7.821380993312109,262.11764705882354,128.96875,5490.438361672794,-0.0736838711314595,-1.2056044945697515,0.03082111823518056,10.06221718178904,10.084808387804364,533,-0.6650071735913156,0.09279464541565591,0.10001081256423121,20.49476344300072,27.419688669755597,0.06985294117647059,0.13051470588235295,0.07352941176470588,0.05422794117647059,0.47610294117647056,0.0027573529411764708,0,2,7.8029988181675805
mlkem768_s014_openssl.bin,ML-KEM-768,mlkem768,1088,openssl,595,407e6218d4e77a28,1088,7.8229317218312575,253.1764705882353,127.42463235294117,5397.314172658953,-0.012149508725845975,-1.1872372496965198,-0.002768973241028645,10.071416813803758,10.084808387804364,538,-0.40304380039130205,0.08407791636786228,0.06816358903580573,18.614663408148406,26.61534224614708,0.06801470588235294,0.12683823529411764,0.06525735294117647,0.051470588235294115,0.5018382352941176,0.004595588235294118,0,2,7.82302745525512
chacha20_s091_liboqs.bin,ChaCha20,chacha20,528,liboqs,596,9542df88bedc79d1,528,7.601163521946723,248.72727272727272,127.25757575757575,5871.418503213958,0.0056129756145926355,-1.2987573237986691,-0.015966867870411912,9.026478885982566,9.038918989292302,268,0.26269970432183776,0.06943296507508849,0.0857935731280767,20.676020214878854,26.95620113682767,0.08901515151515152,0.1590909090909091,0.06818181818181818,0.06628787878787878,0.5075757575757576,0.003787878787878788,1,2,7.664761862449084
aes256_s088_openssl.bin,AES-256,aes256,544,openssl,597,5c4beb69642aff98,544,7.631059334147844,231.52941176470588,120.1341911764706,5358.2963309634515,0.0863067342262717,-1.1893962469301265,0.009548210219605703,9.073758664047455,9.082149041353869,264,-0.623819781544306,0.07251133427689713,0.08723390086547553,18.567872392694667,26.818273889632305,0.07904411764705882,0.1488970588235294,0.08455882352941177,0.04044117647058824,0.48713235294117646,0.007352941176470588,0,2,7.574700316688962
des_s072_liboqs.bin,DES,des,520,liboqs,598,aba86893f54573f8,520,7.644156849036432,226.33846153846153,125.56153846153846,5349.003905325444,0.04655525875999127,-1.2639632464308506,0.06580449873286146,9.015737163810675,9.016808287686555,234,-2.362775426895761,0.18071000669509943,0.07749785261388417,18.15702282600428,27.047199868194475,0.08461538461538462,0.1596153846153846,0.051923076923076926,0.04230769230769231,0.5269230769230769,0.0019230769230769232,1,2,7.569092333823643
des_s051_openssl.bin,DES,des,4112,openssl,599,fdf019eab3011a8b,4112,7.952738873678196,263.15953307392994,128.59922178988327,5476.982372935246,-0.00932395118224574,-1.2001443549315662,0.007149682708186435,11.944580449314042,12.004922678569045,2043,-0.43374759079881575,0.0840715160031583,0.0778939347049323,19.512000058465265,26.904968213500762,0.04912451361867704,0.0946011673151751,0.060797665369649805,0.06152723735408561,0.5038910505836576,0.004620622568093385,0,2,7.959371806263646
mlkem768_s084_liboqs.bin,ML-KEM-768,mlkem768,1088,liboqs,600,5994170917b9d3d4,1088,7.832265987517441,230.58823529411765,129.5496323529412,5499.940551335423,-0.0385030742722052,-1.1808838388875869,-0.0028452313130077817,10.058537328983151,10.084808387804364,552,0.43830488131863504,0.085043599104206,0.07831400148581173,18.754480343455825,24.319489390262103,0.0625,0.11764705882352941,0.05698529411764706,0.06709558823529412,0.5183823529411765,0.006433823529411764,0,2,7.8188571781883125
chacha20_s076_liboqs.bin,ChaCha20,chacha20,2064,liboqs,601,582316f998153d85,2064,7.912455220500716,249.1782945736434,127.45106589147287,5321.299931034418,-0.022470693318636624,-1.1893354398245368,0.007803768113530883,10.985322095222404,11.009828617368107,1030,-0.125972526951494,0.07999909860678409,0.07456204884965363,19.0844889399316,26.416818886550395,0.05765503875968992,0.10901162790697674,0.060077519379844964,0.04844961240310078,0.501453488372093,0.00436046511627907,0,2,7.911850518354886
aes128_s098_openssl.bin,AES-128,aes128,288,openssl,602,437deb866f9cfbb4,288,7.284741136835059,243.55555555555554,129.70138888888889,5826.6191647376545,-0.12026209807634781,-1.2117381613629155,-0.10500281098180345,8.164906926675688,8.159871336778389,154,1.1053060378428572,0.05196746370519363,0.0572653559113564,16.420573186263386,22.61026756718895,0.11458333333333333,0.19791666666666666,0.09027777777777778,0.06597222222222222,0.5138888888888888,0.006944444444444444,8,1,7.291362011979847
des_s080_openssl.bin,DES,des,1040,openssl,603,c1901ab84794f1f5,1040,7.82856374689421,239.01538461538462,130.3548076923077,5401.873149963018,-0.03300760769255797,-1.1977521282982908,-0.016395118429907707,10.011355299828177,10.019590728357882,530,0.5857603441336836,0.08366757391733678,0.07872880573253355,16.31438468221133,25.71003154565164,0.06826923076923076,0.12596153846153846,0.05576923076923077,0.0625,0.4932692307692308,0.0038461538461538464,0,2,7.781611752341778
rsa2048_s039_openssl.bin,RSA-2048,rsa2048,256,openssl,604,4e08d023ed637ec5,256,7.190634314400862,262.0,117.27734375,5548.348861694336,0.1322344350551568,-1.2226700320740302,0.11044833485059542,7.986510299603956,7.9886846867721655,119,-1.1617284589183874,0.05412658773652741,0.06051536478449089,17.291997233835104,26.223065317828233,0.125,0.21875,0.07421875,0.0390625,0.50390625,0.015625,5,2,7.160360140778864
aes256_s044_openssl.bin,AES-256,aes256,4128,openssl,605,3bb468726288adc4,4128,7.962060402561069,212.71317829457365,126.86312984496124,5540.08470648314,-0.002991689187726011,-1.2234650532418054,-0.0017013657160324983,11.95563178164527,12.010528105886484,2072,0.21975823724417945,0.07727469619273068,0.0804936603304931,17.740211713590792,26.55194805625338,0.046027131782945735,0.08914728682170543,0.06322674418604651,0.058381782945736434,0.49781976744186046,0.004602713178294574,0,2,7.954964491094349
mlkem768_s046_liboqs.bin,ML-KEM-768,mlkem768,1088,liboqs,606,0fe143eb089e66f3,1088,7.826027064805819,256.4705882352941,125.84191176470588,5371.75074340398,0.02216540761913199,-1.1812438520872341,0.05382611053600548,10.073256740206702,10.084808387804364,517,-1.67778698302426,0.09856840998679771,0.09690009239535907,19.494901384332817,28.158098315705207,0.07077205882352941,0.13051470588235295,0.05698529411764706,0.05698529411764706,0.5073529411764706,0.0,0,2,7.843964301187601
aes256_s039_openssl.bin,AES-256,aes256,272,openssl,607,4e1fe4d526244e1b,272,7.215636186615864,255.05882352941177,129.38235294117646,5518.699394463668,0.01682061293927282,-1.2100808177026965,-0.10606636778245213,8.074768967553133,8.07681559705083,147,1.2235592521091843,0.09530501027070383,0.11029411764705882,15.545309758672536,20.261387982887047,0.10294117647058823,0.19117647058823528,0.058823529411764705,0.0625,0.5220588235294118,0.0,4,1,7.321712878864515
des_s059_openssl.bin,DES,des,1040,openssl,608,91ae7884c5a9859b,1040,7.801370367175859,255.75384615384615,126.42788461538461,5564.652491678994,0.02449719899352442,-1.2237293503267104,-0.009064324517791166,10.00365558856735,10.019590728357882,524,0.19202328997558757,0.08597956138226842,0.08634593969478327,18.748186549384783,25.53916611994352,0.06538461538461539,0.12211538461538461,0.0673076923076923,0.05576923076923077,0.510576923076923,0.0057692307692307696,0,2,7.810565101876078
aes256_s091_openssl.bin,AES-256,aes256,272,openssl,609,968392fe05a85d45,272,7.4029846592476725,194.8235294117647,127.45220588235294,5519.946245134083,0.006126464923085573,-1.1938298089721449,-0.06281738850496192,8.08214904135387,8.07681559705083,140,0.3726984719718988,0.061519119598093794,0.058823529411764705,18.47040967972893,22.77089810001226,0.10661764705882353,0.1948529411764706,0.06985294117647059,0.06985294117647059,0.5036764705882353,0.0,4,1,7.3171183678023874
des_s054_openssl.bin,DES,des,2056,openssl,610,a10945136b9ff318,2056,7.912904180356077,248.99610894941634,129.74027237354085,5540.20005128768,-0.061748942604184724,-1.2040953489700168,-0.011085994221606846,10.971832654238145,11.003246756483724,1054,1.1632323530085715,0.11734812182481469,0.07538753607002943,16.89440761975206,26.90924368401418,0.061284046692607,0.11235408560311284,0.06712062256809338,0.060797665369649805,0.5204280155642024,0.003404669260700389,0,2,7.899498912655991
aes256_s043_openssl.bin,AES-256,aes256,4128,openssl,611,da0bf17af9c6e87a,4128,7.956146100179999,241.48837209302326,129.21172480620154,5312.492963304113,-0.016729782768903186,-1.1783183221031033,0.002472823727709947,11.953629198047866,12.010528105886484,2081,0.5025118366548977,0.08137380093070909,0.08349655009502949,20.17348271072901,26.990532508401145,0.04796511627906977,0.09253875968992248,0.05329457364341085,0.056443798449612406,0.4874031007751938,0.003875968992248062,0,2,7.953385290006679
chacha20_s073_openssl.bin,ChaCha20,chacha20,2064,openssl,612,8e2739748244f5d5,2064,7.910304700065994,248.68217054263565,126.03536821705427,5561.084504903176,0.04934120337867186,-1.2063658509765485,-0.011318408634911717,10.980108868124894,11.009828617368107,1041,0.40806007896124974,0.07721597601990905,0.06685344306457496,18.65245109862265,25.954107465701078,0.05910852713178295,0.10998062015503876,0.06976744186046512,0.06443798449612403,0.48401162790697677,0.0014534883720930232,0,2,7.903975778433387
des_s020_liboqs.bin,DES,des,4112,liboqs,613,842b72dcf710b8d0,4112,7.964753491517405,200.03112840466926,127.95476653696498,5416.820424750943,-0.009028553577975133,-1.1934737501793344,0.01647006165785636,11.948288820147862,12.004922678569045,2017,-1.2476579801155303,0.08468744243601432,0.07759513823563588,19.538757948080175,26.6001285276723,0.04888132295719844,0.09216926070038911,0.06006809338521401,0.055690661478599225,0.48589494163424124,0.0038910505836575876,0,2,7.956215457252045
3des_s044_openssl.bin,3DES,3des,528,openssl,614,c00015bcdc4db8bf,528,7.596076798798192,260.3636363636364,129.47348484848484,5553.211418158861,-0.05473113886533087,-1.2151574679725277,-0.00447303665110782,9.037864085223552,9.038918989292302,255,-0.8699452520004628,0.09293821323019165,0.09620019014545678,14.699080946061265,24.124072787484103,0.08712121212121213,0.16287878787878787,0.06060606060606061,0.05303030303030303,0.5037878787878788,0.005681818181818182,1,2,7.608229334516314
rsa2048_s087_openssl.bin,RSA-2048,rsa2048,256,openssl,615,ca14c613a839f75a,256,7.200904589725435,246.0,128.9453125,6035.926696777344,-0.020613800323699465,-1.246125248648421,-0.07880920501016542,7.994353436858858,7.9886846867721655,134,0.6302975253772839,0.08005033600293568,0.09077304717673633,18.803827358807666,23.472514210025388,0.1171875,0.2109375,0.07421875,0.08203125,0.5078125,0.0,6,2,7.110442274295725
aes128_s069_openssl.bin,AES-128,aes128,272,openssl,616,65163fa910949471,272,7.184565874195403,266.3529411764706,129.67279411764707,5413.992201016436,-0.008350542960922008,-1.1606866082459724,-0.023539985698471665,8.074768967553133,8.07681559705083,134,-0.35661076814577447,0.05302281287447043,0.04223943122454433,19.81833312503025,26.866209484142857,0.11764705882352941,0.20588235294117646,0.0625,0.058823529411764705,0.5477941176470589,0.0,8,1,7.284444002591047
aes128_s085_openssl.bin,AES-128,aes128,272,openssl,617,280aae250bce32c1,272,7.232740150106287,262.5882352941176,130.03308823529412,5082.811405168685,0.033408072016094144,-1.1114683500133629,-0.022631999084135074,8.08214904135387,8.07681559705083,145,0.9804561720699599,0.075703162801375,0.08854113660876688,12.171286682472006,25.312246890955475,0.1213235294117647,0.20955882352941177,0.04044117647058824,0.058823529411764705,0.4375,0.0,6,1,7.1509945670324475
aes128_s066_openssl.bin,AES-128,aes128,528,openssl,618,5705ac587531284f,528,7.612852361174957,250.66666666666666,129.70075757575756,5572.849847910928,-0.02502488499660504,-1.2666655941965324,0.056017908589892924,9.037864085223552,9.038918989292302,246,-1.6476509718135404,0.1012150698173287,0.10283236333710778,21.23214355359874,28.137504617374045,0.08522727272727272,0.16098484848484848,0.06439393939393939,0.07007575757575757,0.5,0.003787878787878788,0,1,7.572768369172259
aes128_s057_openssl.bin,AES-128,aes128,288,openssl,619,8082d9367113f389,288,7.261723114324328,243.55555555555554,129.12847222222223,5398.11196711034,0.031119262960758017,-1.2506817625462128,-0.14784538639044756,8.157938285560705,8.159871336778389,166,2.4801365247161242,0.10416666666666667,0.0572653559113564,18.244939274336552,22.900401161559145,0.10416666666666667,0.1875,0.03819444444444445,0.059027777777777776,0.4340277777777778,0.0,4,1,7.227147867231168
rsa2048_s049_liboqs.bin,RSA-2048,rsa2048,256,liboqs,620,7ea9489d6314b707,256,7.172603369030761,256.0,129.4765625,5134.718200683594,0.03677699283002467,-1.1292152800165693,0.028038189255337718,7.994353436858858,7.9886846867721655,126,-0.3518143289286894,0.08804240366863003,0.08267972847076846,18.675135371727396,27.96870526358154,0.12109375,0.21484375,0.04296875,0.0703125,0.5234375,0.0,7,2,7.177968866252091
rsa2048_s011_liboqs.bin,RSA-2048,rsa2048,256,liboqs,621,ff66ef2bc0053e37,256,7.137370751809457,266.0,132.20703125,5302.414169311523,-0.03761687164903243,-1.1045483699013794,-0.04723156121751885,7.994353436858858,7.9886846867721655,134,0.6425147601823136,0.05412658773652741,0.07287014885225637,22.028797722008083,27.700857552705358,0.1171875,0.2109375,0.05078125,0.0703125,0.49609375,0.015625,6,2,7.0991458644085235
aes128_s034_openssl.bin,AES-128,aes128,288,openssl,622,09bfaee63f6dd55d,288,7.305438706219407,236.44444444444446,122.73958333333333,5923.956488715277,0.09049558234411936,-1.3401332334672933,-0.06920319325607902,8.150969644445722,8.159871336778389,152,0.8815991566399565,0.05196746370519363,0.0572653559113564,12.721803823936376,22.967318549499126,0.10416666666666667,0.1875,0.07291666666666667,0.0625,0.5243055555555556,0.0,5,2,7.27650256073772
chacha20_s044_liboqs.bin,ChaCha20,chacha20,4112,liboqs,623,314ebfa3993cb2e6,4112,7.952667506011111,269.011673151751,127.27869649805447,5524.416491686096,0.007870795546973359,-1.206166546922487,0.01790400780156683,11.943910323431734,12.004922678569045,2008,-1.5269728858698925,0.08254343378102688,0.0776094522196821,17.92391211317888,24.850902009663123,0.051313229571984434,0.09727626459143969,0.06566147859922179,0.05860894941634241,0.5038910505836576,0.0036478599221789884,0,2,7.957449405293568
3des_s038_liboqs.bin,3DES,3des,2056,liboqs,624,de62b679fdc853d9,2056,7.923782272398086,217.61867704280155,127.48443579766537,5410.03672273615,-0.012475676649182896,-1.1710793805034736,0.04586890888339664,10.972805890247878,11.004220466318195,1000,-1.2687672110727037,0.12108388652535318,0.08158457722280839,19.358219572034475,26.178014154453745,0.05544747081712062,0.10603112840466926,0.0622568093385214,0.0646887159533074,0.5126459143968871,0.0038910505836575876,0,3,7.901899468196982
rsa2048_s073_openssl.bin,RSA-2048,rsa2048,256,openssl,625,aca2bf440f752b09,256,7.110103369030761,264.0,123.63671875,5371.106307983398,0.06237657314654575,-1.22997944524425,-0.047807004701236167,7.994353436858858,7.9886846867721655,130,0.24546219949086606,0.05412658773652741,0.06051536478449089,15.017912786661581,22.488698537035184,0.11328125,0.20703125,0.05859375,0.046875,0.44921875,0.0,5,1,7.123458534762326
mlkem768_s052_openssl.bin,ML-KEM-768,mlkem768,1088,openssl,626,dffaa922abf5a599,1088,7.841902146003428,233.88235294117646,129.1902573529412,5368.1503830220045,-0.017874292841584125,-1.1708346387568531,-0.018090663788004956,10.064057108191983,10.084808387804364,545,0.001003626770952189,0.06826266407215861,0.06816358903580573,19.732146021316677,25.595988629883443,0.07169117647058823,0.13051470588235295,0.06341911764705882,0.05606617647058824,0.5174632352941176,0.003676470588235294,0,2,7.816426444310349
mlkem768_s019_liboqs.bin,ML-KEM-768,mlkem768,1088,liboqs,627,c467604d30419fed,1088,7.817972880916678,250.8235294117647,124.43382352941177,5228.2272383218,0.034688825675617437,-1.1489937694297283,-0.012650989323400034,10.06773696099787,10.084808387804364,538,-0.3662989364590246,0.0940199400922384,0.09692225240047109,15.321065590284487,24.062585662454808,0.06709558823529412,0.12591911764705882,0.0625,0.050551470588235295,0.5,0.0027573529411764708,0,2,7.813144506558626
aes128_s003_liboqs.bin,AES-128,aes128,528,liboqs,628,4aaffc37b29264a8,528,7.672120002974238,211.87878787878788,125.21780303030303,5337.761273961203,0.05976786858253516,-1.195594360874675,-0.02521558753506666,9.037864085223552,9.038918989292302,264,-0.03142689818030779,0.10680333846205561,0.10283236333710778,16.52243310597764,25.328199028092335,0.08333333333333333,0.14962121212121213,0.0625,0.045454545454545456,0.5056818181818182,0.003787878787878788,0,2,7.626212006812449
chacha20_s002_liboqs.bin,ChaCha20,chacha20,2064,liboqs,629,2e127882b827dabe,2064,7.904678716176749,268.27906976744185,128.2296511627907,5704.765089800793,-0.010727716696301131,-1.2535375483884974,0.009266626439116271,10.981444247427929,11.009828617368107,1003,-1.3208308540421199,0.08094420934285698,0.08704226034998014,18.30003885692963,26.17527566017337,0.05862403100775194,0.11094961240310078,0.06346899224806202,0.06395348837209303,0.5,0.0014534883720930232,0,2,7.903506941678875
3des_s079_liboqs.bin,3DES,3des,4112,liboqs,630,af6d1a7e188bd30e,4112,7.955762467706006,250.70817120622567,128.32465953307394,5424.386084514433,-0.016246179798404287,-1.195915722426224,-0.001817497561580557,11.940991325620983,12.00443606056418,2056,-0.027310646030340946,0.08036927068379318,0.07943963573239027,19.122203211128706,25.45205449366091,0.05082684824902724,0.0963035019455253,0.06006809338521401,0.05909533073929961,0.5017023346303502,0.003404669260700389,0,2,7.954032847570662
aes128_s058_openssl.bin,AES-128,aes128,528,openssl,631,84a44dc86bd5a12b,528,7.636862574916008,240.96969696969697,128.94128787878788,5458.2332953110645,-0.033518013309032695,-1.182900513597982,0.049210541023160075,9.037864085223552,9.038918989292302,255,-0.8508777064612659,0.07556794448204547,0.0857935731280767,22.093893662438177,29.49913503239629,0.08901515151515152,0.1590909090909091,0.054924242424242424,0.06818181818181818,0.4943181818181818,0.001893939393939394,0,2,7.684085493246129
aes128_s040_openssl.bin,AES-128,aes128,2064,openssl,632,04e25b394f5f17a1,2064,7.917739186888364,236.7751937984496,130.33139534883722,5453.781649990987,-0.02932849931151336,-1.1732147759900786,0.003923058888903037,10.977566399633455,11.009828617368107,1011,-0.9520214053562147,0.08191110527721551,0.07395512365539607,20.151109147987036,27.724194698789944,0.05813953488372093,0.10755813953488372,0.060562015503875966,0.06782945736434108,0.49612403100775193,0.00436046511627907,0,2,7.9088360551178
aes256_s031_openssl.bin,AES-256,aes256,528,openssl,633,c3a623f020fa52e2,528,7.577497398990301,269.09090909090907,124.61931818181819,5644.633490444215,0.01902276931327421,-1.2263327775265331,-0.0108404510754751,9.03406901880989,9.038918989292302,251,-1.1943615992529018,0.08430245420889883,0.0840192159576471,21.971746900183657,28.640175875094346,0.0928030303030303,0.1590909090909091,0.07575757575757576,0.054924242424242424,0.4753787878787879,0.007575757575757576,3,2,7.634181135731272
aes128_s096_openssl.bin,AES-128,aes128,4112,openssl,634,87562e108a9e6ad4,4112,7.955362434771383,251.57976653696497,127.58779182879377,5507.9144715831235,0.005886030165581376,-1.206768348378955,-0.021306742115777193,11.945250575196349,12.003949442559312,2049,-0.24009671635501195,0.07754999012880387,0.06848138485135424,18.205280544414254,25.643780164514073,0.04912451361867704,0.0943579766536965,0.061284046692607,0.0620136186770428,0.4992704280155642,0.00316147859922179,0,2,7.95565556086632
des_s097_liboqs.bin,DES,des,4104,liboqs,635,f86d8556978bf62f,4104,7.954863564298643,253.73879142300194,128.59844054580896,5311.593623299097,-0.03810441905013856,-1.1797399372651918,0.004906890609970497,11.948172703454524,12.001624209439383,2050,-0.06935067709393018,0.1004303824287626,0.08105798991595972,18.008832459240363,26.01247418754272,0.049707602339181284,0.09454191033138401,0.06286549707602339,0.05360623781676413,0.496588693957115,0.003167641325536062,0,2,7.950602264232778
chacha20_s049_liboqs.bin,ChaCha20,chacha20,272,liboqs,636,dc37027e68be62d9,272,7.188776341209104,268.2352941176471,130.49632352941177,5258.963221777682,-0.018287265358768724,-1.1689099458773482,0.030077498244669425,8.08214904135387,8.07681559705083,126,-1.2960873484958941,0.05302281287447043,0.07090919677200702,19.798438257586035,24.43816260750024,0.1213235294117647,0.20955882352941177,0.04779411764705882,0.07352941176470588,0.4375,0.007352941176470588,8,2,7.296050080184134
aes256_s019_openssl.bin,AES-256,aes256,544,openssl,637,102f74f17e8eaeaf,544,7.59873877022383,269.1764705882353,121.98529411764706,5592.260813148789,0.0697396240474076,-1.2240565872639246,0.04446234047965603,9.077441905299757,9.082149041353869,264,-0.7419053431084519,0.09191176470588236,0.07597050852857289,20.86696888277431,30.10347144925063,0.08639705882352941,0.15992647058823528,0.06985294117647059,0.058823529411764705,0.4889705882352941,0.0055147058823529415,2,2,7.639619848569037
aes128_s084_openssl.bin,AES-128,aes128,544,openssl,638,063fe6899a463496,544,7.600297304959392,265.4117647058824,124.94117647058823,5577.051686851211,0.05644968893308958,-1.2151799970608224,-0.06660760367681652,9.08112514655206,9.082149041353869,290,1.4997204307126737,0.06789038717874775,0.08723390086547553,16.24906629936659,23.931691533306388,0.08823529411764706,0.15992647058823528,0.05698529411764706,0.06433823529411764,0.48161764705882354,0.001838235294117647,3,1,7.668175297723472
chacha20_s016_openssl.bin,ChaCha20,chacha20,272,openssl,639,b763171af0f5e789,272,7.194789106001015,264.4705882352941,131.58455882352942,5239.47814392301,-0.08187503172215208,-1.2599412628619293,-0.06058567065913589,8.08214904135387,8.07681559705083,136,-0.013488439829840807,0.08700117328087671,0.08054743492723031,15.717329285819927,26.525821919062828,0.11764705882352941,0.20588235294117646,0.03676470588235294,0.04411764705882353,0.46691176470588236,0.0,6,2,7.210643264583667
chacha20_s071_openssl.bin,ChaCha20,chacha20,272,openssl,640,a1e7315d93adec79,272,7.123667863471801,298.3529411764706,124.2904411764706,5630.485496864187,-0.036555931078986775,-1.2293018962549844,-0.01587402609842906,8.074768967553133,8.07681559705083,143,0.7289530499419067,0.07744223124204697,0.058823529411764705,14.539246158225707,23.444625791038636,0.12867647058823528,0.22426470588235295,0.09558823529411764,0.051470588235294115,0.5330882352941176,0.0,10,2,7.257709270126705
3des_s018_openssl.bin,3DES,3des,4112,openssl,641,e4525d0d55dff18e,4112,7.952652398609526,266.7704280155642,125.90466926070039,5490.450542400339,0.023930494967760417,-1.2205297405406175,0.01569680768924877,11.945737074831474,12.00443606056418,2033,-0.7111220083824181,0.08355429200270345,0.086351603857343,18.45533459694416,26.072502456158848,0.04888132295719844,0.0943579766536965,0.0627431906614786,0.05301556420233463,0.5034046692607004,0.0019455252918287938,0,3,7.957519202743638
chacha20_s070_openssl.bin,ChaCha20,chacha20,1040,openssl,642,c751d6d5d7652e90,1040,7.8126053608280195,247.3846153846154,128.01826923076922,5277.6352431582845,0.04170258954619118,-1.1517067652163486,-0.0339965684145265,10.007505444197763,10.019590728357882,516,-0.2870574083834516,0.07096195493102102,0.08569751747837767,20.247633774017782,26.59946460357324,0.0673076923076923,0.12692307692307692,0.05480769230769231,0.06826923076923076,0.510576923076923,0.0038461538461538464,0,2,7.816500820742115
mlkem768_s020_openssl.bin,ML-KEM-768,mlkem768,1088,openssl,643,13a37002bd424bdf,1088,7.823191098080585,266.3529411764706,128.5110294117647,5572.441054822665,-0.020828950973462546,-1.2299968497835996,-0.002754847370850992,10.06221718178904,10.084808387804364,551,0.3711879283510538,0.09709425790654344,0.0866704061332815,15.521635832074747,24.63829548599126,0.0744485294117647,0.13511029411764705,0.06158088235294118,0.058823529411764705,0.46691176470588236,0.0027573529411764708,0,2,7.801544235408982
des_s033_openssl.bin,DES,des,1032,openssl,644,0ad39c405edd7804,1032,7.769715881299199,311.0077519379845,121.44767441860465,5492.037959707951,0.10026268026199579,-1.195870996754242,-0.050785786386565855,9.996249567901572,10.008428622070578,530,0.9709109434733977,0.1370656129323497,0.07776125057263131,16.595355683186767,22.95283807287071,0.0755813953488372,0.1375968992248062,0.07848837209302326,0.05232558139534884,0.5058139534883721,0.0048449612403100775,0,2,7.835683826782017
3des_s095_openssl.bin,3DES,3des,2056,openssl,645,baab53a385f1f96f,2056,7.892732375378539,291.0817120622568,126.02626459143968,5410.201644801587,0.050818260801305214,-1.1919213509950741,-0.02535897862791577,10.977304728446338,11.004220466318195,1085,2.488764656497153,0.12007938838147494,0.07976653696498054,18.800173140840844,26.75709096996771,0.057392996108949414,0.11040856031128404,0.05787937743190662,0.0632295719844358,0.5233463035019456,0.0048638132295719845,0,2,7.917559733407041
mlkem768_s039_openssl.bin,ML-KEM-768,mlkem768,1088,openssl,646,a87c7bac919b7628,1088,7.818487226151258,271.52941176470586,128.19669117647058,5493.589989051687,-0.01360156383626488,-1.1831352211449129,0.0010229013864507138,10.06221718178904,10.084808387804364,533,-0.7225975233419261,0.07211413693357732,0.07090919677200702,19.79879914771077,26.589357669142164,0.07261029411764706,0.13143382352941177,0.06801470588235294,0.057904411764705885,0.4852941176470588,0.004595588235294118,1,2,7.836487788982664
aes128_s030_openssl.bin,AES-128,aes128,2080,openssl,647,69d4592fcc2acd41,2080,7.919957197007864,221.7846153846154,126.91009615384615,5497.708744221523,0.0017809074114121437,-1.2237940652117134,-0.0069755293777080014,10.995700016884344,11.020979938904212,1062,0.9308158948034687,0.09544940141526605,0.10271373299975795,18.990973950203102,26.788151827928314,0.05576923076923077,0.10480769230769231,0.07067307692307692,0.05432692307692308,0.49375,0.0038461538461538464,0,2,7.916942573327519
chacha20_s036_openssl.bin,ChaCha20,chacha20,528,openssl,648,ea92dcaa7633e4f1,528,7.627215948304971,248.72727272727272,129.4810606060606,5512.817823117539,-0.07969561706170733,-1.204110406235178,-0.030964403641379108,9.022683819568904,9.038918989292302,288,2.064581805718877,0.10298401671619711,0.09247390617980078,19.99928079227971,28.13414196896113,0.0928030303030303,0.16287878787878787,0.07954545454545454,0.04734848484848485,0.5113636363636364,0.001893939393939394,3,2,7.627398011308886
chacha20_s085_liboqs.bin,ChaCha20,chacha20,528,liboqs,649,d5d42c145c4e270e,528,7.564149721269912,289.45454545454544,126.37121212121212,5610.24477731864,0.022794227560483542,-1.2401326234680072,0.005467285089890679,9.03406901880989,9.038918989292302,254,-0.9580205434811448,0.09227813575057203,0.0815934061687046,20.307478629891243,27.573575556777318,0.0928030303030303,0.16856060606060605,0.06439393939393939,0.06818181818181818,0.45075757575757575,0.007575757575757576,2,2,7.5825064689054305
mlkem768_s072_liboqs.bin,ML-KEM-768,mlkem768,1088,liboqs,650,f6b7a44c673d57e2,1088,7.804241237385254,279.05882352941177,128.60202205882354,5663.075988558337,-0.030537628514012448,-1.231653673869989,-0.04649496610667509,10.069576887400814,10.084808387804364,557,0.8308304606910354,0.07967913127205488,0.07153836730018706,18.91061995076596,25.8497061393773,0.06893382352941177,0.12775735294117646,0.06433823529411764,0.07077205882352941,0.49172794117647056,0.0009191176470588235,0,2,7.828410024210241
rsa2048_s056_openssl.bin,RSA-2048,rsa2048,256,openssl,651,2eba1d0cbd11be54,256,7.118507777499651,292.0,137.5625,5954.81640625,-0.1722680626292623,-1.2747988319975547,-0.0548039828578888,7.978667162349054,7.9886846867721655,120,-1.0163515167674013,0.08699631816921909,0.09077304717673633,21.761861438793556,25.019796849195238,0.13671875,0.23046875,0.07421875,0.078125,0.4921875,0.0,8,1,7.208303523089384
rsa2048_s093_openssl.bin,RSA-2048,rsa2048,256,openssl,652,a27a997e4fb2dc41,256,7.188719373011514,252.0,128.078125,5596.634521484375,-0.0256725024108326,-1.3058657638982576,-0.08200559112870175,7.978667162349054,7.9886846867721655,131,0.254467945028096,0.06051536478449089,0.04349815908460954,16.607699233431614,20.282832902404806,0.1171875,0.2109375,0.0625,0.0546875,0.5,0.00390625,5,2,7.257829760277975
rsa2048_s009_openssl.bin,RSA-2048,rsa2048,256,openssl,653,f1bbfa3736745145,256,7.102228320472154,290.0,126.2734375,5027.425231933594,0.07330917616924483,-1.0538483745347682,-0.0102229427978264,7.986510299603956,7.9886846867721655,129,0.11928082786503934,0.05793905068043487,0.04349815908460954,14.239405926945961,25.331251493877947,0.12890625,0.22265625,0.05859375,0.06640625,0.546875,0.0078125,5,1,7.1347549446495275
aes128_s032_openssl.bin,AES-128,aes128,544,openssl,654,ad15fbb25d8065cc,544,7.623547207306364,243.76470588235293,128.20220588235293,5467.554701016436,-0.06617203262143798,-1.165614613096513,0.07792215988721035,9.08112514655206,9.082149041353869,265,-0.6559606014877113,0.05893830713926984,0.04223943122454433,18.04355470680909,27.43201849147153,0.07904411764705882,0.14705882352941177,0.07536764705882353,0.058823529411764705,0.4852941176470588,0.0,0,1,7.620020476651108
des_s001_openssl.bin,DES,des,528,openssl,655,5c82d5aa78387c51,528,7.56946899740564,259.3939393939394,124.43939393939394,5400.541781450872,0.04481738682954847,-1.213407810412826,-0.030627868254553926,9.03406901880989,9.038918989292302,276,1.0165774537692847,0.08106414605694204,0.0815934061687046,14.286929527176534,22.550619011781222,0.08143939393939394,0.14962121212121213,0.06628787878787878,0.04924242424242424,0.5151515151515151,0.001893939393939394,0,2,7.593414639611037
chacha20_s017_openssl.bin,ChaCha20,chacha20,528,openssl,656,68336a2616514cdb,528,7.582434244787074,258.42424242424244,124.73484848484848,5659.634240128558,0.022348580795914147,-1.2108639924866076,0.04050008707228598,9.030273952396227,9.038918989292302,244,-1.8246916251169543,0.06754755492472352,0.0840192159576471,19.08877678688363,26.712081195504496,0.08333333333333333,0.1571969696969697,0.08333333333333333,0.04924242424242424,0.5454545454545454,0.003787878787878788,1,2,7.588971678718635
chacha20_s058_openssl.bin,ChaCha20,chacha20,528,openssl,657,668f7ef14d23ee19,528,7.634407918035934,228.36363636363637,125.33522727272727,5357.086486311983,0.007231319873677294,-1.1766772158941532,-0.003627075872717279,9.03406901880989,9.038918989292302,255,-0.8597799897514907,0.07533855984106222,0.07186994682200862,16.01199404096954,24.124088920334916,0.08143939393939394,0.14962121212121213,0.06439393939393939,0.04924242424242424,0.4943181818181818,0.003787878787878788,1,2,7.5806104416094
aes128_s044_openssl.bin,AES-128,aes128,272,openssl,658,11c491e3f6280c74,272,7.146545872760492,298.3529411764706,122.68382352941177,5391.304444204152,0.13145610707442112,-1.2340321926818796,-0.044965647828130416,8.074768967553133,8.07681559705083,138,0.19470732994781675,0.06818837129040958,0.08447886244908866,15.812819262474408,29.25226605246425,0.13602941176470587,0.22794117647058823,0.03676470588235294,0.05514705882352941,0.4632352941176471,0.0,9,1,7.257564989620035
mlkem768_s096_openssl.bin,ML-KEM-768,mlkem768,1088,openssl,659,ab1263bdaa720ff6,1088,7.834950637130242,237.64705882352942,126.91084558823529,5394.651058843804,-0.0017545810571271414,-1.181215529871582,-0.00844529490423368,10.058537328983151,10.084808387804364,557,0.7443618653342968,0.07078996144841804,0.07711829765956997,14.416095016217055,24.088011247628206,0.06525735294117647,0.12224264705882353,0.06433823529411764,0.05514705882352941,0.5119485294117647,0.006433823529411764,0,2,7.807341448145918
3des_s083_liboqs.bin,3DES,3des,4112,liboqs,660,f33c3e1aebd52ccb,4112,7.951617230715361,272.99610894941634,128.0021887159533,5580.043039956604,-0.015282061788074392,-1.2357633874597445,-0.014743212036121722,11.938255954057412,12.004922678569045,2091,1.066729493463609,0.08908529226229714,0.08632001057840681,17.795141246827516,25.492842062537395,0.051070038910505836,0.0963035019455253,0.06566147859922179,0.05860894941634241,0.5162937743190662,0.00316147859922179,0,3,7.955407348671973
chacha20_s041_openssl.bin,ChaCha20,chacha20,272,openssl,661,ca065e6f8357f6d4,272,7.163942195980562,290.8235294117647,141.33823529411765,5487.510596885813,-0.2758747314117774,-1.1299720588611786,-0.03858301382634025,8.067388893752394,8.07681559705083,132,0.0455758945462011,0.056955637444226714,0.058823529411764705,18.281601100493848,25.237411855813004,0.12867647058823528,0.22426470588235295,0.04044117647058824,0.07720588235294118,0.5220588235294118,0.007352941176470588,10,1,7.2902393548313755
aes128_s053_liboqs.bin,AES-128,aes128,272,liboqs,662,522dd9155be680f5,272,7.235302157503419,245.64705882352942,122.05514705882354,5598.081517625433,0.05894238189018642,-1.247889410593835,0.06730323887552973,8.074768967553133,8.07681559705083,126,-1.2538857785266895,0.07128940966788719,0.08854113660876688,20.955615323376094,29.3095671613256,0.11397058823529412,0.20220588235294118,0.0661764705882353,0.04411764705882353,0.5036764705882353,0.003676470588235294,5,1,7.256956882474719
rsa2048_s017_openssl.bin,RSA-2048,rsa2048,256,openssl,663,0c467cdedc0120fb,256,7.062685535095536,300.0,131.64453125,5191.604110717773,-0.18731879431860232,-1.0521580329971787,-0.08485632015406486,7.994353436858858,7.9886846867721655,129,0.06286946134619315,0.101559373246308,0.09757809372497497,22.23195061833078,28.557492541345844,0.12890625,0.22265625,0.078125,0.05078125,0.50390625,0.00390625,6,2,7.214615838675411
aes256_s058_openssl.bin,AES-256,aes256,544,openssl,664,e84459fba94bba57,544,7.704565652014355,189.1764705882353,124.99264705882354,5329.59553416955,0.06603839813843787,-1.2183856260840282,-0.06706309501748997,9.077441905299757,9.082149041353869,277,0.3821205480993931,0.08129906024814698,0.07090919677200702,18.349652163929353,22.232921427445426,0.07720588235294118,0.13786764705882354,0.0625,0.05514705882352941,0.5073529411764706,0.003676470588235294,0,2,7.5728521811868434
aes256_s090_openssl.bin,AES-256,aes256,544,openssl,665,6292287a05b41d32,544,7.5963062104215275,256.0,129.22610294117646,5441.204392165873,-0.015196434069116492,-1.193981389144439,-0.0399865551663694,9.08112514655206,9.082149041353869,278,0.4294631641198262,0.08129906024814698,0.08471851927796259,14.94558923462991,22.67481371681682,0.08272058823529412,0.15625,0.06433823529411764,0.06066176470588235,0.5202205882352942,0.001838235294117647,1,2,7.581685940822442
chacha20_s095_liboqs.bin,ChaCha20,chacha20,2064,liboqs,666,d426a1473bdf92e2,2064,7.900222293918487,281.4263565891473,125.95494186046511,5424.022679066387,-0.004056565968112083,-1.188372033757936,-0.022968556635505667,10.984352633273785,11.009828617368107,1049,0.7045314998781522,0.07050375877357072,0.07123905533222016,19.55869715115237,26.435902118708814,0.061046511627906974,0.11531007751937984,0.0687984496124031,0.050872093023255814,0.5121124031007752,0.00436046511627907,0,2,7.914155195591776
mlkem768_s071_openssl.bin,ML-KEM-768,mlkem768,1088,openssl,667,ea97bf217d520670,1088,7.801822819944304,288.4705882352941,131.17279411764707,5682.755068663495,-0.050688614939365925,-1.2452431852863335,-0.025025643149459046,10.056697402580207,10.084808387804364,560,0.9392872573400411,0.075703162801375,0.06525087996065754,19.83365484774244,27.848824011267578,0.0744485294117647,0.13602941176470587,0.06433823529411764,0.06801470588235294,0.5018382352941176,0.003676470588235294,2,2,7.824064447617446
3des_s096_liboqs.bin,3DES,3des,520,liboqs,668,6ad1cc799ffff315,520,7.573920374765733,275.5692307692308,123.225,5357.078221153846,0.16791352183875866,-1.153720905299738,0.05465079912650074,9.01959072835788,9.016808287686555,243,-1.3976701346599993,0.17951508501625432,0.06007884366082042,22.891038449562686,28.826972212202183,0.09615384615384616,0.1673076923076923,0.05384615384615385,0.05961538461538462,0.4980769230769231,0.0,2,2,7.603477165171053
chacha20_s037_openssl.bin,ChaCha20,chacha20,528,openssl,669,6b887dcea0afa6d7,528,7.616199951013385,248.72727272727272,132.62689393939394,6153.275564594812,-0.06661683527189491,-1.2932419340748436,-0.06292395757221372,9.037864085223552,9.038918989292302,263,-0.13454638293494822,0.11321155864500466,0.10578969730127986,19.059214724656663,27.074221885978098,0.08901515151515152,0.16098484848484848,0.07765151515151515,0.08712121212121213,0.5132575757575758,0.003787878787878788,1,2,7.608026411128438
3des_s067_liboqs.bin,3DES,3des,272,liboqs,670,d4d724c1eee3dd8a,272,7.240246929444399,247.52941176470588,130.8860294117647,4750.755393057958,-0.011398020569628742,-1.0858347580999206,-0.06427269905205131,8.08214904135387,8.07681559705083,140,0.4387644439837901,0.075703162801375,0.08854113660876688,19.279284868564304,25.271728559429565,0.11397058823529412,0.20220588235294118,0.029411764705882353,0.04411764705882353,0.4742647058823529,0.0,6,2,7.30973829400165
chacha20_s042_openssl.bin,ChaCha20,chacha20,4112,openssl,671,680ccfa6d7835e09,4112,7.959067780548083,232.1556420233463,128.7876945525292,5413.933282428102,-0.02263670069019516,-1.2204472061838674,-0.002150352226186465,11.938255954057412,12.004922678569045,2034,-0.7000906142654136,0.08387352521193916,0.08446946781559958,17.44936110653773,26.207433907382363,0.05009727626459144,0.0936284046692607,0.05423151750972763,0.05666342412451362,0.4919747081712062,0.003404669260700389,0,2,7.952745206940412
rsa2048_s062_openssl.bin,RSA-2048,rsa2048,256,openssl,672,da701fb60b696c8f,256,7.158113111434876,258.0,125.31640625,5809.903793334961,0.022222580397017324,-1.2799397671054324,-0.005011397598087635,7.986510299603956,7.9886846867721655,134,0.6425147601823136,0.07654655446197431,0.07287014885225637,19.960109984681594,28.642427561507613,0.12109375,0.21484375,0.0703125,0.0625,0.50390625,0.0,5,1,7.267595348496301
rsa2048_s046_openssl.bin,RSA-2048,rsa2048,256,openssl,673,73d442ef26cee1d6,256,7.162333093706188,264.0,119.328125,5686.361083984375,0.1073452510420704,-1.2174095716561146,0.0024623320217583063,7.994353436858858,7.9886846867721655,127,-0.17208865091496856,0.07654655446197431,0.09077304717673633,14.73561765703681,22.356677859688254,0.12109375,0.21484375,0.08984375,0.0625,0.5,0.00390625,4,2,7.13914480927213
3des_s053_liboqs.bin,3DES,3des,4112,liboqs,674,5dc0d9f498066094,4112,7.959114875169811,226.80155642023345,127.63764591439688,5473.817629477736,0.01785544153126045,-1.191795152305362,-0.0007011138504654138,11.941716319537633,12.003949442559312,2084,0.8471898723582941,0.08337134765360317,0.08613938847264119,17.44449816277006,25.325620632308073,0.047665369649805445,0.0911964980544747,0.061284046692607,0.06006809338521401,0.49562256809338523,0.00316147859922179,0,2,7.954220745623562
rsa2048_s012_openssl.bin,RSA-2048,rsa2048,256,openssl,675,47c72b3227239295,256,7.123270593706188,278.0,129.26171875,5571.302597045898,0.03009523305133675,-1.3116704063721487,-0.05820111025310913,7.994353436858858,7.9886846867721655,126,-0.3757374638391592,0.07654655446197431,0.09757809372497497,16.6150877809229,26.99978948440429,0.125,0.21875,0.0390625,0.0546875,0.55859375,0.0,7,2,7.122521942772023
chacha20_s046_openssl.bin,ChaCha20,chacha20,528,openssl,676,8c9249aa57633b5e,528,7.573305799581707,271.030303030303,129.01704545454547,5659.156906422177,-0.025649297144785522,-1.2223139711716133,-0.032426714674909686,9.03406901880989,9.038918989292302,275,0.8715577868872553,0.05892556509887896,0.05965157480311978,19.22027216026351,24.645448808095974,0.08901515151515152,0.16477272727272727,0.07575757575757576,0.06060606060606061,0.5208333333333334,0.007575757575757576,1,2,7.643681034439968
des_s018_openssl.bin,DES,des,520,openssl,677,79ed6efb46c4d6e0,520,7.636240320836054,224.36923076923077,126.4076923076923,5493.806863905325,-0.004844684813861538,-1.1915962716529398,0.0019107421831076148,9.011883599263468,9.016808287686555,259,-0.17021871733783825,0.1801533628877896,0.08634593969478327,21.3943385996427,30.797073700608472,0.08461538461538462,0.14807692307692308,0.07115384615384615,0.04807692307692308,0.49615384615384617,0.0038461538461538464,1,2,7.564325382984537
chacha20_s096_openssl.bin,ChaCha20,chacha20,4112,openssl,678,e5e914b69e387bc6,4112,7.956308080243323,244.98054474708172,128.7534046692607,5436.8419144782665,-0.028546070893044347,-1.18128498953075,-0.02208067440506254,11.942634450773541,12.00443606056418,2052,-0.12251452302626897,0.07882097319518032,0.07570693640703996,18.55538479254143,26.6009004408546,0.04912451361867704,0.0941147859922179,0.0610408560311284,0.061284046692607,0.48638132295719844,0.006079766536964981,0,2,7.946444041214666
aes256_s089_liboqs.bin,AES-256,aes256,1040,liboqs,679,67cd4fa3ee2c8f51,1040,7.809663503262425,241.96923076923076,127.64519230769231,5612.9135345784025,-0.009590500423885722,-1.2332785899301326,-0.019630543329392434,10.005580516382556,10.019590728357882,515,-0.3523384743428581,0.09584565995674701,0.08980995714488936,17.105600703973742,27.140729238855464,0.06153846153846154,0.12307692307692308,0.05961538461538462,0.07211538461538461,0.5028846153846154,0.006730769230769231,0,2,7.810012255743252
chacha20_s081_openssl.bin,ChaCha20,chacha20,528,openssl,680,7eb2433935d9993c,528,7.656884040961691,220.6060606060606,127.82007575757575,5734.693006054867,0.03463989828007362,-1.2837587824539327,-0.026475979620346875,9.037864085223552,9.038918989292302,265,0.005281307163869772,0.08491676422265704,0.07697879330644536,15.46269304875507,24.093175830204906,0.08712121212121213,0.14962121212121213,0.04924242424242424,0.06628787878787878,0.48674242424242425,0.003787878787878788,2,2,7.583149156623908
chacha20_s072_liboqs.bin,ChaCha20,chacha20,528,liboqs,681,1a48c2bae986338d,528,7.643467507077193,236.12121212121212,125.35795454545455,5795.358610967631,-0.021913721157052306,-1.2602999052012693,0.05838081822822806,9.030273952396227,9.038918989292302,241,-2.0861163297285006,0.07594673354455841,0.0815934061687046,22.391527630822186,30.78609367261696,0.08143939393939394,0.1571969696969697,0.07575757575757576,0.04734848484848485,0.5321969696969697,0.001893939393939394,0,2,7.610027329368463
aes128_s062_liboqs.bin,AES-128,aes128,1056,liboqs,682,8016b1fe7aa83e46,1056,7.79143757992079,278.7878787878788,125.17140151515152,5667.623083641816,0.06521533500003861,-1.2608799536516353,-0.0303423092680837,10.029757141414452,10.041659151637214,549,1.295651115645289,0.08649580667224556,0.08921640691904452,17.262752994047112,24.177151617722906,0.07007575757575757,0.13068181818181818,0.0634469696969697,0.058712121212121215,0.4895833333333333,0.001893939393939394,0,2,7.798445868222445
rsa2048_s024_liboqs.bin,RSA-2048,rsa2048,256,liboqs,683,325dc7c1b6c3985c,256,7.09959572865618,288.0,123.81640625,5140.103012084961,0.07234802192558068,-1.1134589511213637,-0.03496527452708342,7.986510299603956,7.9886846867721655,131,0.3143473067309657,0.07493486755176124,0.08267972847076846,17.23642849209447,24.09962607445831,0.1328125,0.234375,0.0703125,0.0546875,0.42578125,0.00390625,10,2,7.210379307454015
mlkem768_s035_openssl.bin,ML-KEM-768,mlkem768,1088,openssl,684,ee61338da9e264ab,1088,7.847125872272933,215.05882352941177,127.13878676470588,5456.974304410413,-0.023511967828330663,-1.186129920350906,-0.017248730553310894,10.07693659301259,10.084808387804364,537,-0.4848550447721826,0.10054196052763824,0.10824730762862575,21.059583837628168,26.903565841016015,0.06525735294117647,0.12040441176470588,0.06893382352941177,0.05330882352941176,0.5045955882352942,0.004595588235294118,0,2,7.810683067644431
mlkem768_s036_openssl.bin,ML-KEM-768,mlkem768,1088,openssl,685,f67551f83aab1100,1088,7.803343126819642,284.70588235294116,130.0808823529412,5383.017355103806,-0.08522457682378266,-1.217511347437245,0.010244958410741023,10.06221718178904,10.084808387804364,534,-0.5686513276996829,0.06789038717874775,0.062147579060209436,17.303416133330956,25.547428002252534,0.07628676470588236,0.13511029411764705,0.05330882352941176,0.04503676470588235,0.48713235294117646,0.001838235294117647,1,2,7.811502509960478
des_s049_liboqs.bin,DES,des,520,liboqs,686,b22b4cf701c6b7a8,520,7.66158154577626,208.6153846153846,131.53846153846155,5414.202366863906,-0.048000503111623176,-1.1739676195116302,0.03408564828729,9.011883599263468,9.016808287686555,245,-1.2501898089081103,0.17710105647819635,0.043172969847391635,20.050905858777945,25.843602495411286,0.07884615384615384,0.14038461538461539,0.051923076923076926,0.07307692307692308,0.4846153846153846,0.0038461538461538464,1,2,7.605352964622341
des_s048_liboqs.bin,DES,des,528,liboqs,687,04e789dec39c5657,528,7.588378064771164,273.93939393939394,128.95075757575756,5445.209696395776,-0.08307193088945412,-1.1550165882323045,0.011050065474674032,9.037864085223552,9.038918989292302,256,-0.768464742667513,0.065169130810929,0.06615245907792795,18.195895552469572,24.29819756132354,0.0946969696969697,0.17045454545454544,0.07196969696969698,0.0625,0.5075757575757576,0.005681818181818182,2,2,7.591272192708666
aes256_s053_liboqs.bin,AES-256,aes256,544,liboqs,688,ad7b707dbe233342,544,7.629222557704814,242.8235294117647,126.50735294117646,5505.496269463668,0.008298810206233978,-1.2026576566024452,0.014111890524940282,9.073758664047455,9.082149041353869,267,-0.5146615875675514,0.07435201623587016,0.09494979095694822,21.216321520834672,27.756879135029013,0.08455882352941177,0.15625,0.0661764705882353,0.0625,0.5257352941176471,0.001838235294117647,2,2,7.59961473915303
3des_s040_liboqs.bin,3DES,3des,1040,liboqs,689,27baa5ab87ca15ce,1040,7.805800426665322,260.18461538461537,127.57596153846154,5352.4749990754435,-0.011930087413250468,-1.1722310225443993,-0.01317614765818398,10.011355299828177,10.019590728357882,528,0.43445156500917326,0.07531983087525439,0.07236495277779531,16.916744991122687,26.732850794022024,0.07115384615384615,0.1326923076923077,0.06634615384615385,0.05384615384615385,0.4951923076923077,0.0057692307692307696,0,2,7.820496823967357
aes128_s076_liboqs.bin,AES-128,aes128,1056,liboqs,690,c60cf22c5e0bc6f3,1056,7.7950131609146105,282.6666666666667,125.07954545454545,5656.162233126722,0.054216532611461886,-1.232208761350479,-0.017773535761224122,10.021458669848421,10.041659151637214,547,1.177957589122249,0.09278370237815067,0.08921640691904452,19.492973996033932,25.698652802316207,0.07291666666666667,0.13446969696969696,0.07291666666666667,0.058712121212121215,0.4981060606060606,0.002840909090909091,0,2,7.825869905505364
rsa2048_s061_openssl.bin,RSA-2048,rsa2048,256,openssl,691,5fd69cba8f223af8,256,7.088190710927493,286.0,122.26171875,6030.154159545898,0.09816572196478072,-1.2499217148507007,-0.07374301986130126,7.986510299603956,7.9886846867721655,141,1.6106675921953235,0.07287014885225637,0.09077304717673633,23.184659305756973,28.160105857216667,0.12890625,0.22265625,0.0859375,0.07421875,0.44921875,0.00390625,8,2,7.171555250474054
mlkem768_s016_liboqs.bin,ML-KEM-768,mlkem768,1088,liboqs,692,a54be90ae0f19db8,1088,7.833380666830326,238.11764705882354,123.45680147058823,5245.001810357645,0.07296465195684729,-1.1299320598760858,-0.004476430899490174,10.069576887400814,10.084808387804364,550,0.4417399023414488,0.07543486959074702,0.08471851927796259,19.651216148404693,27.482779445612383,0.06985294117647059,0.12867647058823528,0.06158088235294118,0.058823529411764705,0.47150735294117646,0.001838235294117647,0,2,7.785088910436479
3des_s086_liboqs.bin,3DES,3des,1032,liboqs,693,5682ce3ac3321cce,1032,7.817573723605142,248.0,127.44282945736434,5578.6982819166515,0.0195259070506148,-1.1892608721609286,0.005036223025258212,9.990429975273054,10.008428622070578,511,-0.3640581442481926,0.13886160152719768,0.06982125401027837,16.815841131022466,24.51204521056992,0.0687984496124031,0.12887596899224807,0.06395348837209303,0.0755813953488372,0.4757751937984496,0.005813953488372093,0,2,7.802644642938083
chacha20_s051_openssl.bin,ChaCha20,chacha20,528,openssl,694,13db9137bd80dddd,528,7.596912605351991,247.75757575757575,131.85227272727272,5422.682722107437,-0.06668788217803781,-1.1734742327874255,0.018450304300853402,9.041659151637214,9.038918989292302,248,-1.4733452789428632,0.07945521577046602,0.0840192159576471,18.070122108511857,24.308893546205912,0.08333333333333333,0.1534090909090909,0.06060606060606061,0.06060606060606061,0.49242424242424243,0.005681818181818182,0,1,7.6094761072518535
aes128_s005_openssl.bin,AES-128,aes128,272,openssl,695,c2432a9e275d57e3,272,7.243851525000818,236.23529411764704,136.79044117647058,5534.650938040657,-0.13924403100145477,-1.1434113714184624,0.14203899052694502,8.074768967553133,8.07681559705083,118,-2.1089580151285823,0.06410145505206873,0.07090919677200702,22.313091535004308,33.205032626352406,0.09926470588235294,0.1875,0.05514705882352941,0.08823529411764706,0.4889705882352941,0.003676470588235294,2,2,7.230830257155693
des_s061_openssl.bin,DES,des,528,openssl,696,7cd42ccdb7ac3365,528,7.597725975698338,239.03030303030303,124.50378787878788,5604.553015955004,-0.018402267042908094,-1.2158694223053428,0.008295471514328483,9.037864085223552,9.038918989292302,273,0.6973122316140743,0.09103119394138556,0.11235685249875253,21.703292212218496,26.331232262660176,0.07765151515151515,0.14393939393939395,0.08333333333333333,0.05303030303030303,0.4962121212121212,0.003787878787878788,0,2,7.671678610195167
3des_s063_liboqs.bin,3DES,3des,264,liboqs,697,fede77b4576f3b13,264,7.193756145758877,249.93939393939394,124.0,5090.234848484848,0.11782824160786065,-1.1209771943023075,-0.051738995194304006,8.023709863817016,8.03342300153745,141,1.0502763953370367,0.23826252567675957,0.10220255729721243,14.859490038495677,26.781576520232914,0.11363636363636363,0.20454545454545456,0.045454545454545456,0.056818181818181816,0.4621212121212121,0.0,6,2,7.185524586207832
aes128_s054_openssl.bin,AES-128,aes128,272,openssl,698,05601830a2072b53,272,7.1822526738899235,264.47058823529414,128.52205882352942,5400.749513408305,0.001290571975442292,-1.1853958127451936,-0.037276370443224405,8.08214904135387,8.07681559705083,137,0.008043851913062167,0.09699195557553617,0.10108622856520236,17.395128802494202,22.579464874007527,0.11029411764705882,0.19852941176470587,0.05514705882352941,0.05514705882352941,0.5220588235294118,0.011029411764705883,5,2,7.220808901123015
mlkem768_s013_openssl.bin,ML-KEM-768,mlkem768,1088,openssl,699,5b74ad01f300e81b,1088,7.823685686210701,254.11764705882354,129.87316176470588,5595.040897356185,-0.027503590290416127,-1.2235956544801452,-0.03149067945004232,10.071416813803758,10.084808387804364,552,0.4247456592660501,0.0658693855410622,0.07831400148581173,17.541511200209275,24.49335418423578,0.06893382352941177,0.12959558823529413,0.0661764705882353,0.06801470588235294,0.5055147058823529,0.0027573529411764708,0,2,7.833176900101781
