
[1/6] gemma4:31b-cloud (delay=2.0s, max_tokens=300)
  ✅ tier1      standard     3DES_0001_openssl.bin     GT=3DES       PRED=3DES         (7.6s)
  ✅ tier1      standard     3DES_0002_openssl.bin     GT=3DES       PRED=3DES         (8.0s)
  ✅ tier1      standard     3DES_0003_pycryptodome.bi GT=3DES       PRED=3DES         (0.4s)
  ✅ tier1      standard     3DES_0004_pycryptodome.bi GT=3DES       PRED=3DES         (1.0s)
  ✅ tier1      standard     3DES_0005_openssl.bin     GT=3DES       PRED=3DES         (19.9s)
  ✅ tier1      standard     3DES_0006_pycryptodome.bi GT=3DES       PRED=3DES         (5.9s)
  ✅ tier1      standard     3DES_0007_openssl.bin     GT=3DES       PRED=3DES         (7.9s)
  ✅ tier1      standard     3DES_0008_pycryptodome.bi GT=3DES       PRED=3DES         (0.6s)
  ✅ tier1      standard     3DES_0009_openssl.bin     GT=3DES       PRED=3DES         (1.8s)
  ✅ tier1      standard     3DES_0010_pycryptodome.bi GT=3DES       PRED=3DES         (0.7s)
  ✅ tier1      standard     3DES_0011_pycryptodome.bi GT=3DES       PRED=3DES         (2.0s)
  ✅ tier1      standard     3DES_0012_openssl.bin     GT=3DES       PRED=3DES         (0.8s)
  ✅ tier1      standard     3DES_0013_openssl.bin     GT=3DES       PRED=3DES         (1.1s)
  ✅ tier1      standard     3DES_0014_openssl.bin     GT=3DES       PRED=3DES         (2.5s)
  ✅ tier1      standard     3DES_0015_pycryptodome.bi GT=3DES       PRED=3DES         (6.4s)
  ✅ tier1      standard     3DES_0016_openssl.bin     GT=3DES       PRED=3DES         (5.7s)
  ✅ tier1      standard     3DES_0017_openssl.bin     GT=3DES       PRED=3DES         (0.4s)
  ✅ tier1      standard     3DES_0018_pycryptodome.bi GT=3DES       PRED=3DES         (14.3s)
  ✅ tier1      standard     3DES_0019_pycryptodome.bi GT=3DES       PRED=3DES         (10.8s)
  ✅ tier1      standard     3DES_0020_openssl.bin     GT=3DES       PRED=3DES         (3.5s)
  ✅ tier1      standard     AES-128_0001_openssl.bin  GT=AES-128    PRED=AES-128      (1.6s)
  ✅ tier1      standard     AES-128_0002_pycryptodome GT=AES-128    PRED=AES-128      (0.8s)
  ✅ tier1      standard     AES-128_0003_pycryptodome GT=AES-128    PRED=AES-128      (25.6s)
  ✅ tier1      standard     AES-128_0004_openssl.bin  GT=AES-128    PRED=AES-128      (7.1s)
  ✅ tier1      standard     AES-128_0005_openssl.bin  GT=AES-128    PRED=AES-128      (4.5s)
  ✅ tier1      standard     AES-128_0006_pycryptodome GT=AES-128    PRED=AES-128      (0.8s)
  ✅ tier1      standard     AES-128_0007_pycryptodome GT=AES-128    PRED=AES-128      (8.5s)
  ✅ tier1      standard     AES-128_0008_pycryptodome GT=AES-128    PRED=AES-128      (6.2s)
  ✅ tier1      standard     AES-128_0009_openssl.bin  GT=AES-128    PRED=AES-128      (3.4s)
  ✅ tier1      standard     AES-128_0010_openssl.bin  GT=AES-128    PRED=AES-128      (1.2s)
  ✅ tier1      standard     AES-128_0011_pycryptodome GT=AES-128    PRED=AES-128      (0.6s)
  ✅ tier1      standard     AES-128_0012_pycryptodome GT=AES-128    PRED=AES-128      (6.0s)
  ✅ tier1      standard     AES-128_0013_openssl.bin  GT=AES-128    PRED=AES-128      (0.4s)
  ✅ tier1      standard     AES-128_0014_openssl.bin  GT=AES-128    PRED=AES-128      (0.7s)
  ✅ tier1      standard     AES-128_0015_pycryptodome GT=AES-128    PRED=AES-128      (39.3s)
  ✅ tier1      standard     AES-128_0016_openssl.bin  GT=AES-128    PRED=AES-128      (15.4s)
  ✅ tier1      standard     AES-128_0017_pycryptodome GT=AES-128    PRED=AES-128      (5.4s)
  ✅ tier1      standard     AES-128_0018_openssl.bin  GT=AES-128    PRED=AES-128      (1.0s)
  ✅ tier1      standard     AES-128_0019_pycryptodome GT=AES-128    PRED=AES-128      (0.9s)
  ✅ tier1      standard     AES-128_0020_pycryptodome GT=AES-128    PRED=AES-128      (3.8s)
  ✅ tier1      standard     AES-256_0001_openssl.bin  GT=AES-256    PRED=AES-256      (1.3s)
  ✅ tier1      standard     AES-256_0002_openssl.bin  GT=AES-256    PRED=AES-256      (3.7s)
  ✅ tier1      standard     AES-256_0003_openssl.bin  GT=AES-256    PRED=AES-256      (1.0s)
  ✅ tier1      standard     AES-256_0004_openssl.bin  GT=AES-256    PRED=AES-256      (0.8s)
  ✅ tier1      standard     AES-256_0005_openssl.bin  GT=AES-256    PRED=AES-256      (8.6s)
  ✅ tier1      standard     AES-256_0006_openssl.bin  GT=AES-256    PRED=AES-256      (5.7s)
  ✅ tier1      standard     AES-256_0007_pycryptodome GT=AES-256    PRED=AES-256      (2.8s)
  ✅ tier1      standard     AES-256_0008_pycryptodome GT=AES-256    PRED=AES-256      (7.1s)
  ✅ tier1      standard     AES-256_0009_openssl.bin  GT=AES-256    PRED=AES-256      (6.1s)
  ✅ tier1      standard     AES-256_0010_openssl.bin  GT=AES-256    PRED=AES-256      (0.8s)
  ✅ tier1      standard     AES-256_0011_pycryptodome GT=AES-256    PRED=AES-256      (0.7s)
  ✅ tier1      standard     AES-256_0012_pycryptodome GT=AES-256    PRED=AES-256      (0.9s)
  ✅ tier1      standard     AES-256_0013_openssl.bin  GT=AES-256    PRED=AES-256      (0.4s)
  ✅ tier1      standard     AES-256_0014_openssl.bin  GT=AES-256    PRED=AES-256      (1.4s)
  ✅ tier1      standard     AES-256_0015_openssl.bin  GT=AES-256    PRED=AES-256      (3.5s)
  ✅ tier1      standard     AES-256_0016_pycryptodome GT=AES-256    PRED=AES-256      (3.8s)
  ✅ tier1      standard     AES-256_0017_openssl.bin  GT=AES-256    PRED=AES-256      (3.6s)
  ✅ tier1      standard     AES-256_0018_openssl.bin  GT=AES-256    PRED=AES-256      (7.7s)
  ✅ tier1      standard     AES-256_0019_pycryptodome GT=AES-256    PRED=AES-256      (4.4s)
  ✅ tier1      standard     AES-256_0020_pycryptodome GT=AES-256    PRED=AES-256      (0.5s)
  ✅ tier1      standard     ChaCha20_0001_openssl.bin GT=ChaCha20   PRED=ChaCha20     (2.0s)
  ✅ tier1      standard     ChaCha20_0002_pycryptodom GT=ChaCha20   PRED=ChaCha20     (0.5s)
  ✅ tier1      standard     ChaCha20_0003_openssl.bin GT=ChaCha20   PRED=ChaCha20     (5.3s)
  ✅ tier1      standard     ChaCha20_0004_pycryptodom GT=ChaCha20   PRED=ChaCha20     (1.3s)
  ✅ tier1      standard     ChaCha20_0005_openssl.bin GT=ChaCha20   PRED=ChaCha20     (3.4s)
  ✅ tier1      standard     ChaCha20_0006_pycryptodom GT=ChaCha20   PRED=ChaCha20     (8.7s)
  ✅ tier1      standard     ChaCha20_0007_pycryptodom GT=ChaCha20   PRED=ChaCha20     (7.3s)
  ✅ tier1      standard     ChaCha20_0008_pycryptodom GT=ChaCha20   PRED=ChaCha20     (3.5s)
  ✅ tier1      standard     ChaCha20_0009_pycryptodom GT=ChaCha20   PRED=ChaCha20     (11.9s)
  ✅ tier1      standard     ChaCha20_0010_pycryptodom GT=ChaCha20   PRED=ChaCha20     (9.6s)
  ✅ tier1      standard     ChaCha20_0011_pycryptodom GT=ChaCha20   PRED=ChaCha20     (5.9s)
  ✅ tier1      standard     ChaCha20_0012_openssl.bin GT=ChaCha20   PRED=ChaCha20     (0.6s)
  ✅ tier1      standard     ChaCha20_0013_pycryptodom GT=ChaCha20   PRED=ChaCha20     (0.5s)
  ✅ tier1      standard     ChaCha20_0014_openssl.bin GT=ChaCha20   PRED=ChaCha20     (0.4s)
  ✅ tier1      standard     ChaCha20_0015_openssl.bin GT=ChaCha20   PRED=ChaCha20     (0.4s)
  ✅ tier1      standard     ChaCha20_0016_openssl.bin GT=ChaCha20   PRED=ChaCha20     (6.8s)
  ✅ tier1      standard     ChaCha20_0017_openssl.bin GT=ChaCha20   PRED=ChaCha20     (0.9s)
  ✅ tier1      standard     ChaCha20_0018_pycryptodom GT=ChaCha20   PRED=ChaCha20     (2.0s)
  ✅ tier1      standard     ChaCha20_0019_openssl.bin GT=ChaCha20   PRED=ChaCha20     (1.7s)
  ✅ tier1      standard     ChaCha20_0020_openssl.bin GT=ChaCha20   PRED=ChaCha20     (9.2s)
  ✅ tier1      standard     DES_0001_pycryptodome.bin GT=DES        PRED=DES          (1.5s)
  ✅ tier1      standard     DES_0002_openssl.bin      GT=DES        PRED=DES          (0.9s)
  ✅ tier1      standard     DES_0003_openssl.bin      GT=DES        PRED=DES          (0.4s)
  ✅ tier1      standard     DES_0004_openssl.bin      GT=DES        PRED=DES          (0.4s)
  ✅ tier1      standard     DES_0005_pycryptodome.bin GT=DES        PRED=DES          (3.3s)
  ✅ tier1      standard     DES_0006_openssl.bin      GT=DES        PRED=DES          (7.6s)
  ✅ tier1      standard     DES_0007_openssl.bin      GT=DES        PRED=DES          (0.8s)
  ✅ tier1      standard     DES_0008_pycryptodome.bin GT=DES        PRED=DES          (0.9s)
  ✅ tier1      standard     DES_0009_pycryptodome.bin GT=DES        PRED=DES          (12.0s)
  ✅ tier1      standard     DES_0010_openssl.bin      GT=DES        PRED=DES          (1.3s)
  ✅ tier1      standard     DES_0011_openssl.bin      GT=DES        PRED=DES          (2.4s)
  ✅ tier1      standard     DES_0012_pycryptodome.bin GT=DES        PRED=DES          (8.7s)
  ✅ tier1      standard     DES_0013_pycryptodome.bin GT=DES        PRED=DES          (12.3s)
  ✅ tier1      standard     DES_0014_pycryptodome.bin GT=DES        PRED=DES          (34.9s)
  ✅ tier1      standard     DES_0015_openssl.bin      GT=DES        PRED=DES          (8.8s)
  ✅ tier1      standard     DES_0016_pycryptodome.bin GT=DES        PRED=DES          (0.7s)
  ✅ tier1      standard     DES_0017_openssl.bin      GT=DES        PRED=DES          (0.4s)
  ✅ tier1      standard     DES_0018_pycryptodome.bin GT=DES        PRED=DES          (22.4s)
  ✅ tier1      standard     DES_0019_openssl.bin      GT=DES        PRED=DES          (7.3s)
  ✅ tier1      standard     DES_0020_pycryptodome.bin GT=DES        PRED=DES          (2.0s)
  ✅ tier1      standard     ML-KEM-768_0001_openssl.b GT=ML-KEM-768 PRED=ML-KEM-768   (2.7s)
  ✅ tier1      standard     ML-KEM-768_0002_openssl.b GT=ML-KEM-768 PRED=ML-KEM-768   (7.9s)
  ✅ tier1      standard     ML-KEM-768_0003_openssl.b GT=ML-KEM-768 PRED=ML-KEM-768   (0.8s)
  ✅ tier1      standard     ML-KEM-768_0004_openssl.b GT=ML-KEM-768 PRED=ML-KEM-768   (11.3s)
  ✅ tier1      standard     ML-KEM-768_0005_openssl.b GT=ML-KEM-768 PRED=ML-KEM-768   (1.3s)
  ✅ tier1      standard     ML-KEM-768_0006_openssl.b GT=ML-KEM-768 PRED=ML-KEM-768   (1.6s)
  ✅ tier1      standard     ML-KEM-768_0007_openssl.b GT=ML-KEM-768 PRED=ML-KEM-768   (2.3s)
  ✅ tier1      standard     ML-KEM-768_0008_openssl.b GT=ML-KEM-768 PRED=ML-KEM-768   (4.1s)
  ✅ tier1      standard     ML-KEM-768_0009_openssl.b GT=ML-KEM-768 PRED=ML-KEM-768   (6.9s)
  ✅ tier1      standard     ML-KEM-768_0010_openssl.b GT=ML-KEM-768 PRED=ML-KEM-768   (4.6s)
  ✅ tier1      standard     ML-KEM-768_0011_openssl.b GT=ML-KEM-768 PRED=ML-KEM-768   (7.6s)
  ✅ tier1      standard     ML-KEM-768_0012_openssl.b GT=ML-KEM-768 PRED=ML-KEM-768   (0.4s)
  ✅ tier1      standard     ML-KEM-768_0013_openssl.b GT=ML-KEM-768 PRED=ML-KEM-768   (1.6s)
  ✅ tier1      standard     ML-KEM-768_0014_openssl.b GT=ML-KEM-768 PRED=ML-KEM-768   (2.1s)
  ✅ tier1      standard     ML-KEM-768_0015_openssl.b GT=ML-KEM-768 PRED=ML-KEM-768   (8.6s)
  ✅ tier1      standard     ML-KEM-768_0016_openssl.b GT=ML-KEM-768 PRED=ML-KEM-768   (0.6s)
  ✅ tier1      standard     ML-KEM-768_0017_openssl.b GT=ML-KEM-768 PRED=ML-KEM-768   (0.5s)
  ✅ tier1      standard     ML-KEM-768_0018_openssl.b GT=ML-KEM-768 PRED=ML-KEM-768   (0.5s)
  ✅ tier1      standard     ML-KEM-768_0019_openssl.b GT=ML-KEM-768 PRED=ML-KEM-768   (10.4s)
  ✅ tier1      standard     ML-KEM-768_0020_openssl.b GT=ML-KEM-768 PRED=ML-KEM-768   (2.0s)
  ✅ tier1      standard     RSA-2048_0001_pycryptodom GT=RSA-2048   PRED=RSA-2048     (2.8s)
  ✅ tier1      standard     RSA-2048_0002_pycryptodom GT=RSA-2048   PRED=RSA-2048     (0.4s)
  ✅ tier1      standard     RSA-2048_0003_openssl.bin GT=RSA-2048   PRED=RSA-2048     (0.9s)
  ✅ tier1      standard     RSA-2048_0004_openssl.bin GT=RSA-2048   PRED=RSA-2048     (1.6s)
  ✅ tier1      standard     RSA-2048_0005_pycryptodom GT=RSA-2048   PRED=RSA-2048     (6.0s)
  ✅ tier1      standard     RSA-2048_0006_pycryptodom GT=RSA-2048   PRED=RSA-2048     (5.6s)
  ✅ tier1      standard     RSA-2048_0007_pycryptodom GT=RSA-2048   PRED=RSA-2048     (3.2s)
  ✅ tier1      standard     RSA-2048_0008_openssl.bin GT=RSA-2048   PRED=RSA-2048     (6.6s)
  ✅ tier1      standard     RSA-2048_0009_openssl.bin GT=RSA-2048   PRED=RSA-2048     (6.5s)
  ✅ tier1      standard     RSA-2048_0010_pycryptodom GT=RSA-2048   PRED=RSA-2048     (6.1s)
  ✅ tier1      standard     RSA-2048_0011_pycryptodom GT=RSA-2048   PRED=RSA-2048     (2.3s)
  ✅ tier1      standard     RSA-2048_0012_openssl.bin GT=RSA-2048   PRED=RSA-2048     (0.6s)
  ✅ tier1      standard     RSA-2048_0013_pycryptodom GT=RSA-2048   PRED=RSA-2048     (0.4s)
  ✅ tier1      standard     RSA-2048_0014_pycryptodom GT=RSA-2048   PRED=RSA-2048     (0.6s)
  ✅ tier1      standard     RSA-2048_0015_pycryptodom GT=RSA-2048   PRED=RSA-2048     (5.9s)
  ✅ tier1      standard     RSA-2048_0016_openssl.bin GT=RSA-2048   PRED=RSA-2048     (0.6s)
  ✅ tier1      standard     RSA-2048_0017_openssl.bin GT=RSA-2048   PRED=RSA-2048     (2.8s)
  ✅ tier1      standard     RSA-2048_0018_openssl.bin GT=RSA-2048   PRED=RSA-2048     (0.4s)
  ✅ tier1      standard     RSA-2048_0019_openssl.bin GT=RSA-2048   PRED=RSA-2048     (3.2s)
  ✅ tier1      standard     RSA-2048_0020_openssl.bin GT=RSA-2048   PRED=RSA-2048     (0.4s)
  ✓ tier1 complete for gemma4:31b-cloud
  ✅ tier2      standard     3DES_0001_openssl.bin     GT=3DES       PRED=3DES         (0.4s)
  ✅ tier2      standard     3DES_0002_openssl.bin     GT=3DES       PRED=3DES         (0.5s)
  ✅ tier2      standard     3DES_0003_pycryptodome.bi GT=3DES       PRED=3DES         (0.5s)
  ✅ tier2      standard     3DES_0004_pycryptodome.bi GT=3DES       PRED=3DES         (2.6s)
  ✅ tier2      standard     3DES_0005_openssl.bin     GT=3DES       PRED=3DES         (3.1s)
  ✅ tier2      standard     3DES_0006_pycryptodome.bi GT=3DES       PRED=3DES         (0.6s)
  ✅ tier2      standard     3DES_0007_openssl.bin     GT=3DES       PRED=3DES         (1.9s)
  ✅ tier2      standard     3DES_0008_pycryptodome.bi GT=3DES       PRED=3DES         (0.5s)
  ✅ tier2      standard     3DES_0009_openssl.bin     GT=3DES       PRED=3DES         (6.2s)
  ✅ tier2      standard     3DES_0010_pycryptodome.bi GT=3DES       PRED=3DES         (5.6s)
  ✅ tier2      standard     3DES_0011_pycryptodome.bi GT=3DES       PRED=3DES         (0.6s)
  ✅ tier2      standard     3DES_0012_openssl.bin     GT=3DES       PRED=3DES         (0.7s)
  ✅ tier2      standard     3DES_0013_openssl.bin     GT=3DES       PRED=3DES         (0.4s)
  ✅ tier2      standard     3DES_0014_openssl.bin     GT=3DES       PRED=3DES         (2.4s)
  ✅ tier2      standard     3DES_0015_pycryptodome.bi GT=3DES       PRED=3DES         (4.2s)
  ✅ tier2      standard     3DES_0016_openssl.bin     GT=3DES       PRED=3DES         (5.3s)
  ✅ tier2      standard     3DES_0017_openssl.bin     GT=3DES       PRED=3DES         (2.5s)
  ✅ tier2      standard     3DES_0018_pycryptodome.bi GT=3DES       PRED=3DES         (2.8s)
  ✅ tier2      standard     3DES_0019_pycryptodome.bi GT=3DES       PRED=3DES         (3.3s)
  ✅ tier2      standard     3DES_0020_openssl.bin     GT=3DES       PRED=3DES         (2.8s)
  ✅ tier2      standard     AES-128_0001_openssl.bin  GT=AES-128    PRED=AES-128      (2.8s)
  ✅ tier2      standard     AES-128_0002_pycryptodome GT=AES-128    PRED=AES-128      (0.5s)
  ✅ tier2      standard     AES-128_0003_pycryptodome GT=AES-128    PRED=AES-128      (0.9s)
  ✅ tier2      standard     AES-128_0004_openssl.bin  GT=AES-128    PRED=AES-128      (0.4s)
  ✅ tier2      standard     AES-128_0005_openssl.bin  GT=AES-128    PRED=AES-128      (1.2s)
  ✅ tier2      standard     AES-128_0006_pycryptodome GT=AES-128    PRED=AES-128      (3.2s)
  ✅ tier2      standard     AES-128_0007_pycryptodome GT=AES-128    PRED=AES-128      (4.9s)
  ✅ tier2      standard     AES-128_0008_pycryptodome GT=AES-128    PRED=AES-128      (0.4s)
  ✅ tier2      standard     AES-128_0009_openssl.bin  GT=AES-128    PRED=AES-128      (0.4s)
  ✅ tier2      standard     AES-128_0010_openssl.bin  GT=AES-128    PRED=AES-128      (0.4s)
  ✅ tier2      standard     AES-128_0011_pycryptodome GT=AES-128    PRED=AES-128      (0.9s)
  ✅ tier2      standard     AES-128_0012_pycryptodome GT=AES-128    PRED=AES-128      (0.9s)
  ✅ tier2      standard     AES-128_0013_openssl.bin  GT=AES-128    PRED=AES-128      (4.4s)
  ✅ tier2      standard     AES-128_0014_openssl.bin  GT=AES-128    PRED=AES-128      (0.4s)
  ✅ tier2      standard     AES-128_0015_pycryptodome GT=AES-128    PRED=AES-128      (0.5s)
  ✅ tier2      standard     AES-128_0016_openssl.bin  GT=AES-128    PRED=AES-128      (0.4s)
  ✅ tier2      standard     AES-128_0017_pycryptodome GT=AES-128    PRED=AES-128      (0.4s)
  ✅ tier2      standard     AES-128_0018_openssl.bin  GT=AES-128    PRED=AES-128      (1.2s)
  ✅ tier2      standard     AES-128_0019_pycryptodome GT=AES-128    PRED=AES-128      (6.2s)
  ✅ tier2      standard     AES-128_0020_pycryptodome GT=AES-128    PRED=AES-128      (1.5s)
  ✅ tier2      standard     AES-256_0001_openssl.bin  GT=AES-256    PRED=AES-256      (0.7s)
  ✅ tier2      standard     AES-256_0002_openssl.bin  GT=AES-256    PRED=AES-256      (0.5s)
  ✅ tier2      standard     AES-256_0003_openssl.bin  GT=AES-256    PRED=AES-256      (3.2s)
  ✅ tier2      standard     AES-256_0004_openssl.bin  GT=AES-256    PRED=AES-256      (2.4s)
  ✅ tier2      standard     AES-256_0005_openssl.bin  GT=AES-256    PRED=AES-256      (0.5s)
  ✅ tier2      standard     AES-256_0006_openssl.bin  GT=AES-256    PRED=AES-256      (0.5s)
  ✅ tier2      standard     AES-256_0007_pycryptodome GT=AES-256    PRED=AES-256      (0.4s)
  ✅ tier2      standard     AES-256_0008_pycryptodome GT=AES-256    PRED=AES-256      (7.7s)
  ✅ tier2      standard     AES-256_0009_openssl.bin  GT=AES-256    PRED=AES-256      (5.4s)
  ✅ tier2      standard     AES-256_0010_openssl.bin  GT=AES-256    PRED=AES-256      (0.9s)
  ✅ tier2      standard     AES-256_0011_pycryptodome GT=AES-256    PRED=AES-256      (0.7s)
  ✅ tier2      standard     AES-256_0012_pycryptodome GT=AES-256    PRED=AES-256      (0.5s)
  ✅ tier2      standard     AES-256_0013_openssl.bin  GT=AES-256    PRED=AES-256      (8.1s)
  ✅ tier2      standard     AES-256_0014_openssl.bin  GT=AES-256    PRED=AES-256      (5.7s)
  ✅ tier2      standard     AES-256_0015_openssl.bin  GT=AES-256    PRED=AES-256      (0.6s)
  ✅ tier2      standard     AES-256_0016_pycryptodome GT=AES-256    PRED=AES-256      (0.4s)
  ✅ tier2      standard     AES-256_0017_openssl.bin  GT=AES-256    PRED=AES-256      (4.5s)
  ✅ tier2      standard     AES-256_0018_openssl.bin  GT=AES-256    PRED=AES-256      (8.7s)
  ✅ tier2      standard     AES-256_0019_pycryptodome GT=AES-256    PRED=AES-256      (0.4s)
  ✅ tier2      standard     AES-256_0020_pycryptodome GT=AES-256    PRED=AES-256      (0.4s)
  ✅ tier2      standard     ChaCha20_0001_openssl.bin GT=ChaCha20   PRED=ChaCha20     (0.7s)
  ✅ tier2      standard     ChaCha20_0002_pycryptodom GT=ChaCha20   PRED=ChaCha20     (14.8s)
  ✅ tier2      standard     ChaCha20_0003_openssl.bin GT=ChaCha20   PRED=ChaCha20     (2.7s)
  ✅ tier2      standard     ChaCha20_0004_pycryptodom GT=ChaCha20   PRED=ChaCha20     (0.8s)
  ✅ tier2      standard     ChaCha20_0005_openssl.bin GT=ChaCha20   PRED=ChaCha20     (1.2s)
  ✅ tier2      standard     ChaCha20_0006_pycryptodom GT=ChaCha20   PRED=ChaCha20     (0.5s)
  ✅ tier2      standard     ChaCha20_0007_pycryptodom GT=ChaCha20   PRED=ChaCha20     (0.4s)
  ✅ tier2      standard     ChaCha20_0008_pycryptodom GT=ChaCha20   PRED=ChaCha20     (4.3s)
  ✅ tier2      standard     ChaCha20_0009_pycryptodom GT=ChaCha20   PRED=ChaCha20     (0.6s)
  ✅ tier2      standard     ChaCha20_0010_pycryptodom GT=ChaCha20   PRED=ChaCha20     (0.4s)
  ✅ tier2      standard     ChaCha20_0011_pycryptodom GT=ChaCha20   PRED=ChaCha20     (0.5s)
  ✅ tier2      standard     ChaCha20_0012_openssl.bin GT=ChaCha20   PRED=ChaCha20     (0.3s)
  ✅ tier2      standard     ChaCha20_0013_pycryptodom GT=ChaCha20   PRED=ChaCha20     (5.8s)
  ✅ tier2      standard     ChaCha20_0014_openssl.bin GT=ChaCha20   PRED=ChaCha20     (6.3s)
  ✅ tier2      standard     ChaCha20_0015_openssl.bin GT=ChaCha20   PRED=ChaCha20     (0.8s)
  ✅ tier2      standard     ChaCha20_0016_openssl.bin GT=ChaCha20   PRED=ChaCha20     (0.4s)
  ✅ tier2      standard     ChaCha20_0017_openssl.bin GT=ChaCha20   PRED=ChaCha20     (0.4s)
  ✅ tier2      standard     ChaCha20_0018_pycryptodom GT=ChaCha20   PRED=ChaCha20     (0.6s)
  ✅ tier2      standard     ChaCha20_0019_openssl.bin GT=ChaCha20   PRED=ChaCha20     (2.1s)
  ✅ tier2      standard     ChaCha20_0020_openssl.bin GT=ChaCha20   PRED=ChaCha20     (0.6s)
  ✅ tier2      standard     DES_0001_pycryptodome.bin GT=DES        PRED=DES          (0.4s)
  ✅ tier2      standard     DES_0002_openssl.bin      GT=DES        PRED=DES          (0.4s)
  ✅ tier2      standard     DES_0003_openssl.bin      GT=DES        PRED=DES          (0.3s)
  ✅ tier2      standard     DES_0004_openssl.bin      GT=DES        PRED=DES          (2.8s)
  ✅ tier2      standard     DES_0005_pycryptodome.bin GT=DES        PRED=DES          (0.9s)
  ✅ tier2      standard     DES_0006_openssl.bin      GT=DES        PRED=DES          (2.5s)
  ✅ tier2      standard     DES_0007_openssl.bin      GT=DES        PRED=DES          (0.4s)
  ✅ tier2      standard     DES_0008_pycryptodome.bin GT=DES        PRED=DES          (1.0s)
  ✅ tier2      standard     DES_0009_pycryptodome.bin GT=DES        PRED=DES          (2.9s)
  ✅ tier2      standard     DES_0010_openssl.bin      GT=DES        PRED=DES          (0.4s)
  ✅ tier2      standard     DES_0011_openssl.bin      GT=DES        PRED=DES          (0.6s)
  ✅ tier2      standard     DES_0012_pycryptodome.bin GT=DES        PRED=DES          (0.4s)
  ✅ tier2      standard     DES_0013_pycryptodome.bin GT=DES        PRED=DES          (0.4s)
  ✅ tier2      standard     DES_0014_pycryptodome.bin GT=DES        PRED=DES          (5.3s)
  ✅ tier2      standard     DES_0015_openssl.bin      GT=DES        PRED=DES          (0.9s)
  ✅ tier2      standard     DES_0016_pycryptodome.bin GT=DES        PRED=DES          (3.2s)
  ✅ tier2      standard     DES_0017_openssl.bin      GT=DES        PRED=DES          (0.8s)
  ✅ tier2      standard     DES_0018_pycryptodome.bin GT=DES        PRED=DES          (4.9s)
  ✅ tier2      standard     DES_0019_openssl.bin      GT=DES        PRED=DES          (4.4s)
  ✅ tier2      standard     DES_0020_pycryptodome.bin GT=DES        PRED=DES          (3.3s)
  ✅ tier2      standard     ML-KEM-768_0001_openssl.b GT=ML-KEM-768 PRED=ML-KEM-768   (0.4s)
  ✅ tier2      standard     ML-KEM-768_0002_openssl.b GT=ML-KEM-768 PRED=ML-KEM-768   (10.5s)
  ✅ tier2      standard     ML-KEM-768_0003_openssl.b GT=ML-KEM-768 PRED=ML-KEM-768   (1.5s)
  ✅ tier2      standard     ML-KEM-768_0004_openssl.b GT=ML-KEM-768 PRED=ML-KEM-768   (1.3s)
  ✅ tier2      standard     ML-KEM-768_0005_openssl.b GT=ML-KEM-768 PRED=ML-KEM-768   (0.4s)
  ✅ tier2      standard     ML-KEM-768_0006_openssl.b GT=ML-KEM-768 PRED=ML-KEM-768   (9.0s)
  ✅ tier2      standard     ML-KEM-768_0007_openssl.b GT=ML-KEM-768 PRED=ML-KEM-768   (0.5s)
  ✅ tier2      standard     ML-KEM-768_0008_openssl.b GT=ML-KEM-768 PRED=ML-KEM-768   (0.4s)
  ✅ tier2      standard     ML-KEM-768_0009_openssl.b GT=ML-KEM-768 PRED=ML-KEM-768   (0.4s)
  ✅ tier2      standard     ML-KEM-768_0010_openssl.b GT=ML-KEM-768 PRED=ML-KEM-768   (0.7s)
  ✅ tier2      standard     ML-KEM-768_0011_openssl.b GT=ML-KEM-768 PRED=ML-KEM-768   (6.0s)
  ✅ tier2      standard     ML-KEM-768_0012_openssl.b GT=ML-KEM-768 PRED=ML-KEM-768   (4.6s)
  ✅ tier2      standard     ML-KEM-768_0013_openssl.b GT=ML-KEM-768 PRED=ML-KEM-768   (1.8s)
  ✅ tier2      standard     ML-KEM-768_0014_openssl.b GT=ML-KEM-768 PRED=ML-KEM-768   (0.4s)
  ✅ tier2      standard     ML-KEM-768_0015_openssl.b GT=ML-KEM-768 PRED=ML-KEM-768   (3.8s)
  ✅ tier2      standard     ML-KEM-768_0016_openssl.b GT=ML-KEM-768 PRED=ML-KEM-768   (0.8s)
  ✅ tier2      standard     ML-KEM-768_0017_openssl.b GT=ML-KEM-768 PRED=ML-KEM-768   (0.5s)
  ✅ tier2      standard     ML-KEM-768_0018_openssl.b GT=ML-KEM-768 PRED=ML-KEM-768   (0.4s)
  ✅ tier2      standard     ML-KEM-768_0019_openssl.b GT=ML-KEM-768 PRED=ML-KEM-768   (13.3s)
  ✅ tier2      standard     ML-KEM-768_0020_openssl.b GT=ML-KEM-768 PRED=ML-KEM-768   (2.6s)
  ✅ tier2      standard     RSA-2048_0001_pycryptodom GT=RSA-2048   PRED=RSA-2048     (3.0s)
  ✅ tier2      standard     RSA-2048_0002_pycryptodom GT=RSA-2048   PRED=RSA-2048     (5.2s)
  ✅ tier2      standard     RSA-2048_0003_openssl.bin GT=RSA-2048   PRED=RSA-2048     (0.4s)
  ✅ tier2      standard     RSA-2048_0004_openssl.bin GT=RSA-2048   PRED=RSA-2048     (0.6s)
  ✅ tier2      standard     RSA-2048_0005_pycryptodom GT=RSA-2048   PRED=RSA-2048     (0.4s)
  ✅ tier2      standard     RSA-2048_0006_pycryptodom GT=RSA-2048   PRED=RSA-2048     (13.0s)
  ✅ tier2      standard     RSA-2048_0007_pycryptodom GT=RSA-2048   PRED=RSA-2048     (2.1s)
  ✅ tier2      standard     RSA-2048_0008_openssl.bin GT=RSA-2048   PRED=RSA-2048     (2.4s)
  ✅ tier2      standard     RSA-2048_0009_openssl.bin GT=RSA-2048   PRED=RSA-2048     (9.1s)
  ✅ tier2      standard     RSA-2048_0010_pycryptodom GT=RSA-2048   PRED=RSA-2048     (1.5s)
  ✅ tier2      standard     RSA-2048_0011_pycryptodom GT=RSA-2048   PRED=RSA-2048     (0.5s)
  ✅ tier2      standard     RSA-2048_0012_openssl.bin GT=RSA-2048   PRED=RSA-2048     (0.5s)
  ✅ tier2      standard     RSA-2048_0013_pycryptodom GT=RSA-2048   PRED=RSA-2048     (9.8s)
  ✅ tier2      standard     RSA-2048_0014_pycryptodom GT=RSA-2048   PRED=RSA-2048     (1.5s)
  ✅ tier2      standard     RSA-2048_0015_pycryptodom GT=RSA-2048   PRED=RSA-2048     (6.0s)
  ✅ tier2      standard     RSA-2048_0016_openssl.bin GT=RSA-2048   PRED=RSA-2048     (7.7s)
  ✅ tier2      standard     RSA-2048_0017_openssl.bin GT=RSA-2048   PRED=RSA-2048     (3.3s)
  ✅ tier2      standard     RSA-2048_0018_openssl.bin GT=RSA-2048   PRED=RSA-2048     (0.8s)
  ✅ tier2      standard     RSA-2048_0019_openssl.bin GT=RSA-2048   PRED=RSA-2048     (8.9s)
  ✅ tier2      standard     RSA-2048_0020_openssl.bin GT=RSA-2048   PRED=RSA-2048     (3.8s)
  ✓ tier2 complete for gemma4:31b-cloud
  ❌ tier3      standard     3DES_0001_openssl.bin     GT=3DES       PRED=ChaCha20     (3.1s)
  ❌ tier3      tier3_raw    3DES_0001_openssl.bin     GT=3DES       PRED=ChaCha20     (0.4s)
  ❌ tier3      standard     3DES_0002_openssl.bin     GT=3DES       PRED=ChaCha20     (24.2s)
  ❌ tier3      tier3_raw    3DES_0002_openssl.bin     GT=3DES       PRED=ChaCha20     (2.3s)
  ❌ tier3      standard     3DES_0003_pycryptodome.bi GT=3DES       PRED=ChaCha20     (1.3s)
  ❌ tier3      tier3_raw    3DES_0003_pycryptodome.bi GT=3DES       PRED=AES-256      (2.5s)
  ❌ tier3      standard     3DES_0004_pycryptodome.bi GT=3DES       PRED=ChaCha20     (4.7s)
  ❌ tier3      tier3_raw    3DES_0004_pycryptodome.bi GT=3DES       PRED=ChaCha20     (0.5s)
  ❌ tier3      standard     3DES_0005_openssl.bin     GT=3DES       PRED=ChaCha20     (0.6s)
  ❌ tier3      tier3_raw    3DES_0005_openssl.bin     GT=3DES       PRED=ChaCha20     (0.5s)
  ❌ tier3      standard     3DES_0006_pycryptodome.bi GT=3DES       PRED=ChaCha20     (3.4s)
  ❌ tier3      tier3_raw    3DES_0006_pycryptodome.bi GT=3DES       PRED=AES-256      (9.6s)
  ❌ tier3      standard     3DES_0007_openssl.bin     GT=3DES       PRED=AES-256      (0.9s)
  ❌ tier3      tier3_raw    3DES_0007_openssl.bin     GT=3DES       PRED=ChaCha20     (1.2s)
  ❌ tier3      standard     3DES_0008_pycryptodome.bi GT=3DES       PRED=ChaCha20     (0.4s)
  ❌ tier3      tier3_raw    3DES_0008_pycryptodome.bi GT=3DES       PRED=ChaCha20     (10.3s)
  ❌ tier3      standard     3DES_0009_openssl.bin     GT=3DES       PRED=ChaCha20     (1.2s)
  ❌ tier3      tier3_raw    3DES_0009_openssl.bin     GT=3DES       PRED=ChaCha20     (0.5s)
  ❌ tier3      standard     3DES_0010_pycryptodome.bi GT=3DES       PRED=ChaCha20     (0.6s)
  ❌ tier3      tier3_raw    3DES_0010_pycryptodome.bi GT=3DES       PRED=ChaCha20     (1.3s)
  ❌ tier3      standard     3DES_0011_pycryptodome.bi GT=3DES       PRED=ChaCha20     (3.6s)
  ❌ tier3      tier3_raw    3DES_0011_pycryptodome.bi GT=3DES       PRED=ChaCha20     (1.3s)
  ❌ tier3      standard     3DES_0012_openssl.bin     GT=3DES       PRED=ChaCha20     (1.6s)
  ❌ tier3      tier3_raw    3DES_0012_openssl.bin     GT=3DES       PRED=ChaCha20     (0.4s)
  ❌ tier3      standard     3DES_0013_openssl.bin     GT=3DES       PRED=ChaCha20     (4.4s)
  ❌ tier3      tier3_raw    3DES_0013_openssl.bin     GT=3DES       PRED=ChaCha20     (0.7s)
  ❌ tier3      standard     3DES_0014_openssl.bin     GT=3DES       PRED=ChaCha20     (4.1s)
  ❌ tier3      tier3_raw    3DES_0014_openssl.bin     GT=3DES       PRED=ChaCha20     (3.4s)
  ❌ tier3      standard     3DES_0015_pycryptodome.bi GT=3DES       PRED=ChaCha20     (1.6s)
  ❌ tier3      tier3_raw    3DES_0015_pycryptodome.bi GT=3DES       PRED=ChaCha20     (0.4s)
  ❌ tier3      standard     3DES_0016_openssl.bin     GT=3DES       PRED=ChaCha20     (4.3s)
  ❌ tier3      tier3_raw    3DES_0016_openssl.bin     GT=3DES       PRED=ChaCha20     (14.5s)
  ❌ tier3      standard     3DES_0017_openssl.bin     GT=3DES       PRED=ChaCha20     (0.4s)
  ❌ tier3      tier3_raw    3DES_0017_openssl.bin     GT=3DES       PRED=ChaCha20     (36.1s)
  ❌ tier3      standard     3DES_0018_pycryptodome.bi GT=3DES       PRED=ChaCha20     (3.7s)
  ❌ tier3      tier3_raw    3DES_0018_pycryptodome.bi GT=3DES       PRED=ChaCha20     (2.1s)
  ❌ tier3      standard     3DES_0019_pycryptodome.bi GT=3DES       PRED=ChaCha20     (0.3s)
  ❌ tier3      tier3_raw    3DES_0019_pycryptodome.bi GT=3DES       PRED=ChaCha20     (0.5s)
  ❌ tier3      standard     3DES_0020_openssl.bin     GT=3DES       PRED=ChaCha20     (7.5s)
  ❌ tier3      tier3_raw    3DES_0020_openssl.bin     GT=3DES       PRED=ChaCha20     (0.6s)
  ❌ tier3      standard     AES-128_0001_openssl.bin  GT=AES-128    PRED=ChaCha20     (0.6s)
  ❌ tier3      tier3_raw    AES-128_0001_openssl.bin  GT=AES-128    PRED=ChaCha20     (0.5s)
  ❌ tier3      standard     AES-128_0002_pycryptodome GT=AES-128    PRED=AES-256      (1.9s)
  ❌ tier3      tier3_raw    AES-128_0002_pycryptodome GT=AES-128    PRED=ChaCha20     (16.8s)
  ❌ tier3      standard     AES-128_0003_pycryptodome GT=AES-128    PRED=ChaCha20     (0.9s)
  ❌ tier3      tier3_raw    AES-128_0003_pycryptodome GT=AES-128    PRED=ChaCha20     (1.8s)
  ❌ tier3      standard     AES-128_0004_openssl.bin  GT=AES-128    PRED=ChaCha20     (0.7s)
  ❌ tier3      tier3_raw    AES-128_0004_openssl.bin  GT=AES-128    PRED=ChaCha20     (7.5s)
  ❌ tier3      standard     AES-128_0005_openssl.bin  GT=AES-128    PRED=ChaCha20     (0.4s)
  ❌ tier3      tier3_raw    AES-128_0005_openssl.bin  GT=AES-128    PRED=ChaCha20     (0.5s)
  ❌ tier3      standard     AES-128_0006_pycryptodome GT=AES-128    PRED=AES-256      (0.5s)
  ❌ tier3      tier3_raw    AES-128_0006_pycryptodome GT=AES-128    PRED=ChaCha20     (0.6s)
  ❌ tier3      standard     AES-128_0007_pycryptodome GT=AES-128    PRED=ChaCha20     (22.7s)
  ❌ tier3      tier3_raw    AES-128_0007_pycryptodome GT=AES-128    PRED=ChaCha20     (7.3s)
  ❌ tier3      standard     AES-128_0008_pycryptodome GT=AES-128    PRED=ChaCha20     (3.0s)
  ❌ tier3      tier3_raw    AES-128_0008_pycryptodome GT=AES-128    PRED=ChaCha20     (0.7s)
  ❌ tier3      standard     AES-128_0009_openssl.bin  GT=AES-128    PRED=ChaCha20     (6.2s)
  ❌ tier3      tier3_raw    AES-128_0009_openssl.bin  GT=AES-128    PRED=ChaCha20     (0.5s)
  ❌ tier3      standard     AES-128_0010_openssl.bin  GT=AES-128    PRED=ChaCha20     (0.4s)
  ❌ tier3      tier3_raw    AES-128_0010_openssl.bin  GT=AES-128    PRED=ChaCha20     (0.5s)
  ❌ tier3      standard     AES-128_0011_pycryptodome GT=AES-128    PRED=ChaCha20     (13.2s)
  ❌ tier3      tier3_raw    AES-128_0011_pycryptodome GT=AES-128    PRED=ChaCha20     (3.1s)
  ❌ tier3      standard     AES-128_0012_pycryptodome GT=AES-128    PRED=ChaCha20     (0.3s)
  ❌ tier3      tier3_raw    AES-128_0012_pycryptodome GT=AES-128    PRED=ChaCha20     (0.6s)
  ❌ tier3      standard     AES-128_0013_openssl.bin  GT=AES-128    PRED=AES-256      (0.7s)
  ❌ tier3      tier3_raw    AES-128_0013_openssl.bin  GT=AES-128    PRED=AES-256      (8.8s)
  ❌ tier3      standard     AES-128_0014_openssl.bin  GT=AES-128    PRED=ChaCha20     (4.1s)
  ❌ tier3      tier3_raw    AES-128_0014_openssl.bin  GT=AES-128    PRED=ChaCha20     (0.5s)
  ❌ tier3      standard     AES-128_0015_pycryptodome GT=AES-128    PRED=ChaCha20     (0.7s)
  ❌ tier3      tier3_raw    AES-128_0015_pycryptodome GT=AES-128    PRED=ChaCha20     (17.6s)
  ❌ tier3      standard     AES-128_0016_openssl.bin  GT=AES-128    PRED=ChaCha20     (2.6s)
  ❌ tier3      tier3_raw    AES-128_0016_openssl.bin  GT=AES-128    PRED=ChaCha20     (0.9s)
  ❌ tier3      standard     AES-128_0017_pycryptodome GT=AES-128    PRED=ChaCha20     (0.4s)
  ❌ tier3      tier3_raw    AES-128_0017_pycryptodome GT=AES-128    PRED=AES-256      (0.7s)
  ❌ tier3      standard     AES-128_0018_openssl.bin  GT=AES-128    PRED=ChaCha20     (2.1s)
  ❌ tier3      tier3_raw    AES-128_0018_openssl.bin  GT=AES-128    PRED=ChaCha20     (8.1s)
  ❌ tier3      standard     AES-128_0019_pycryptodome GT=AES-128    PRED=ChaCha20     (0.9s)
  ❌ tier3      tier3_raw    AES-128_0019_pycryptodome GT=AES-128    PRED=ChaCha20     (0.6s)
  ❌ tier3      standard     AES-128_0020_pycryptodome GT=AES-128    PRED=ChaCha20     (3.6s)
  ❌ tier3      tier3_raw    AES-128_0020_pycryptodome GT=AES-128    PRED=ChaCha20     (7.6s)
  ❌ tier3      standard     AES-256_0001_openssl.bin  GT=AES-256    PRED=ChaCha20     (0.4s)
  ❌ tier3      tier3_raw    AES-256_0001_openssl.bin  GT=AES-256    PRED=ChaCha20     (0.6s)
  ❌ tier3      standard     AES-256_0002_openssl.bin  GT=AES-256    PRED=ChaCha20     (0.5s)
  ❌ tier3      tier3_raw    AES-256_0002_openssl.bin  GT=AES-256    PRED=ChaCha20     (7.0s)
  ❌ tier3      standard     AES-256_0003_openssl.bin  GT=AES-256    PRED=ChaCha20     (0.4s)
  ❌ tier3      tier3_raw    AES-256_0003_openssl.bin  GT=AES-256    PRED=ChaCha20     (0.4s)
  ❌ tier3      standard     AES-256_0004_openssl.bin  GT=AES-256    PRED=ChaCha20     (6.3s)
  ❌ tier3      tier3_raw    AES-256_0004_openssl.bin  GT=AES-256    PRED=ChaCha20     (8.0s)
  ❌ tier3      standard     AES-256_0005_openssl.bin  GT=AES-256    PRED=ChaCha20     (1.0s)
  ❌ tier3      tier3_raw    AES-256_0005_openssl.bin  GT=AES-256    PRED=ChaCha20     (0.6s)
  ❌ tier3      standard     AES-256_0006_openssl.bin  GT=AES-256    PRED=ChaCha20     (0.5s)
  ❌ tier3      tier3_raw    AES-256_0006_openssl.bin  GT=AES-256    PRED=ChaCha20     (0.4s)
  ❌ tier3      standard     AES-256_0007_pycryptodome GT=AES-256    PRED=ChaCha20     (5.4s)
  ❌ tier3      tier3_raw    AES-256_0007_pycryptodome GT=AES-256    PRED=ChaCha20     (0.5s)
  ❌ tier3      standard     AES-256_0008_pycryptodome GT=AES-256    PRED=ChaCha20     (0.6s)
  ❌ tier3      tier3_raw    AES-256_0008_pycryptodome GT=AES-256    PRED=ChaCha20     (0.6s)
  ❌ tier3      standard     AES-256_0009_openssl.bin  GT=AES-256    PRED=ChaCha20     (20.6s)
  ❌ tier3      tier3_raw    AES-256_0009_openssl.bin  GT=AES-256    PRED=ChaCha20     (12.4s)
  ❌ tier3      standard     AES-256_0010_openssl.bin  GT=AES-256    PRED=ChaCha20     (4.6s)
  ❌ tier3      tier3_raw    AES-256_0010_openssl.bin  GT=AES-256    PRED=ChaCha20     (0.5s)
  ✅ tier3      standard     AES-256_0011_pycryptodome GT=AES-256    PRED=AES-256      (0.4s)
  ❌ tier3      tier3_raw    AES-256_0011_pycryptodome GT=AES-256    PRED=ChaCha20     (0.6s)
  ❌ tier3      standard     AES-256_0012_pycryptodome GT=AES-256    PRED=ChaCha20     (6.1s)
  ❌ tier3      tier3_raw    AES-256_0012_pycryptodome GT=AES-256    PRED=ChaCha20     (0.7s)
  ❌ tier3      standard     AES-256_0013_openssl.bin  GT=AES-256    PRED=ChaCha20     (8.3s)
  ❌ tier3      tier3_raw    AES-256_0013_openssl.bin  GT=AES-256    PRED=ChaCha20     (7.0s)
  ❌ tier3      standard     AES-256_0014_openssl.bin  GT=AES-256    PRED=ChaCha20     (0.4s)
  ❌ tier3      tier3_raw    AES-256_0014_openssl.bin  GT=AES-256    PRED=ChaCha20     (0.5s)
  ❌ tier3      standard     AES-256_0015_openssl.bin  GT=AES-256    PRED=ChaCha20     (0.6s)
  ❌ tier3      tier3_raw    AES-256_0015_openssl.bin  GT=AES-256    PRED=ChaCha20     (7.6s)
  ✅ tier3      standard     AES-256_0016_pycryptodome GT=AES-256    PRED=AES-256      (0.9s)
  ❌ tier3      tier3_raw    AES-256_0016_pycryptodome GT=AES-256    PRED=ChaCha20     (0.5s)
  ❌ tier3      standard     AES-256_0017_openssl.bin  GT=AES-256    PRED=ChaCha20     (44.8s)
  ❌ tier3      tier3_raw    AES-256_0017_openssl.bin  GT=AES-256    PRED=ChaCha20     (7.6s)
  ❌ tier3      standard     AES-256_0018_openssl.bin  GT=AES-256    PRED=ChaCha20     (0.5s)
  ❌ tier3      tier3_raw    AES-256_0018_openssl.bin  GT=AES-256    PRED=ChaCha20     (1.6s)
  ❌ tier3      standard     AES-256_0019_pycryptodome GT=AES-256    PRED=ChaCha20     (0.4s)
  ❌ tier3      tier3_raw    AES-256_0019_pycryptodome GT=AES-256    PRED=ChaCha20     (6.5s)
  ❌ tier3      standard     AES-256_0020_pycryptodome GT=AES-256    PRED=ChaCha20     (0.4s)
  ❌ tier3      tier3_raw    AES-256_0020_pycryptodome GT=AES-256    PRED=ChaCha20     (1.3s)
  ✅ tier3      standard     ChaCha20_0001_openssl.bin GT=ChaCha20   PRED=ChaCha20     (1.3s)
  ✅ tier3      tier3_raw    ChaCha20_0001_openssl.bin GT=ChaCha20   PRED=ChaCha20     (2.1s)
  ✅ tier3      standard     ChaCha20_0002_pycryptodom GT=ChaCha20   PRED=ChaCha20     (3.4s)
  ✅ tier3      tier3_raw    ChaCha20_0002_pycryptodom GT=ChaCha20   PRED=ChaCha20     (14.4s)
  ✅ tier3      standard     ChaCha20_0003_openssl.bin GT=ChaCha20   PRED=ChaCha20     (17.5s)
  ✅ tier3      tier3_raw    ChaCha20_0003_openssl.bin GT=ChaCha20   PRED=ChaCha20     (10.4s)
  ✅ tier3      standard     ChaCha20_0004_pycryptodom GT=ChaCha20   PRED=ChaCha20     (0.5s)
  ✅ tier3      tier3_raw    ChaCha20_0004_pycryptodom GT=ChaCha20   PRED=ChaCha20     (0.5s)
  ✅ tier3      standard     ChaCha20_0005_openssl.bin GT=ChaCha20   PRED=ChaCha20     (9.1s)
  ✅ tier3      tier3_raw    ChaCha20_0005_openssl.bin GT=ChaCha20   PRED=ChaCha20     (0.5s)
  ✅ tier3      standard     ChaCha20_0006_pycryptodom GT=ChaCha20   PRED=ChaCha20     (0.3s)
  ✅ tier3      tier3_raw    ChaCha20_0006_pycryptodom GT=ChaCha20   PRED=ChaCha20     (0.4s)
  ✅ tier3      standard     ChaCha20_0007_pycryptodom GT=ChaCha20   PRED=ChaCha20     (0.4s)
  ✅ tier3      tier3_raw    ChaCha20_0007_pycryptodom GT=ChaCha20   PRED=ChaCha20     (7.6s)
  ✅ tier3      standard     ChaCha20_0008_pycryptodom GT=ChaCha20   PRED=ChaCha20     (3.7s)
  ✅ tier3      tier3_raw    ChaCha20_0008_pycryptodom GT=ChaCha20   PRED=ChaCha20     (0.5s)
  ✅ tier3      standard     ChaCha20_0009_pycryptodom GT=ChaCha20   PRED=ChaCha20     (5.8s)
  ✅ tier3      tier3_raw    ChaCha20_0009_pycryptodom GT=ChaCha20   PRED=ChaCha20     (0.4s)
  ✅ tier3      standard     ChaCha20_0010_pycryptodom GT=ChaCha20   PRED=ChaCha20     (0.4s)
  ✅ tier3      tier3_raw    ChaCha20_0010_pycryptodom GT=ChaCha20   PRED=ChaCha20     (29.1s)
  ✅ tier3      standard     ChaCha20_0011_pycryptodom GT=ChaCha20   PRED=ChaCha20     (10.4s)
  ✅ tier3      tier3_raw    ChaCha20_0011_pycryptodom GT=ChaCha20   PRED=ChaCha20     (0.5s)
  ✅ tier3      standard     ChaCha20_0012_openssl.bin GT=ChaCha20   PRED=ChaCha20     (0.5s)
  ✅ tier3      tier3_raw    ChaCha20_0012_openssl.bin GT=ChaCha20   PRED=ChaCha20     (0.5s)
  ✅ tier3      standard     ChaCha20_0013_pycryptodom GT=ChaCha20   PRED=ChaCha20     (0.5s)
  ✅ tier3      tier3_raw    ChaCha20_0013_pycryptodom GT=ChaCha20   PRED=ChaCha20     (2.0s)
  ❌ tier3      standard     ChaCha20_0014_openssl.bin GT=ChaCha20   PRED=AES-256      (25.1s)
  ❌ tier3      tier3_raw    ChaCha20_0014_openssl.bin GT=ChaCha20   PRED=AES-256      (11.0s)
  ✅ tier3      standard     ChaCha20_0015_openssl.bin GT=ChaCha20   PRED=ChaCha20     (4.7s)
  ✅ tier3      tier3_raw    ChaCha20_0015_openssl.bin GT=ChaCha20   PRED=ChaCha20     (0.4s)
  ✅ tier3      standard     ChaCha20_0016_openssl.bin GT=ChaCha20   PRED=ChaCha20     (0.8s)
  ✅ tier3      tier3_raw    ChaCha20_0016_openssl.bin GT=ChaCha20   PRED=ChaCha20     (0.6s)
  ✅ tier3      standard     ChaCha20_0017_openssl.bin GT=ChaCha20   PRED=ChaCha20     (3.5s)
  ✅ tier3      tier3_raw    ChaCha20_0017_openssl.bin GT=ChaCha20   PRED=ChaCha20     (0.6s)
  ❌ tier3      standard     ChaCha20_0018_pycryptodom GT=ChaCha20   PRED=AES-256      (0.9s)
  ✅ tier3      tier3_raw    ChaCha20_0018_pycryptodom GT=ChaCha20   PRED=ChaCha20     (1.6s)
  ✅ tier3      standard     ChaCha20_0019_openssl.bin GT=ChaCha20   PRED=ChaCha20     (5.3s)
  ✅ tier3      tier3_raw    ChaCha20_0019_openssl.bin GT=ChaCha20   PRED=ChaCha20     (0.4s)
  ❌ tier3      standard     ChaCha20_0020_openssl.bin GT=ChaCha20   PRED=AES-256      (6.9s)
  ✅ tier3      tier3_raw    ChaCha20_0020_openssl.bin GT=ChaCha20   PRED=ChaCha20     (0.5s)
  ❌ tier3      standard     DES_0001_pycryptodome.bin GT=DES        PRED=ChaCha20     (0.5s)
  ❌ tier3      tier3_raw    DES_0001_pycryptodome.bin GT=DES        PRED=AES-256      (0.4s)
  ❌ tier3      standard     DES_0002_openssl.bin      GT=DES        PRED=ChaCha20     (0.8s)
  ❌ tier3      tier3_raw    DES_0002_openssl.bin      GT=DES        PRED=ChaCha20     (5.3s)
  ❌ tier3      standard     DES_0003_openssl.bin      GT=DES        PRED=ChaCha20     (0.4s)
  ❌ tier3      tier3_raw    DES_0003_openssl.bin      GT=DES        PRED=ChaCha20     (0.4s)
  ❌ tier3      standard     DES_0004_openssl.bin      GT=DES        PRED=ChaCha20     (0.5s)
  ❌ tier3      tier3_raw    DES_0004_openssl.bin      GT=DES        PRED=ChaCha20     (0.4s)
  ❌ tier3      standard     DES_0005_pycryptodome.bin GT=DES        PRED=ChaCha20     (3.1s)
  ❌ tier3      tier3_raw    DES_0005_pycryptodome.bin GT=DES        PRED=ChaCha20     (0.5s)
  ❌ tier3      standard     DES_0006_openssl.bin      GT=DES        PRED=ChaCha20     (0.7s)
  ❌ tier3      tier3_raw    DES_0006_openssl.bin      GT=DES        PRED=ChaCha20     (0.4s)
  ❌ tier3      standard     DES_0007_openssl.bin      GT=DES        PRED=ChaCha20     (0.5s)
  ❌ tier3      tier3_raw    DES_0007_openssl.bin      GT=DES        PRED=ChaCha20     (7.4s)
  ❌ tier3      standard     DES_0008_pycryptodome.bin GT=DES        PRED=ChaCha20     (0.6s)
  ❌ tier3      tier3_raw    DES_0008_pycryptodome.bin GT=DES        PRED=ChaCha20     (0.5s)
  ❌ tier3      standard     DES_0009_pycryptodome.bin GT=DES        PRED=ChaCha20     (4.1s)
  ❌ tier3      tier3_raw    DES_0009_pycryptodome.bin GT=DES        PRED=ChaCha20     (0.5s)
  ❌ tier3      standard     DES_0010_openssl.bin      GT=DES        PRED=ChaCha20     (0.4s)
  ❌ tier3      tier3_raw    DES_0010_openssl.bin      GT=DES        PRED=ChaCha20     (0.4s)
  ❌ tier3      standard     DES_0011_openssl.bin      GT=DES        PRED=ChaCha20     (0.5s)
  ❌ tier3      tier3_raw    DES_0011_openssl.bin      GT=DES        PRED=ChaCha20     (2.1s)
  ❌ tier3      standard     DES_0012_pycryptodome.bin GT=DES        PRED=ChaCha20     (0.4s)
  ❌ tier3      tier3_raw    DES_0012_pycryptodome.bin GT=DES        PRED=ChaCha20     (2.3s)
  ❌ tier3      standard     DES_0013_pycryptodome.bin GT=DES        PRED=ChaCha20     (0.3s)
  ❌ tier3      tier3_raw    DES_0013_pycryptodome.bin GT=DES        PRED=ChaCha20     (6.1s)
  ❌ tier3      standard     DES_0014_pycryptodome.bin GT=DES        PRED=ChaCha20     (0.5s)
  ❌ tier3      tier3_raw    DES_0014_pycryptodome.bin GT=DES        PRED=ChaCha20     (0.4s)
  ❌ tier3      standard     DES_0015_openssl.bin      GT=DES        PRED=ChaCha20     (0.7s)
  ❌ tier3      tier3_raw    DES_0015_openssl.bin      GT=DES        PRED=ChaCha20     (5.7s)
  ❌ tier3      standard     DES_0016_pycryptodome.bin GT=DES        PRED=ChaCha20     (0.6s)
  ❌ tier3      tier3_raw    DES_0016_pycryptodome.bin GT=DES        PRED=ChaCha20     (0.6s)
  ❌ tier3      standard     DES_0017_openssl.bin      GT=DES        PRED=AES-256      (0.4s)
  ❌ tier3      tier3_raw    DES_0017_openssl.bin      GT=DES        PRED=ChaCha20     (1.1s)
  ❌ tier3      standard     DES_0018_pycryptodome.bin GT=DES        PRED=ChaCha20     (2.2s)
  ❌ tier3      tier3_raw    DES_0018_pycryptodome.bin GT=DES        PRED=ChaCha20     (0.9s)
  ❌ tier3      standard     DES_0019_openssl.bin      GT=DES        PRED=ChaCha20     (0.4s)
  ❌ tier3      tier3_raw    DES_0019_openssl.bin      GT=DES        PRED=ChaCha20     (0.4s)
  ❌ tier3      standard     DES_0020_pycryptodome.bin GT=DES        PRED=ChaCha20     (7.6s)
  ❌ tier3      tier3_raw    DES_0020_pycryptodome.bin GT=DES        PRED=ChaCha20     (0.8s)
  ❌ tier3      standard     ML-KEM-768_0001_openssl.b GT=ML-KEM-768 PRED=ChaCha20     (0.4s)
  ❌ tier3      tier3_raw    ML-KEM-768_0001_openssl.b GT=ML-KEM-768 PRED=ChaCha20     (1.4s)
  ❌ tier3      standard     ML-KEM-768_0002_openssl.b GT=ML-KEM-768 PRED=ChaCha20     (38.8s)
  ❌ tier3      tier3_raw    ML-KEM-768_0002_openssl.b GT=ML-KEM-768 PRED=ChaCha20     (5.5s)
  ❌ tier3      standard     ML-KEM-768_0003_openssl.b GT=ML-KEM-768 PRED=ChaCha20     (0.5s)
  ❌ tier3      tier3_raw    ML-KEM-768_0003_openssl.b GT=ML-KEM-768 PRED=AES-256      (0.5s)
  ❌ tier3      standard     ML-KEM-768_0004_openssl.b GT=ML-KEM-768 PRED=ChaCha20     (0.4s)
  ❌ tier3      tier3_raw    ML-KEM-768_0004_openssl.b GT=ML-KEM-768 PRED=AES-256      (5.0s)
  ❌ tier3      standard     ML-KEM-768_0005_openssl.b GT=ML-KEM-768 PRED=AES-256      (0.5s)
  ❌ tier3      tier3_raw    ML-KEM-768_0005_openssl.b GT=ML-KEM-768 PRED=ChaCha20     (0.5s)
  ❌ tier3      standard     ML-KEM-768_0006_openssl.b GT=ML-KEM-768 PRED=ChaCha20     (0.4s)
  ❌ tier3      tier3_raw    ML-KEM-768_0006_openssl.b GT=ML-KEM-768 PRED=ChaCha20     (5.5s)
  ❌ tier3      standard     ML-KEM-768_0007_openssl.b GT=ML-KEM-768 PRED=ChaCha20     (0.5s)
  ❌ tier3      tier3_raw    ML-KEM-768_0007_openssl.b GT=ML-KEM-768 PRED=ChaCha20     (0.5s)
  ❌ tier3      standard     ML-KEM-768_0008_openssl.b GT=ML-KEM-768 PRED=AES-256      (2.6s)
  ❌ tier3      tier3_raw    ML-KEM-768_0008_openssl.b GT=ML-KEM-768 PRED=ChaCha20     (3.1s)
  ❌ tier3      standard     ML-KEM-768_0009_openssl.b GT=ML-KEM-768 PRED=ChaCha20     (14.3s)
  ❌ tier3      tier3_raw    ML-KEM-768_0009_openssl.b GT=ML-KEM-768 PRED=ChaCha20     (6.2s)
  ❌ tier3      standard     ML-KEM-768_0010_openssl.b GT=ML-KEM-768 PRED=ChaCha20     (0.7s)
  ❌ tier3      tier3_raw    ML-KEM-768_0010_openssl.b GT=ML-KEM-768 PRED=ChaCha20     (0.6s)
  ❌ tier3      standard     ML-KEM-768_0011_openssl.b GT=ML-KEM-768 PRED=ChaCha20     (0.5s)
  ❌ tier3      tier3_raw    ML-KEM-768_0011_openssl.b GT=ML-KEM-768 PRED=ChaCha20     (3.0s)
  ❌ tier3      standard     ML-KEM-768_0012_openssl.b GT=ML-KEM-768 PRED=AES-256      (0.4s)
  ❌ tier3      tier3_raw    ML-KEM-768_0012_openssl.b GT=ML-KEM-768 PRED=ChaCha20     (0.4s)
  ❌ tier3      standard     ML-KEM-768_0013_openssl.b GT=ML-KEM-768 PRED=AES-256      (0.4s)
  ❌ tier3      tier3_raw    ML-KEM-768_0013_openssl.b GT=ML-KEM-768 PRED=ChaCha20     (0.5s)
  ❌ tier3      standard     ML-KEM-768_0014_openssl.b GT=ML-KEM-768 PRED=ChaCha20     (5.1s)
  ❌ tier3      tier3_raw    ML-KEM-768_0014_openssl.b GT=ML-KEM-768 PRED=ChaCha20     (0.5s)
  ❌ tier3      standard     ML-KEM-768_0015_openssl.b GT=ML-KEM-768 PRED=ChaCha20     (1.2s)
  ❌ tier3      tier3_raw    ML-KEM-768_0015_openssl.b GT=ML-KEM-768 PRED=ChaCha20     (0.6s)
  ❌ tier3      standard     ML-KEM-768_0016_openssl.b GT=ML-KEM-768 PRED=ChaCha20     (23.2s)
  ❌ tier3      tier3_raw    ML-KEM-768_0016_openssl.b GT=ML-KEM-768 PRED=ChaCha20     (3.2s)
  ❌ tier3      standard     ML-KEM-768_0017_openssl.b GT=ML-KEM-768 PRED=ChaCha20     (0.5s)
  ❌ tier3      tier3_raw    ML-KEM-768_0017_openssl.b GT=ML-KEM-768 PRED=ChaCha20     (0.9s)
  ❌ tier3      standard     ML-KEM-768_0018_openssl.b GT=ML-KEM-768 PRED=ChaCha20     (0.7s)
  ❌ tier3      tier3_raw    ML-KEM-768_0018_openssl.b GT=ML-KEM-768 PRED=ChaCha20     (4.8s)
  ❌ tier3      standard     ML-KEM-768_0019_openssl.b GT=ML-KEM-768 PRED=ChaCha20     (0.5s)
  ❌ tier3      tier3_raw    ML-KEM-768_0019_openssl.b GT=ML-KEM-768 PRED=ChaCha20     (0.5s)
  ❌ tier3      standard     ML-KEM-768_0020_openssl.b GT=ML-KEM-768 PRED=AES-256      (0.4s)
  ❌ tier3      tier3_raw    ML-KEM-768_0020_openssl.b GT=ML-KEM-768 PRED=ChaCha20     (0.5s)
  ❌ tier3      standard     RSA-2048_0001_pycryptodom GT=RSA-2048   PRED=ChaCha20     (4.2s)
  ❌ tier3      tier3_raw    RSA-2048_0001_pycryptodom GT=RSA-2048   PRED=ChaCha20     (0.5s)
  ❌ tier3      standard     RSA-2048_0002_pycryptodom GT=RSA-2048   PRED=ChaCha20     (0.4s)
  ❌ tier3      tier3_raw    RSA-2048_0002_pycryptodom GT=RSA-2048   PRED=ChaCha20     (0.5s)
  ❌ tier3      standard     RSA-2048_0003_openssl.bin GT=RSA-2048   PRED=ChaCha20     (2.0s)
  ❌ tier3      tier3_raw    RSA-2048_0003_openssl.bin GT=RSA-2048   PRED=AES-256      (13.6s)
  ❌ tier3      standard     RSA-2048_0004_openssl.bin GT=RSA-2048   PRED=ChaCha20     (3.1s)
  ❌ tier3      tier3_raw    RSA-2048_0004_openssl.bin GT=RSA-2048   PRED=ChaCha20     (0.4s)
  ❌ tier3      standard     RSA-2048_0005_pycryptodom GT=RSA-2048   PRED=ChaCha20     (0.7s)
  ❌ tier3      tier3_raw    RSA-2048_0005_pycryptodom GT=RSA-2048   PRED=ChaCha20     (0.9s)
  ❌ tier3      standard     RSA-2048_0006_pycryptodom GT=RSA-2048   PRED=ChaCha20     (1.1s)
  ❌ tier3      tier3_raw    RSA-2048_0006_pycryptodom GT=RSA-2048   PRED=ChaCha20     (2.6s)
  ❌ tier3      standard     RSA-2048_0007_pycryptodom GT=RSA-2048   PRED=ChaCha20     (0.6s)
  ❌ tier3      tier3_raw    RSA-2048_0007_pycryptodom GT=RSA-2048   PRED=ChaCha20     (0.7s)
  ❌ tier3      standard     RSA-2048_0008_openssl.bin GT=RSA-2048   PRED=ChaCha20     (2.6s)
  ❌ tier3      tier3_raw    RSA-2048_0008_openssl.bin GT=RSA-2048   PRED=ChaCha20     (7.2s)
  ❌ tier3      standard     RSA-2048_0009_openssl.bin GT=RSA-2048   PRED=ChaCha20     (0.6s)
  ❌ tier3      tier3_raw    RSA-2048_0009_openssl.bin GT=RSA-2048   PRED=ChaCha20     (1.3s)
  ❌ tier3      standard     RSA-2048_0010_pycryptodom GT=RSA-2048   PRED=ChaCha20     (0.5s)
  ❌ tier3      tier3_raw    RSA-2048_0010_pycryptodom GT=RSA-2048   PRED=ChaCha20     (9.5s)
  ❌ tier3      standard     RSA-2048_0011_pycryptodom GT=RSA-2048   PRED=ChaCha20     (27.2s)
  ❌ tier3      tier3_raw    RSA-2048_0011_pycryptodom GT=RSA-2048   PRED=ChaCha20     (8.1s)
  ❌ tier3      standard     RSA-2048_0012_openssl.bin GT=RSA-2048   PRED=ChaCha20     (0.5s)
  ❌ tier3      tier3_raw    RSA-2048_0012_openssl.bin GT=RSA-2048   PRED=ChaCha20     (0.5s)
  ❌ tier3      standard     RSA-2048_0013_pycryptodom GT=RSA-2048   PRED=ChaCha20     (0.5s)
  ❌ tier3      tier3_raw    RSA-2048_0013_pycryptodom GT=RSA-2048   PRED=ChaCha20     (10.1s)
  ❌ tier3      standard     RSA-2048_0014_pycryptodom GT=RSA-2048   PRED=ChaCha20     (1.0s)
  ❌ tier3      tier3_raw    RSA-2048_0014_pycryptodom GT=RSA-2048   PRED=ChaCha20     (1.6s)
  ❌ tier3      standard     RSA-2048_0015_pycryptodom GT=RSA-2048   PRED=ChaCha20     (0.4s)
  ❌ tier3      tier3_raw    RSA-2048_0015_pycryptodom GT=RSA-2048   PRED=ChaCha20     (13.8s)
  ❌ tier3      standard     RSA-2048_0016_openssl.bin GT=RSA-2048   PRED=ChaCha20     (3.3s)
  ❌ tier3      tier3_raw    RSA-2048_0016_openssl.bin GT=RSA-2048   PRED=ChaCha20     (1.1s)
  ❌ tier3      standard     RSA-2048_0017_openssl.bin GT=RSA-2048   PRED=ChaCha20     (0.4s)
  ❌ tier3      tier3_raw    RSA-2048_0017_openssl.bin GT=RSA-2048   PRED=ChaCha20     (0.5s)
  ❌ tier3      standard     RSA-2048_0018_openssl.bin GT=RSA-2048   PRED=ChaCha20     (21.4s)
  ❌ tier3      tier3_raw    RSA-2048_0018_openssl.bin GT=RSA-2048   PRED=ChaCha20     (8.7s)
  ❌ tier3      standard     RSA-2048_0019_openssl.bin GT=RSA-2048   PRED=ChaCha20     (0.5s)
  ❌ tier3      tier3_raw    RSA-2048_0019_openssl.bin GT=RSA-2048   PRED=ChaCha20     (0.5s)
  ❌ tier3      standard     RSA-2048_0020_openssl.bin GT=RSA-2048   PRED=AES-256      (0.6s)
  ❌ tier3      tier3_raw    RSA-2048_0020_openssl.bin GT=RSA-2048   PRED=ChaCha20     (7.9s)
  ✓ tier3_raw complete for gemma4:31b-cloud
  ❌ tier4a     standard     3DES_0001_openssl.bin     GT=3DES       PRED=ChaCha20     (0.6s)
  ❌ tier4a     standard     3DES_0002_openssl.bin     GT=3DES       PRED=ChaCha20     (2.2s)
  ❌ tier4a     standard     3DES_0003_pycryptodome.bi GT=3DES       PRED=ChaCha20     (0.5s)
  ❌ tier4a     standard     3DES_0004_pycryptodome.bi GT=3DES       PRED=ChaCha20     (3.5s)
  ❌ tier4a     standard     3DES_0005_openssl.bin     GT=3DES       PRED=ChaCha20     (0.4s)
  ❌ tier4a     standard     3DES_0006_pycryptodome.bi GT=3DES       PRED=ChaCha20     (0.6s)
  ❌ tier4a     standard     3DES_0007_openssl.bin     GT=3DES       PRED=ChaCha20     (1.0s)
  ❌ tier4a     standard     3DES_0008_pycryptodome.bi GT=3DES       PRED=ChaCha20     (0.4s)
  ❌ tier4a     standard     3DES_0009_openssl.bin     GT=3DES       PRED=ChaCha20     (0.5s)
  ❌ tier4a     standard     3DES_0010_pycryptodome.bi GT=3DES       PRED=ChaCha20     (0.4s)
  ❌ tier4a     standard     3DES_0011_pycryptodome.bi GT=3DES       PRED=ChaCha20     (0.5s)
  ❌ tier4a     standard     3DES_0012_openssl.bin     GT=3DES       PRED=ChaCha20     (0.4s)
  ❌ tier4a     standard     3DES_0013_openssl.bin     GT=3DES       PRED=ChaCha20     (0.4s)
  ❌ tier4a     standard     3DES_0014_openssl.bin     GT=3DES       PRED=ChaCha20     (0.4s)
  ❌ tier4a     standard     3DES_0015_pycryptodome.bi GT=3DES       PRED=ChaCha20     (0.5s)
  ❌ tier4a     standard     3DES_0016_openssl.bin     GT=3DES       PRED=ChaCha20     (0.3s)
  ❌ tier4a     standard     3DES_0017_openssl.bin     GT=3DES       PRED=ChaCha20     (0.4s)
  ❌ tier4a     standard     3DES_0018_pycryptodome.bi GT=3DES       PRED=ChaCha20     (1.0s)
  ❌ tier4a     standard     3DES_0019_pycryptodome.bi GT=3DES       PRED=ChaCha20     (0.9s)
  ❌ tier4a     standard     3DES_0020_openssl.bin     GT=3DES       PRED=ChaCha20     (0.4s)
  ❌ tier4a     standard     AES-128_0001_openssl.bin  GT=AES-128    PRED=AES-256      (0.4s)
  ❌ tier4a     standard     AES-128_0002_pycryptodome GT=AES-128    PRED=AES-256      (0.4s)
  ❌ tier4a     standard     AES-128_0003_pycryptodome GT=AES-128    PRED=AES-256      (0.4s)
  ✅ tier4a     standard     AES-128_0004_openssl.bin  GT=AES-128    PRED=AES-128      (0.8s)
  ✅ tier4a     standard     AES-128_0005_openssl.bin  GT=AES-128    PRED=AES-128      (2.2s)
  ✅ tier4a     standard     AES-128_0006_pycryptodome GT=AES-128    PRED=AES-128      (2.9s)
  ❌ tier4a     standard     AES-128_0007_pycryptodome GT=AES-128    PRED=AES-256      (0.5s)
  ❌ tier4a     standard     AES-128_0008_pycryptodome GT=AES-128    PRED=AES-256      (0.5s)
  ❌ tier4a     standard     AES-128_0009_openssl.bin  GT=AES-128    PRED=AES-256      (0.5s)
  ✅ tier4a     standard     AES-128_0010_openssl.bin  GT=AES-128    PRED=AES-128      (0.7s)
  ✅ tier4a     standard     AES-128_0011_pycryptodome GT=AES-128    PRED=AES-128      (1.0s)
  ❌ tier4a     standard     AES-128_0012_pycryptodome GT=AES-128    PRED=AES-256      (0.3s)
  ❌ tier4a     standard     AES-128_0013_openssl.bin  GT=AES-128    PRED=AES-256      (0.7s)
  ❌ tier4a     standard     AES-128_0014_openssl.bin  GT=AES-128    PRED=AES-256      (0.4s)
  ❌ tier4a     standard     AES-128_0015_pycryptodome GT=AES-128    PRED=AES-256      (0.4s)
  ❌ tier4a     standard     AES-128_0016_openssl.bin  GT=AES-128    PRED=AES-256      (0.4s)
  ❌ tier4a     standard     AES-128_0017_pycryptodome GT=AES-128    PRED=AES-256      (0.5s)
  ❌ tier4a     standard     AES-128_0018_openssl.bin  GT=AES-128    PRED=AES-256      (0.4s)
  ✅ tier4a     standard     AES-128_0019_pycryptodome GT=AES-128    PRED=AES-128      (0.6s)
  ❌ tier4a     standard     AES-128_0020_pycryptodome GT=AES-128    PRED=AES-256      (0.4s)
  ✅ tier4a     standard     AES-256_0001_openssl.bin  GT=AES-256    PRED=AES-256      (0.5s)
  ✅ tier4a     standard     AES-256_0002_openssl.bin  GT=AES-256    PRED=AES-256      (0.4s)
  ✅ tier4a     standard     AES-256_0003_openssl.bin  GT=AES-256    PRED=AES-256      (3.3s)
  ✅ tier4a     standard     AES-256_0004_openssl.bin  GT=AES-256    PRED=AES-256      (0.5s)
  ✅ tier4a     standard     AES-256_0005_openssl.bin  GT=AES-256    PRED=AES-256      (0.4s)
  ✅ tier4a     standard     AES-256_0006_openssl.bin  GT=AES-256    PRED=AES-256      (0.5s)
  ❌ tier4a     standard     AES-256_0007_pycryptodome GT=AES-256    PRED=AES-128      (0.5s)
  ❌ tier4a     standard     AES-256_0008_pycryptodome GT=AES-256    PRED=AES-128      (0.4s)
  ✅ tier4a     standard     AES-256_0009_openssl.bin  GT=AES-256    PRED=AES-256      (0.5s)
  ❌ tier4a     standard     AES-256_0010_openssl.bin  GT=AES-256    PRED=AES-128      (0.4s)
  ✅ tier4a     standard     AES-256_0011_pycryptodome GT=AES-256    PRED=AES-256      (0.5s)
  ❌ tier4a     standard     AES-256_0012_pycryptodome GT=AES-256    PRED=AES-128      (2.8s)
  ✅ tier4a     standard     AES-256_0013_openssl.bin  GT=AES-256    PRED=AES-256      (0.5s)
  ✅ tier4a     standard     AES-256_0014_openssl.bin  GT=AES-256    PRED=AES-256      (0.5s)
  ✅ tier4a     standard     AES-256_0015_openssl.bin  GT=AES-256    PRED=AES-256      (0.9s)
  ✅ tier4a     standard     AES-256_0016_pycryptodome GT=AES-256    PRED=AES-256      (0.4s)
  ✅ tier4a     standard     AES-256_0017_openssl.bin  GT=AES-256    PRED=AES-256      (8.8s)
  ✅ tier4a     standard     AES-256_0018_openssl.bin  GT=AES-256    PRED=AES-256      (0.6s)
  ❌ tier4a     standard     AES-256_0019_pycryptodome GT=AES-256    PRED=AES-128      (0.7s)
  ✅ tier4a     standard     AES-256_0020_pycryptodome GT=AES-256    PRED=AES-256      (2.2s)
  ❌ tier4a     standard     ChaCha20_0001_openssl.bin GT=ChaCha20   PRED=AES-128      (0.4s)
  ❌ tier4a     standard     ChaCha20_0002_pycryptodom GT=ChaCha20   PRED=AES-256      (0.4s)
  ❌ tier4a     standard     ChaCha20_0003_openssl.bin GT=ChaCha20   PRED=AES-256      (0.6s)
  ❌ tier4a     standard     ChaCha20_0004_pycryptodom GT=ChaCha20   PRED=AES-256      (0.4s)
  ❌ tier4a     standard     ChaCha20_0005_openssl.bin GT=ChaCha20   PRED=AES-128      (0.4s)
  ❌ tier4a     standard     ChaCha20_0006_pycryptodom GT=ChaCha20   PRED=AES-256      (0.4s)
  ❌ tier4a     standard     ChaCha20_0007_pycryptodom GT=ChaCha20   PRED=AES-256      (0.5s)
  ❌ tier4a     standard     ChaCha20_0008_pycryptodom GT=ChaCha20   PRED=AES-256      (0.4s)
  ❌ tier4a     standard     ChaCha20_0009_pycryptodom GT=ChaCha20   PRED=AES-128      (0.4s)
  ❌ tier4a     standard     ChaCha20_0010_pycryptodom GT=ChaCha20   PRED=AES-128      (0.4s)
  ❌ tier4a     standard     ChaCha20_0011_pycryptodom GT=ChaCha20   PRED=AES-128      (0.4s)
  ❌ tier4a     standard     ChaCha20_0012_openssl.bin GT=ChaCha20   PRED=AES-128      (0.4s)
  ❌ tier4a     standard     ChaCha20_0013_pycryptodom GT=ChaCha20   PRED=AES-256      (0.5s)
  ❌ tier4a     standard     ChaCha20_0014_openssl.bin GT=ChaCha20   PRED=AES-256      (0.4s)
  ❌ tier4a     standard     ChaCha20_0015_openssl.bin GT=ChaCha20   PRED=AES-128      (0.7s)
  ❌ tier4a     standard     ChaCha20_0016_openssl.bin GT=ChaCha20   PRED=AES-256      (0.4s)
  ❌ tier4a     standard     ChaCha20_0017_openssl.bin GT=ChaCha20   PRED=AES-256      (0.7s)
  ❌ tier4a     standard     ChaCha20_0018_pycryptodom GT=ChaCha20   PRED=AES-256      (0.7s)
  ❌ tier4a     standard     ChaCha20_0019_openssl.bin GT=ChaCha20   PRED=AES-128      (0.4s)
  ❌ tier4a     standard     ChaCha20_0020_openssl.bin GT=ChaCha20   PRED=AES-256      (0.4s)
  ❌ tier4a     standard     DES_0001_pycryptodome.bin GT=DES        PRED=ChaCha20     (0.4s)
    ⏳ 429, retry in 6s (attempt 1)
    ⏳ 429, retry in 11s (attempt 2)
    ⏳ 429, retry in 21s (attempt 3)
    ⏳ 429, retry in 41s (attempt 4)
    ⏳ 429, retry in 60s (attempt 5)
  ⚠️ tier4a     standard     DES_0002_openssl.bin      GT=DES        PRED=UNKNOWN      (0.2s)
    ⏳ 429, retry in 6s (attempt 1)
    ⏳ 429, retry in 11s (attempt 2)
    ⏳ 429, retry in 21s (attempt 3)
    ⏳ 429, retry in 41s (attempt 4)
    ⏳ 429, retry in 60s (attempt 5)
  ⚠️ tier4a     standard     DES_0003_openssl.bin      GT=DES        PRED=UNKNOWN      (0.3s)
    ⏳ 429, retry in 6s (attempt 1)
    ⏳ 429, retry in 11s (attempt 2)
    ⏳ 429, retry in 21s (attempt 3)
    ⏳ 429, retry in 41s (attempt 4)
    ⏳ 429, retry in 60s (attempt 5)
  ⚠️ tier4a     standard     DES_0004_openssl.bin      GT=DES        PRED=UNKNOWN      (0.2s)
    ⏳ 429, retry in 6s (attempt 1)
    ⏳ 429, retry in 11s (attempt 2)
    ⏳ 429, retry in 21s (attempt 3)
    ⏳ 429, retry in 41s (attempt 4)
    ⏳ 429, retry in 60s (attempt 5)
  ⚠️ tier4a     standard     DES_0005_pycryptodome.bin GT=DES        PRED=UNKNOWN      (0.3s)
    ⏳ 429, retry in 6s (attempt 1)
    ⏳ 429, retry in 11s (attempt 2)
    ⏳ 429, retry in 21s (attempt 3)
    ⏳ 429, retry in 41s (attempt 4)
    ⏳ 429, retry in 60s (attempt 5)
  ⚠️ tier4a     standard     DES_0006_openssl.bin      GT=DES        PRED=UNKNOWN      (0.2s)
    ⏳ 429, retry in 6s (attempt 1)
    ⏳ 429, retry in 11s (attempt 2)
    ⏳ 429, retry in 21s (attempt 3)
    ⏳ 429, retry in 41s (attempt 4)
    ⏳ 429, retry in 60s (attempt 5)
  ⚠️ tier4a     standard     DES_0007_openssl.bin      GT=DES        PRED=UNKNOWN      (0.2s)
    ⏳ 429, retry in 6s (attempt 1)
    ⏳ 429, retry in 11s (attempt 2)
    ⏳ 429, retry in 21s (attempt 3)
    ⏳ 429, retry in 41s (attempt 4)
    ⏳ 429, retry in 60s (attempt 5)
  ⚠️ tier4a     standard     DES_0008_pycryptodome.bin GT=DES        PRED=UNKNOWN      (0.3s)
    ⏳ 429, retry in 6s (attempt 1)
    ⏳ 429, retry in 11s (attempt 2)
    ⏳ 429, retry in 21s (attempt 3)
    ⏳ 429, retry in 41s (attempt 4)
    ⏳ 429, retry in 60s (attempt 5)
  ⚠️ tier4a     standard     DES_0009_pycryptodome.bin GT=DES        PRED=UNKNOWN      (0.3s)
    ⏳ 429, retry in 6s (attempt 1)
    ⏳ 429, retry in 11s (attempt 2)
    ⏳ 429, retry in 21s (attempt 3)
    ⏳ 429, retry in 41s (attempt 4)
    ⏳ 429, retry in 60s (attempt 5)
  ⚠️ tier4a     standard     DES_0010_openssl.bin      GT=DES        PRED=UNKNOWN      (0.2s)
    ⏳ 429, retry in 6s (attempt 1)
    ⏳ 429, retry in 11s (attempt 2)
    ⏳ 429, retry in 21s (attempt 3)
    ⏳ 429, retry in 41s (attempt 4)
    ⏳ 429, retry in 60s (attempt 5)
  ⚠️ tier4a     standard     DES_0011_openssl.bin      GT=DES        PRED=UNKNOWN      (0.3s)
    ⏳ 429, retry in 6s (attempt 1)
    ⏳ 429, retry in 11s (attempt 2)
    ⏳ 429, retry in 21s (attempt 3)
    ⏳ 429, retry in 41s (attempt 4)
    ⏳ 429, retry in 60s (attempt 5)
  ⚠️ tier4a     standard     DES_0012_pycryptodome.bin GT=DES        PRED=UNKNOWN      (0.3s)
    ⏳ 429, retry in 6s (attempt 1)
    ⏳ 429, retry in 11s (attempt 2)
    ⏳ 429, retry in 21s (attempt 3)
    ⏳ 429, retry in 41s (attempt 4)
    ⏳ 429, retry in 60s (attempt 5)
  ⚠️ tier4a     standard     DES_0013_pycryptodome.bin GT=DES        PRED=UNKNOWN      (0.3s)
    ⏳ 429, retry in 6s (attempt 1)
    ⏳ 429, retry in 11s (attempt 2)
    ⏳ 429, retry in 21s (attempt 3)
    ⏳ 429, retry in 41s (attempt 4)
    ⏳ 429, retry in 60s (attempt 5)
  ⚠️ tier4a     standard     DES_0014_pycryptodome.bin GT=DES        PRED=UNKNOWN      (0.2s)
    ⏳ 429, retry in 6s (attempt 1)
    ⏳ 429, retry in 11s (attempt 2)
    ⏳ 429, retry in 21s (attempt 3)
    ⏳ 429, retry in 41s (attempt 4)
    ⏳ 429, retry in 60s (attempt 5)
  ⚠️ tier4a     standard     DES_0015_openssl.bin      GT=DES        PRED=UNKNOWN      (0.2s)
    ⏳ 429, retry in 6s (attempt 1)
    ⏳ 429, retry in 11s (attempt 2)
    ⏳ 429, retry in 21s (attempt 3)
    ⏳ 429, retry in 41s (attempt 4)
    ⏳ 429, retry in 60s (attempt 5)
  ⚠️ tier4a     standard     DES_0016_pycryptodome.bin GT=DES        PRED=UNKNOWN      (0.2s)
    ⏳ 429, retry in 6s (attempt 1)
    ⏳ 429, retry in 11s (attempt 2)
    ⏳ 429, retry in 21s (attempt 3)
    ⏳ 429, retry in 41s (attempt 4)
    ⏳ 429, retry in 60s (attempt 5)
  ⚠️ tier4a     standard     DES_0017_openssl.bin      GT=DES        PRED=UNKNOWN      (0.2s)
    ⏳ 429, retry in 6s (attempt 1)
    ⏳ 429, retry in 11s (attempt 2)
    ⏳ 429, retry in 21s (attempt 3)
    ⏳ 429, retry in 41s (attempt 4)
    ⏳ 429, retry in 60s (attempt 5)
  ⚠️ tier4a     standard     DES_0018_pycryptodome.bin GT=DES        PRED=UNKNOWN      (0.3s)
    ⏳ 429, retry in 6s (attempt 1)
    ⏳ 429, retry in 11s (attempt 2)
    ⏳ 429, retry in 21s (attempt 3)
    ⏳ 429, retry in 41s (attempt 4)
    ⏳ 429, retry in 60s (attempt 5)
  ⚠️ tier4a     standard     DES_0019_openssl.bin      GT=DES        PRED=UNKNOWN      (0.2s)
    ⏳ 429, retry in 6s (attempt 1)
    ⏳ 429, retry in 11s (attempt 2)
    ⏳ 429, retry in 21s (attempt 3)
    ⏳ 429, retry in 41s (attempt 4)
    ⏳ 429, retry in 60s (attempt 5)
  ⚠️ tier4a     standard     DES_0020_pycryptodome.bin GT=DES        PRED=UNKNOWN      (0.3s)
    ⏳ 429, retry in 6s (attempt 1)
    ⏳ 429, retry in 11s (attempt 2)
    ⏳ 429, retry in 21s (attempt 3)
    ⏳ 429, retry in 41s (attempt 4)
    ⏳ 429, retry in 60s (attempt 5)
  ⚠️ tier4a     standard     ML-KEM-768_0001_openssl.b GT=ML-KEM-768 PRED=UNKNOWN      (0.2s)
    ⏳ 429, retry in 6s (attempt 1)
    ⏳ 429, retry in 11s (attempt 2)
    ⏳ 429, retry in 21s (attempt 3)
    ⏳ 429, retry in 41s (attempt 4)
    ⏳ 429, retry in 60s (attempt 5)
  ⚠️ tier4a     standard     ML-KEM-768_0002_openssl.b GT=ML-KEM-768 PRED=UNKNOWN      (0.3s)
    ⏳ 429, retry in 6s (attempt 1)
    ⏳ 429, retry in 11s (attempt 2)
    ⏳ 429, retry in 21s (attempt 3)
    ⏳ 429, retry in 41s (attempt 4)
    ⏳ 429, retry in 60s (attempt 5)
  ⚠️ tier4a     standard     ML-KEM-768_0003_openssl.b GT=ML-KEM-768 PRED=UNKNOWN      (0.2s)
    ⏳ 429, retry in 6s (attempt 1)
    ⏳ 429, retry in 11s (attempt 2)
    ⏳ 429, retry in 21s (attempt 3)
    ⏳ 429, retry in 41s (attempt 4)
    ⏳ 429, retry in 60s (attempt 5)
  ⚠️ tier4a     standard     ML-KEM-768_0004_openssl.b GT=ML-KEM-768 PRED=UNKNOWN      (0.2s)
    ⏳ 429, retry in 6s (attempt 1)
    ⏳ 429, retry in 11s (attempt 2)
    ⏳ 429, retry in 21s (attempt 3)
    ⏳ 429, retry in 41s (attempt 4)
    ⏳ 429, retry in 60s (attempt 5)
  ⚠️ tier4a     standard     ML-KEM-768_0005_openssl.b GT=ML-KEM-768 PRED=UNKNOWN      (0.6s)
    ⏳ 429, retry in 6s (attempt 1)
    ⏳ 429, retry in 11s (attempt 2)
    ⏳ 429, retry in 21s (attempt 3)
    ⏳ 429, retry in 41s (attempt 4)
    ⏳ 429, retry in 60s (attempt 5)
  ⚠️ tier4a     standard     ML-KEM-768_0006_openssl.b GT=ML-KEM-768 PRED=UNKNOWN      (0.2s)
    ⏳ 429, retry in 6s (attempt 1)
    ⏳ 429, retry in 11s (attempt 2)
    ⏳ 429, retry in 21s (attempt 3)
    ⏳ 429, retry in 41s (attempt 4)
    ⏳ 429, retry in 60s (attempt 5)
  ⚠️ tier4a     standard     ML-KEM-768_0007_openssl.b GT=ML-KEM-768 PRED=UNKNOWN      (0.3s)
    ⏳ 429, retry in 6s (attempt 1)
    ⏳ 429, retry in 11s (attempt 2)
    ⏳ 429, retry in 21s (attempt 3)
    ⏳ 429, retry in 41s (attempt 4)
    ⏳ 429, retry in 60s (attempt 5)
  ⚠️ tier4a     standard     ML-KEM-768_0008_openssl.b GT=ML-KEM-768 PRED=UNKNOWN      (0.2s)
    ⏳ 429, retry in 6s (attempt 1)
    ⏳ 429, retry in 11s (attempt 2)
    ⏳ 429, retry in 21s (attempt 3)
    ⏳ 429, retry in 41s (attempt 4)
    ⏳ 429, retry in 60s (attempt 5)
  ⚠️ tier4a     standard     ML-KEM-768_0009_openssl.b GT=ML-KEM-768 PRED=UNKNOWN      (0.2s)
    ⏳ 429, retry in 6s (attempt 1)
    ⏳ 429, retry in 11s (attempt 2)
    ⏳ 429, retry in 21s (attempt 3)
    ⏳ 429, retry in 41s (attempt 4)
    ⏳ 429, retry in 60s (attempt 5)
  ⚠️ tier4a     standard     ML-KEM-768_0010_openssl.b GT=ML-KEM-768 PRED=UNKNOWN      (0.2s)
    ⏳ 429, retry in 6s (attempt 1)
    ⏳ 429, retry in 11s (attempt 2)
    ⏳ 429, retry in 21s (attempt 3)
    ⏳ 429, retry in 41s (attempt 4)
    ⏳ 429, retry in 60s (attempt 5)
  ⚠️ tier4a     standard     ML-KEM-768_0011_openssl.b GT=ML-KEM-768 PRED=UNKNOWN      (0.3s)
    ⏳ 429, retry in 6s (attempt 1)
    ⏳ 429, retry in 11s (attempt 2)
    ⏳ 429, retry in 21s (attempt 3)
    ⏳ 429, retry in 41s (attempt 4)
    ⏳ 429, retry in 60s (attempt 5)
  ⚠️ tier4a     standard     ML-KEM-768_0012_openssl.b GT=ML-KEM-768 PRED=UNKNOWN      (0.3s)
    ⏳ 429, retry in 6s (attempt 1)
    ⏳ 429, retry in 11s (attempt 2)
    ⏳ 429, retry in 21s (attempt 3)
    ⏳ 429, retry in 41s (attempt 4)
    ⏳ 429, retry in 60s (attempt 5)
  ⚠️ tier4a     standard     ML-KEM-768_0013_openssl.b GT=ML-KEM-768 PRED=UNKNOWN      (0.2s)
    ⏳ 429, retry in 6s (attempt 1)
    ⏳ 429, retry in 11s (attempt 2)
    ⏳ 429, retry in 21s (attempt 3)
    ⏳ 429, retry in 41s (attempt 4)
    ⏳ 429, retry in 60s (attempt 5)
  ⚠️ tier4a     standard     ML-KEM-768_0014_openssl.b GT=ML-KEM-768 PRED=UNKNOWN      (0.3s)
    ⏳ 429, retry in 6s (attempt 1)
    ⏳ 429, retry in 11s (attempt 2)
    ⏳ 429, retry in 21s (attempt 3)
    ⏳ 429, retry in 41s (attempt 4)
    ⏳ 429, retry in 60s (attempt 5)
  ⚠️ tier4a     standard     ML-KEM-768_0015_openssl.b GT=ML-KEM-768 PRED=UNKNOWN      (0.3s)
    ⏳ 429, retry in 6s (attempt 1)
    ⏳ 429, retry in 11s (attempt 2)
    ⏳ 429, retry in 21s (attempt 3)
    ⏳ 429, retry in 41s (attempt 4)
    ⏳ 429, retry in 60s (attempt 5)
  ⚠️ tier4a     standard     ML-KEM-768_0016_openssl.b GT=ML-KEM-768 PRED=UNKNOWN      (0.2s)
    ⏳ 429, retry in 6s (attempt 1)
    ⏳ 429, retry in 11s (attempt 2)
    ⏳ 429, retry in 21s (attempt 3)
    ⏳ 429, retry in 41s (attempt 4)
    ⏳ 429, retry in 60s (attempt 5)
  ⚠️ tier4a     standard     ML-KEM-768_0017_openssl.b GT=ML-KEM-768 PRED=UNKNOWN      (0.2s)
    ⏳ 429, retry in 6s (attempt 1)
    ⏳ 429, retry in 11s (attempt 2)
    ⏳ 429, retry in 21s (attempt 3)
    ⏳ 429, retry in 41s (attempt 4)
    ⏳ 429, retry in 60s (attempt 5)
  ⚠️ tier4a     standard     ML-KEM-768_0018_openssl.b GT=ML-KEM-768 PRED=UNKNOWN      (0.3s)
    ⏳ 429, retry in 6s (attempt 1)
    ⏳ 429, retry in 11s (attempt 2)
    ⏳ 429, retry in 21s (attempt 3)
    ⏳ 429, retry in 41s (attempt 4)
    ⏳ 429, retry in 60s (attempt 5)
  ⚠️ tier4a     standard     ML-KEM-768_0019_openssl.b GT=ML-KEM-768 PRED=UNKNOWN      (0.2s)
    ⏳ 429, retry in 6s (attempt 1)
    ⏳ 429, retry in 11s (attempt 2)
    ⏳ 429, retry in 21s (attempt 3)
    ⏳ 429, retry in 41s (attempt 4)
    ⏳ 429, retry in 60s (attempt 5)
  ⚠️ tier4a     standard     ML-KEM-768_0020_openssl.b GT=ML-KEM-768 PRED=UNKNOWN      (0.3s)
    ⏳ 429, retry in 6s (attempt 1)
    ⏳ 429, retry in 11s (attempt 2)
    ⏳ 429, retry in 21s (attempt 3)
    ⏳ 429, retry in 41s (attempt 4)
    ⏳ 429, retry in 60s (attempt 5)
  ⚠️ tier4a     standard     RSA-2048_0001_pycryptodom GT=RSA-2048   PRED=UNKNOWN      (0.7s)
    ⏳ 429, retry in 6s (attempt 1)
    ⏳ 429, retry in 11s (attempt 2)
    ⏳ 429, retry in 21s (attempt 3)
    ⏳ 429, retry in 41s (attempt 4)
    ⏳ 429, retry in 60s (attempt 5)
  ⚠️ tier4a     standard     RSA-2048_0002_pycryptodom GT=RSA-2048   PRED=UNKNOWN      (0.2s)
    ⏳ 429, retry in 6s (attempt 1)
    ⏳ 429, retry in 11s (attempt 2)
    ⏳ 429, retry in 21s (attempt 3)
    ⏳ 429, retry in 41s (attempt 4)
    ⏳ 429, retry in 60s (attempt 5)
  ⚠️ tier4a     standard     RSA-2048_0003_openssl.bin GT=RSA-2048   PRED=UNKNOWN      (0.3s)
    ⏳ 429, retry in 6s (attempt 1)
    ⏳ 429, retry in 11s (attempt 2)
    ⏳ 429, retry in 21s (attempt 3)
    ⏳ 429, retry in 41s (attempt 4)
    ⏳ 429, retry in 60s (attempt 5)
  ⚠️ tier4a     standard     RSA-2048_0004_openssl.bin GT=RSA-2048   PRED=UNKNOWN      (0.2s)
    ⏳ 429, retry in 6s (attempt 1)
    ⏳ 429, retry in 11s (attempt 2)
    ⏳ 429, retry in 21s (attempt 3)
    ⏳ 429, retry in 41s (attempt 4)
    ⏳ 429, retry in 60s (attempt 5)
  ⚠️ tier4a     standard     RSA-2048_0005_pycryptodom GT=RSA-2048   PRED=UNKNOWN      (0.3s)
    ⏳ 429, retry in 6s (attempt 1)
    ⏳ 429, retry in 11s (attempt 2)
    ⏳ 429, retry in 21s (attempt 3)
    ⏳ 429, retry in 41s (attempt 4)
    ⏳ 429, retry in 60s (attempt 5)
  ⚠️ tier4a     standard     RSA-2048_0006_pycryptodom GT=RSA-2048   PRED=UNKNOWN      (0.2s)
    ⏳ 429, retry in 6s (attempt 1)
    ⏳ 429, retry in 11s (attempt 2)
    ⏳ 429, retry in 21s (attempt 3)
    ⏳ 429, retry in 41s (attempt 4)
    ⏳ 429, retry in 60s (attempt 5)
  ⚠️ tier4a     standard     RSA-2048_0007_pycryptodom GT=RSA-2048   PRED=UNKNOWN      (0.3s)
    ⏳ 429, retry in 6s (attempt 1)
    ⏳ 429, retry in 11s (attempt 2)
    ⏳ 429, retry in 21s (attempt 3)
    ⏳ 429, retry in 41s (attempt 4)
    ⏳ 429, retry in 60s (attempt 5)
  ⚠️ tier4a     standard     RSA-2048_0008_openssl.bin GT=RSA-2048   PRED=UNKNOWN      (0.3s)
    ⏳ 429, retry in 6s (attempt 1)
    ⏳ 429, retry in 11s (attempt 2)
    ⏳ 429, retry in 21s (attempt 3)
    ⏳ 429, retry in 41s (attempt 4)
    ⏳ 429, retry in 60s (attempt 5)
  ⚠️ tier4a     standard     RSA-2048_0009_openssl.bin GT=RSA-2048   PRED=UNKNOWN      (0.2s)
    ⏳ 429, retry in 6s (attempt 1)
    ⏳ 429, retry in 11s (attempt 2)
    ⏳ 429, retry in 21s (attempt 3)
    ⏳ 429, retry in 41s (attempt 4)
    ⏳ 429, retry in 60s (attempt 5)
  ⚠️ tier4a     standard     RSA-2048_0010_pycryptodom GT=RSA-2048   PRED=UNKNOWN      (0.2s)
    ⏳ 429, retry in 6s (attempt 1)
    ⏳ 429, retry in 11s (attempt 2)
    ⏳ 429, retry in 21s (attempt 3)
    ⏳ 429, retry in 41s (attempt 4)
    ⏳ 429, retry in 60s (attempt 5)
  ⚠️ tier4a     standard     RSA-2048_0011_pycryptodom GT=RSA-2048   PRED=UNKNOWN      (0.2s)
    ⏳ 429, retry in 6s (attempt 1)
    ⏳ 429, retry in 11s (attempt 2)
    ⏳ 429, retry in 21s (attempt 3)
    ⏳ 429, retry in 41s (attempt 4)
    ⏳ 429, retry in 60s (attempt 5)
  ⚠️ tier4a     standard     RSA-2048_0012_openssl.bin GT=RSA-2048   PRED=UNKNOWN      (0.2s)
    ⏳ 429, retry in 6s (attempt 1)
    ⏳ 429, retry in 11s (attempt 2)
    ⏳ 429, retry in 21s (attempt 3)
    ⏳ 429, retry in 41s (attempt 4)
    ⏳ 429, retry in 60s (attempt 5)
  ⚠️ tier4a     standard     RSA-2048_0013_pycryptodom GT=RSA-2048   PRED=UNKNOWN      (0.3s)
    ⏳ 429, retry in 6s (attempt 1)
    ⏳ 429, retry in 11s (attempt 2)
  ❌ tier4a     standard     RSA-2048_0014_pycryptodom GT=RSA-2048   PRED=AES-256      (0.4s)
  ❌ tier4a     standard     RSA-2048_0015_pycryptodom GT=RSA-2048   PRED=AES-128      (0.5s)
  ❌ tier4a     standard     RSA-2048_0016_openssl.bin GT=RSA-2048   PRED=AES-256      (0.9s)
  ❌ tier4a     standard     RSA-2048_0017_openssl.bin GT=RSA-2048   PRED=AES-256      (0.5s)
  ❌ tier4a     standard     RSA-2048_0018_openssl.bin GT=RSA-2048   PRED=AES-128      (0.5s)
  ❌ tier4a     standard     RSA-2048_0019_openssl.bin GT=RSA-2048   PRED=AES-128      (0.9s)
  ❌ tier4a     standard     RSA-2048_0020_openssl.bin GT=RSA-2048   PRED=AES-128      (1.2s)
  ✓ tier4a complete for gemma4:31b-cloud
  ❌ tier5      standard     3DES_0001_openssl.bin     GT=3DES       PRED=ML-KEM-768   (7.6s)
  ❌ tier5      standard     3DES_0002_openssl.bin     GT=3DES       PRED=DES          (4.4s)
  ❌ tier5      standard     3DES_0003_pycryptodome.bi GT=3DES       PRED=DES          (28.5s)
  ❌ tier5      standard     3DES_0004_pycryptodome.bi GT=3DES       PRED=DES          (5.6s)
  ✅ tier5      standard     3DES_0005_openssl.bin     GT=3DES       PRED=3DES         (9.3s)
  ❌ tier5      standard     3DES_0006_pycryptodome.bi GT=3DES       PRED=RSA-2048     (3.0s)
  ❌ tier5      standard     3DES_0007_openssl.bin     GT=3DES       PRED=RSA-2048     (2.9s)
  ❌ tier5      standard     3DES_0008_pycryptodome.bi GT=3DES       PRED=ML-KEM-768   (5.5s)
  ❌ tier5      standard     3DES_0009_openssl.bin     GT=3DES       PRED=RSA-2048     (13.9s)
  ❌ tier5      standard     3DES_0010_pycryptodome.bi GT=3DES       PRED=ML-KEM-768   (6.4s)
  ❌ tier5      standard     3DES_0011_pycryptodome.bi GT=3DES       PRED=ML-KEM-768   (5.3s)
  ❌ tier5      standard     3DES_0012_openssl.bin     GT=3DES       PRED=ML-KEM-768   (9.1s)
  ❌ tier5      standard     3DES_0013_openssl.bin     GT=3DES       PRED=ML-KEM-768   (7.2s)
  ❌ tier5      standard     3DES_0014_openssl.bin     GT=3DES       PRED=ML-KEM-768   (6.5s)
  ❌ tier5      standard     3DES_0015_pycryptodome.bi GT=3DES       PRED=AES-256      (3.2s)
  ❌ tier5      standard     3DES_0016_openssl.bin     GT=3DES       PRED=ML-KEM-768   (6.2s)
  ❌ tier5      standard     3DES_0017_openssl.bin     GT=3DES       PRED=ChaCha20     (2.8s)
  ❌ tier5      standard     3DES_0018_pycryptodome.bi GT=3DES       PRED=AES-256      (4.1s)
  ❌ tier5      standard     3DES_0019_pycryptodome.bi GT=3DES       PRED=ML-KEM-768   (2.7s)
  ❌ tier5      standard     3DES_0020_openssl.bin     GT=3DES       PRED=ChaCha20     (2.4s)
  ❌ tier5      standard     AES-128_0001_openssl.bin  GT=AES-128    PRED=ML-KEM-768   (5.0s)
  ❌ tier5      standard     AES-128_0002_pycryptodome GT=AES-128    PRED=ML-KEM-768   (4.7s)
  ❌ tier5      standard     AES-128_0003_pycryptodome GT=AES-128    PRED=3DES         (3.6s)
  ❌ tier5      standard     AES-128_0004_openssl.bin  GT=AES-128    PRED=RSA-2048     (3.0s)
  ❌ tier5      standard     AES-128_0005_openssl.bin  GT=AES-128    PRED=RSA-2048     (2.9s)
  ❌ tier5      standard     AES-128_0006_pycryptodome GT=AES-128    PRED=RSA-2048     (3.9s)
  ❌ tier5      standard     AES-128_0007_pycryptodome GT=AES-128    PRED=ML-KEM-768   (9.5s)
  ❌ tier5      standard     AES-128_0008_pycryptodome GT=AES-128    PRED=RSA-2048     (7.7s)
  ❌ tier5      standard     AES-128_0009_openssl.bin  GT=AES-128    PRED=RSA-2048     (13.3s)
  ❌ tier5      standard     AES-128_0010_openssl.bin  GT=AES-128    PRED=ML-KEM-768   (3.2s)
  ❌ tier5      standard     AES-128_0011_pycryptodome GT=AES-128    PRED=RSA-2048     (2.6s)
  ❌ tier5      standard     AES-128_0012_pycryptodome GT=AES-128    PRED=RSA-2048     (10.4s)
  ❌ tier5      standard     AES-128_0013_openssl.bin  GT=AES-128    PRED=RSA-2048     (5.2s)
  ❌ tier5      standard     AES-128_0014_openssl.bin  GT=AES-128    PRED=ML-KEM-768   (2.7s)
  ❌ tier5      standard     AES-128_0015_pycryptodome GT=AES-128    PRED=RSA-2048     (7.1s)
  ❌ tier5      standard     AES-128_0016_openssl.bin  GT=AES-128    PRED=ML-KEM-768   (3.1s)
  ❌ tier5      standard     AES-128_0017_pycryptodome GT=AES-128    PRED=RSA-2048     (5.3s)
  ❌ tier5      standard     AES-128_0018_openssl.bin  GT=AES-128    PRED=ML-KEM-768   (2.1s)
  ❌ tier5      standard     AES-128_0019_pycryptodome GT=AES-128    PRED=RSA-2048     (11.3s)
  ❌ tier5      standard     AES-128_0020_pycryptodome GT=AES-128    PRED=ML-KEM-768   (3.1s)
  ❌ tier5      standard     AES-256_0001_openssl.bin  GT=AES-256    PRED=RSA-2048     (3.1s)
  ❌ tier5      standard     AES-256_0002_openssl.bin  GT=AES-256    PRED=ML-KEM-768   (2.7s)
  ❌ tier5      standard     AES-256_0003_openssl.bin  GT=AES-256    PRED=ML-KEM-768   (5.5s)
  ❌ tier5      standard     AES-256_0004_openssl.bin  GT=AES-256    PRED=RSA-2048     (2.9s)
  ❌ tier5      standard     AES-256_0005_openssl.bin  GT=AES-256    PRED=RSA-2048     (2.4s)
  ❌ tier5      standard     AES-256_0006_openssl.bin  GT=AES-256    PRED=RSA-2048     (2.7s)
  ❌ tier5      standard     AES-256_0007_pycryptodome GT=AES-256    PRED=RSA-2048     (4.0s)
  ❌ tier5      standard     AES-256_0008_pycryptodome GT=AES-256    PRED=ML-KEM-768   (3.9s)
  ❌ tier5      standard     AES-256_0009_openssl.bin  GT=AES-256    PRED=RSA-2048     (7.5s)
  ❌ tier5      standard     AES-256_0010_openssl.bin  GT=AES-256    PRED=RSA-2048     (11.3s)
  ❌ tier5      standard     AES-256_0011_pycryptodome GT=AES-256    PRED=RSA-2048     (19.5s)
  ❌ tier5      standard     AES-256_0012_pycryptodome GT=AES-256    PRED=ML-KEM-768   (29.4s)
  ❌ tier5      standard     AES-256_0013_openssl.bin  GT=AES-256    PRED=RSA-2048     (3.2s)
  ❌ tier5      standard     AES-256_0014_openssl.bin  GT=AES-256    PRED=ML-KEM-768   (4.6s)
  ❌ tier5      standard     AES-256_0015_openssl.bin  GT=AES-256    PRED=ML-KEM-768   (3.2s)
  ❌ tier5      standard     AES-256_0016_pycryptodome GT=AES-256    PRED=RSA-2048     (16.6s)
  ❌ tier5      standard     AES-256_0017_openssl.bin  GT=AES-256    PRED=ML-KEM-768   (2.7s)
  ❌ tier5      standard     AES-256_0018_openssl.bin  GT=AES-256    PRED=RSA-2048     (5.2s)
  ❌ tier5      standard     AES-256_0019_pycryptodome GT=AES-256    PRED=ChaCha20     (2.7s)
  ❌ tier5      standard     AES-256_0020_pycryptodome GT=AES-256    PRED=RSA-2048     (7.6s)
  ❌ tier5      standard     ChaCha20_0001_openssl.bin GT=ChaCha20   PRED=RSA-2048     (18.1s)
  ❌ tier5      standard     ChaCha20_0002_pycryptodom GT=ChaCha20   PRED=ML-KEM-768   (9.8s)
  ✅ tier5      standard     ChaCha20_0003_openssl.bin GT=ChaCha20   PRED=ChaCha20     (6.6s)
  ❌ tier5      standard     ChaCha20_0004_pycryptodom GT=ChaCha20   PRED=RSA-2048     (6.6s)
  ❌ tier5      standard     ChaCha20_0005_openssl.bin GT=ChaCha20   PRED=ML-KEM-768   (2.9s)
  ❌ tier5      standard     ChaCha20_0006_pycryptodom GT=ChaCha20   PRED=RSA-2048     (35.9s)
  ❌ tier5      standard     ChaCha20_0007_pycryptodom GT=ChaCha20   PRED=RSA-2048     (3.4s)
  ❌ tier5      standard     ChaCha20_0008_pycryptodom GT=ChaCha20   PRED=DES          (3.5s)
  ❌ tier5      standard     ChaCha20_0009_pycryptodom GT=ChaCha20   PRED=ML-KEM-768   (44.7s)
  ❌ tier5      standard     ChaCha20_0010_pycryptodom GT=ChaCha20   PRED=3DES         (3.3s)
  ❌ tier5      standard     ChaCha20_0011_pycryptodom GT=ChaCha20   PRED=RSA-2048     (2.6s)
  ❌ tier5      standard     ChaCha20_0012_openssl.bin GT=ChaCha20   PRED=ML-KEM-768   (2.5s)
  ❌ tier5      standard     ChaCha20_0013_pycryptodom GT=ChaCha20   PRED=ML-KEM-768   (11.1s)
  ❌ tier5      standard     ChaCha20_0014_openssl.bin GT=ChaCha20   PRED=RSA-2048     (3.1s)
  ❌ tier5      standard     ChaCha20_0015_openssl.bin GT=ChaCha20   PRED=RSA-2048     (9.6s)
  ❌ tier5      standard     ChaCha20_0016_openssl.bin GT=ChaCha20   PRED=ML-KEM-768   (2.6s)
  ❌ tier5      standard     ChaCha20_0017_openssl.bin GT=ChaCha20   PRED=RSA-2048     (2.6s)
  ✅ tier5      standard     ChaCha20_0018_pycryptodom GT=ChaCha20   PRED=ChaCha20     (2.2s)
  ❌ tier5      standard     ChaCha20_0019_openssl.bin GT=ChaCha20   PRED=AES-128      (4.9s)
  ❌ tier5      standard     ChaCha20_0020_openssl.bin GT=ChaCha20   PRED=RSA-2048     (5.6s)
  ❌ tier5      standard     DES_0001_pycryptodome.bin GT=DES        PRED=RSA-2048     (11.5s)
  ❌ tier5      standard     DES_0002_openssl.bin      GT=DES        PRED=RSA-2048     (3.7s)
  ❌ tier5      standard     DES_0003_openssl.bin      GT=DES        PRED=RSA-2048     (3.6s)
  ❌ tier5      standard     DES_0004_openssl.bin      GT=DES        PRED=RSA-2048     (12.4s)
  ❌ tier5      standard     DES_0005_pycryptodome.bin GT=DES        PRED=3DES         (4.0s)
  ❌ tier5      standard     DES_0006_openssl.bin      GT=DES        PRED=RSA-2048     (5.8s)
  ❌ tier5      standard     DES_0007_openssl.bin      GT=DES        PRED=RSA-2048     (10.6s)
  ❌ tier5      standard     DES_0008_pycryptodome.bin GT=DES        PRED=RSA-2048     (3.3s)
  ❌ tier5      standard     DES_0009_pycryptodome.bin GT=DES        PRED=ML-KEM-768   (3.6s)
  ❌ tier5      standard     DES_0010_openssl.bin      GT=DES        PRED=ML-KEM-768   (4.2s)
  ❌ tier5      standard     DES_0011_openssl.bin      GT=DES        PRED=ML-KEM-768   (2.8s)
  ❌ tier5      standard     DES_0012_pycryptodome.bin GT=DES        PRED=RSA-2048     (2.6s)
  ❌ tier5      standard     DES_0013_pycryptodome.bin GT=DES        PRED=ChaCha20     (20.8s)
  ❌ tier5      standard     DES_0014_pycryptodome.bin GT=DES        PRED=RSA-2048     (5.6s)
  ❌ tier5      standard     DES_0015_openssl.bin      GT=DES        PRED=RSA-2048     (10.5s)
  ❌ tier5      standard     DES_0016_pycryptodome.bin GT=DES        PRED=RSA-2048     (3.2s)
  ❌ tier5      standard     DES_0017_openssl.bin      GT=DES        PRED=ChaCha20     (4.4s)
  ❌ tier5      standard     DES_0018_pycryptodome.bin GT=DES        PRED=RSA-2048     (9.1s)
  ❌ tier5      standard     DES_0019_openssl.bin      GT=DES        PRED=ML-KEM-768   (4.8s)
  ❌ tier5      standard     DES_0020_pycryptodome.bin GT=DES        PRED=ML-KEM-768   (5.0s)
  ❌ tier5      standard     ML-KEM-768_0001_openssl.b GT=ML-KEM-768 PRED=AES-256      (15.6s)
  ✅ tier5      standard     ML-KEM-768_0002_openssl.b GT=ML-KEM-768 PRED=ML-KEM-768   (3.0s)
  ❌ tier5      standard     ML-KEM-768_0003_openssl.b GT=ML-KEM-768 PRED=ChaCha20     (28.5s)
  ❌ tier5      standard     ML-KEM-768_0004_openssl.b GT=ML-KEM-768 PRED=3DES         (8.3s)
  ✅ tier5      standard     ML-KEM-768_0005_openssl.b GT=ML-KEM-768 PRED=ML-KEM-768   (6.9s)
  ✅ tier5      standard     ML-KEM-768_0006_openssl.b GT=ML-KEM-768 PRED=ML-KEM-768   (5.9s)
  ❌ tier5      standard     ML-KEM-768_0007_openssl.b GT=ML-KEM-768 PRED=RSA-2048     (2.8s)
  ✅ tier5      standard     ML-KEM-768_0008_openssl.b GT=ML-KEM-768 PRED=ML-KEM-768   (4.8s)
  ✅ tier5      standard     ML-KEM-768_0009_openssl.b GT=ML-KEM-768 PRED=ML-KEM-768   (5.6s)
  ✅ tier5      standard     ML-KEM-768_0010_openssl.b GT=ML-KEM-768 PRED=ML-KEM-768   (4.0s)
  ❌ tier5      standard     ML-KEM-768_0011_openssl.b GT=ML-KEM-768 PRED=DES          (9.5s)
  ❌ tier5      standard     ML-KEM-768_0012_openssl.b GT=ML-KEM-768 PRED=RSA-2048     (22.3s)
  ❌ tier5      standard     ML-KEM-768_0013_openssl.b GT=ML-KEM-768 PRED=3DES         (6.5s)
  ❌ tier5      standard     ML-KEM-768_0014_openssl.b GT=ML-KEM-768 PRED=RSA-2048     (2.5s)
  ✅ tier5      standard     ML-KEM-768_0015_openssl.b GT=ML-KEM-768 PRED=ML-KEM-768   (22.3s)
  ✅ tier5      standard     ML-KEM-768_0016_openssl.b GT=ML-KEM-768 PRED=ML-KEM-768   (2.0s)
  ❌ tier5      standard     ML-KEM-768_0017_openssl.b GT=ML-KEM-768 PRED=ChaCha20     (5.7s)
  ❌ tier5      standard     ML-KEM-768_0018_openssl.b GT=ML-KEM-768 PRED=RSA-2048     (37.3s)
  ❌ tier5      standard     ML-KEM-768_0019_openssl.b GT=ML-KEM-768 PRED=RSA-2048     (5.1s)
  ❌ tier5      standard     ML-KEM-768_0020_openssl.b GT=ML-KEM-768 PRED=RSA-2048     (4.6s)
  ❌ tier5      standard     RSA-2048_0001_pycryptodom GT=RSA-2048   PRED=ML-KEM-768   (3.9s)
  ❌ tier5      standard     RSA-2048_0002_pycryptodom GT=RSA-2048   PRED=ML-KEM-768   (9.1s)
  ❌ tier5      standard     RSA-2048_0003_openssl.bin GT=RSA-2048   PRED=AES-256      (5.5s)
  ✅ tier5      standard     RSA-2048_0004_openssl.bin GT=RSA-2048   PRED=RSA-2048     (4.3s)
  ✅ tier5      standard     RSA-2048_0005_pycryptodom GT=RSA-2048   PRED=RSA-2048     (5.9s)
  ✅ tier5      standard     RSA-2048_0006_pycryptodom GT=RSA-2048   PRED=RSA-2048     (4.9s)
  ❌ tier5      standard     RSA-2048_0007_pycryptodom GT=RSA-2048   PRED=ML-KEM-768   (2.5s)
  ✅ tier5      standard     RSA-2048_0008_openssl.bin GT=RSA-2048   PRED=RSA-2048     (3.3s)
  ✅ tier5      standard     RSA-2048_0009_openssl.bin GT=RSA-2048   PRED=RSA-2048     (3.0s)
  ✅ tier5      standard     RSA-2048_0010_pycryptodom GT=RSA-2048   PRED=RSA-2048     (8.9s)
  ✅ tier5      standard     RSA-2048_0011_pycryptodom GT=RSA-2048   PRED=RSA-2048     (10.3s)
  ✅ tier5      standard     RSA-2048_0012_openssl.bin GT=RSA-2048   PRED=RSA-2048     (2.6s)
  ✅ tier5      standard     RSA-2048_0013_pycryptodom GT=RSA-2048   PRED=RSA-2048     (3.1s)
  ✅ tier5      standard     RSA-2048_0014_pycryptodom GT=RSA-2048   PRED=RSA-2048     (6.1s)
  ✅ tier5      standard     RSA-2048_0015_pycryptodom GT=RSA-2048   PRED=RSA-2048     (70.3s)
  ✅ tier5      standard     RSA-2048_0016_openssl.bin GT=RSA-2048   PRED=RSA-2048     (2.9s)
  ✅ tier5      standard     RSA-2048_0017_openssl.bin GT=RSA-2048   PRED=RSA-2048     (37.3s)
  ✅ tier5      standard     RSA-2048_0018_openssl.bin GT=RSA-2048   PRED=RSA-2048     (2.3s)
  ✅ tier5      standard     RSA-2048_0019_openssl.bin GT=RSA-2048   PRED=RSA-2048     (2.6s)
  ❌ tier5      standard     RSA-2048_0020_openssl.bin GT=RSA-2048   PRED=ML-KEM-768   (2.6s)
  ✓ tier5 complete for gemma4:31b-cloud

[2/6] gpt-oss:120b-cloud (delay=2.0s, max_tokens=300)
  ✅ tier1      standard     3DES_0001_openssl.bin     GT=3DES       PRED=3DES         (2.1s)
  ✅ tier1      standard     3DES_0002_openssl.bin     GT=3DES       PRED=3DES         (0.9s)
  ✅ tier1      standard     3DES_0003_pycryptodome.bi GT=3DES       PRED=3DES         (1.7s)
  ✅ tier1      standard     3DES_0004_pycryptodome.bi GT=3DES       PRED=3DES         (0.8s)
  ✅ tier1      standard     3DES_0005_openssl.bin     GT=3DES       PRED=3DES         (0.8s)
  ✅ tier1      standard     3DES_0006_pycryptodome.bi GT=3DES       PRED=3DES         (1.1s)
  ✅ tier1      standard     3DES_0007_openssl.bin     GT=3DES       PRED=3DES         (1.0s)
  ✅ tier1      standard     3DES_0008_pycryptodome.bi GT=3DES       PRED=3DES         (1.3s)
  ✅ tier1      standard     3DES_0009_openssl.bin     GT=3DES       PRED=3DES         (0.8s)
  ✅ tier1      standard     3DES_0010_pycryptodome.bi GT=3DES       PRED=3DES         (0.8s)
  ✅ tier1      standard     3DES_0011_pycryptodome.bi GT=3DES       PRED=3DES         (1.2s)
  ✅ tier1      standard     3DES_0012_openssl.bin     GT=3DES       PRED=3DES         (0.9s)
  ✅ tier1      standard     3DES_0013_openssl.bin     GT=3DES       PRED=3DES         (1.0s)
  ✅ tier1      standard     3DES_0014_openssl.bin     GT=3DES       PRED=3DES         (1.3s)
  ✅ tier1      standard     3DES_0015_pycryptodome.bi GT=3DES       PRED=3DES         (2.0s)
  ✅ tier1      standard     3DES_0016_openssl.bin     GT=3DES       PRED=3DES         (1.0s)
  ✅ tier1      standard     3DES_0017_openssl.bin     GT=3DES       PRED=3DES         (0.8s)
  ✅ tier1      standard     3DES_0018_pycryptodome.bi GT=3DES       PRED=3DES         (1.5s)
  ✅ tier1      standard     3DES_0019_pycryptodome.bi GT=3DES       PRED=3DES         (0.8s)
  ✅ tier1      standard     3DES_0020_openssl.bin     GT=3DES       PRED=3DES         (0.8s)
  ✅ tier1      standard     AES-128_0001_openssl.bin  GT=AES-128    PRED=AES-128      (1.3s)
  ✅ tier1      standard     AES-128_0002_pycryptodome GT=AES-128    PRED=AES-128      (0.8s)
  ✅ tier1      standard     AES-128_0003_pycryptodome GT=AES-128    PRED=AES-128      (1.3s)
  ✅ tier1      standard     AES-128_0004_openssl.bin  GT=AES-128    PRED=AES-128      (1.0s)
  ✅ tier1      standard     AES-128_0005_openssl.bin  GT=AES-128    PRED=AES-128      (0.9s)
  ✅ tier1      standard     AES-128_0006_pycryptodome GT=AES-128    PRED=AES-128      (1.1s)
  ✅ tier1      standard     AES-128_0007_pycryptodome GT=AES-128    PRED=AES-128      (0.8s)
  ✅ tier1      standard     AES-128_0008_pycryptodome GT=AES-128    PRED=AES-128      (1.2s)
  ✅ tier1      standard     AES-128_0009_openssl.bin  GT=AES-128    PRED=AES-128      (1.6s)
  ✅ tier1      standard     AES-128_0010_openssl.bin  GT=AES-128    PRED=AES-128      (1.3s)
  ✅ tier1      standard     AES-128_0011_pycryptodome GT=AES-128    PRED=AES-128      (1.0s)
  ✅ tier1      standard     AES-128_0012_pycryptodome GT=AES-128    PRED=AES-128      (0.8s)
  ✅ tier1      standard     AES-128_0013_openssl.bin  GT=AES-128    PRED=AES-128      (1.2s)
  ✅ tier1      standard     AES-128_0014_openssl.bin  GT=AES-128    PRED=AES-128      (1.6s)
  ✅ tier1      standard     AES-128_0015_pycryptodome GT=AES-128    PRED=AES-128      (0.8s)
  ✅ tier1      standard     AES-128_0016_openssl.bin  GT=AES-128    PRED=AES-128      (1.3s)
  ✅ tier1      standard     AES-128_0017_pycryptodome GT=AES-128    PRED=AES-128      (1.1s)
  ✅ tier1      standard     AES-128_0018_openssl.bin  GT=AES-128    PRED=AES-128      (1.1s)
  ✅ tier1      standard     AES-128_0019_pycryptodome GT=AES-128    PRED=AES-128      (0.8s)
  ✅ tier1      standard     AES-128_0020_pycryptodome GT=AES-128    PRED=AES-128      (1.3s)
  ✅ tier1      standard     AES-256_0001_openssl.bin  GT=AES-256    PRED=AES-256      (0.7s)
  ✅ tier1      standard     AES-256_0002_openssl.bin  GT=AES-256    PRED=AES-256      (0.8s)
  ✅ tier1      standard     AES-256_0003_openssl.bin  GT=AES-256    PRED=AES-256      (0.9s)
  ✅ tier1      standard     AES-256_0004_openssl.bin  GT=AES-256    PRED=AES-256      (1.6s)
  ✅ tier1      standard     AES-256_0005_openssl.bin  GT=AES-256    PRED=AES-256      (0.8s)
  ✅ tier1      standard     AES-256_0006_openssl.bin  GT=AES-256    PRED=AES-256      (0.8s)
  ✅ tier1      standard     AES-256_0007_pycryptodome GT=AES-256    PRED=AES-256      (1.2s)
  ✅ tier1      standard     AES-256_0008_pycryptodome GT=AES-256    PRED=AES-256      (0.8s)
  ✅ tier1      standard     AES-256_0009_openssl.bin  GT=AES-256    PRED=AES-256      (1.4s)
  ✅ tier1      standard     AES-256_0010_openssl.bin  GT=AES-256    PRED=AES-256      (0.8s)
  ✅ tier1      standard     AES-256_0011_pycryptodome GT=AES-256    PRED=AES-256      (1.0s)
  ✅ tier1      standard     AES-256_0012_pycryptodome GT=AES-256    PRED=AES-256      (1.3s)
  ✅ tier1      standard     AES-256_0013_openssl.bin  GT=AES-256    PRED=AES-256      (0.9s)
  ✅ tier1      standard     AES-256_0014_openssl.bin  GT=AES-256    PRED=AES-256      (1.4s)
  ✅ tier1      standard     AES-256_0015_openssl.bin  GT=AES-256    PRED=AES-256      (0.8s)
  ✅ tier1      standard     AES-256_0016_pycryptodome GT=AES-256    PRED=AES-256      (0.9s)
  ✅ tier1      standard     AES-256_0017_openssl.bin  GT=AES-256    PRED=AES-256      (1.2s)
  ✅ tier1      standard     AES-256_0018_openssl.bin  GT=AES-256    PRED=AES-256      (0.9s)
  ✅ tier1      standard     AES-256_0019_pycryptodome GT=AES-256    PRED=AES-256      (1.1s)
  ✅ tier1      standard     AES-256_0020_pycryptodome GT=AES-256    PRED=AES-256      (0.9s)
  ✅ tier1      standard     ChaCha20_0001_openssl.bin GT=ChaCha20   PRED=ChaCha20     (0.9s)
  ✅ tier1      standard     ChaCha20_0002_pycryptodom GT=ChaCha20   PRED=ChaCha20     (1.3s)
  ✅ tier1      standard     ChaCha20_0003_openssl.bin GT=ChaCha20   PRED=ChaCha20     (0.8s)
  ✅ tier1      standard     ChaCha20_0004_pycryptodom GT=ChaCha20   PRED=ChaCha20     (0.8s)
  ✅ tier1      standard     ChaCha20_0005_openssl.bin GT=ChaCha20   PRED=ChaCha20     (0.7s)
  ✅ tier1      standard     ChaCha20_0006_pycryptodom GT=ChaCha20   PRED=ChaCha20     (0.7s)
  ✅ tier1      standard     ChaCha20_0007_pycryptodom GT=ChaCha20   PRED=ChaCha20     (1.4s)
  ✅ tier1      standard     ChaCha20_0008_pycryptodom GT=ChaCha20   PRED=ChaCha20     (1.6s)
  ✅ tier1      standard     ChaCha20_0009_pycryptodom GT=ChaCha20   PRED=ChaCha20     (1.4s)
  ✅ tier1      standard     ChaCha20_0010_pycryptodom GT=ChaCha20   PRED=ChaCha20     (0.7s)
  ✅ tier1      standard     ChaCha20_0011_pycryptodom GT=ChaCha20   PRED=ChaCha20     (0.9s)
  ✅ tier1      standard     ChaCha20_0012_openssl.bin GT=ChaCha20   PRED=ChaCha20     (0.9s)
  ✅ tier1      standard     ChaCha20_0013_pycryptodom GT=ChaCha20   PRED=ChaCha20     (0.8s)
  ✅ tier1      standard     ChaCha20_0014_openssl.bin GT=ChaCha20   PRED=ChaCha20     (0.8s)
  ✅ tier1      standard     ChaCha20_0015_openssl.bin GT=ChaCha20   PRED=ChaCha20     (1.3s)
  ✅ tier1      standard     ChaCha20_0016_openssl.bin GT=ChaCha20   PRED=ChaCha20     (0.9s)
  ✅ tier1      standard     ChaCha20_0017_openssl.bin GT=ChaCha20   PRED=ChaCha20     (2.1s)
  ✅ tier1      standard     ChaCha20_0018_pycryptodom GT=ChaCha20   PRED=ChaCha20     (0.8s)
  ✅ tier1      standard     ChaCha20_0019_openssl.bin GT=ChaCha20   PRED=ChaCha20     (0.8s)
  ✅ tier1      standard     ChaCha20_0020_openssl.bin GT=ChaCha20   PRED=ChaCha20     (1.6s)
  ✅ tier1      standard     DES_0001_pycryptodome.bin GT=DES        PRED=DES          (1.2s)
  ✅ tier1      standard     DES_0002_openssl.bin      GT=DES        PRED=DES          (1.6s)
  ✅ tier1      standard     DES_0003_openssl.bin      GT=DES        PRED=DES          (1.2s)
  ✅ tier1      standard     DES_0004_openssl.bin      GT=DES        PRED=DES          (1.3s)
  ✅ tier1      standard     DES_0005_pycryptodome.bin GT=DES        PRED=DES          (1.4s)
  ✅ tier1      standard     DES_0006_openssl.bin      GT=DES        PRED=DES          (1.3s)
  ✅ tier1      standard     DES_0007_openssl.bin      GT=DES        PRED=DES          (0.8s)
  ✅ tier1      standard     DES_0008_pycryptodome.bin GT=DES        PRED=DES          (0.7s)
  ✅ tier1      standard     DES_0009_pycryptodome.bin GT=DES        PRED=DES          (1.3s)
  ✅ tier1      standard     DES_0010_openssl.bin      GT=DES        PRED=DES          (0.9s)
  ✅ tier1      standard     DES_0011_openssl.bin      GT=DES        PRED=DES          (1.3s)
  ✅ tier1      standard     DES_0012_pycryptodome.bin GT=DES        PRED=DES          (0.7s)
  ✅ tier1      standard     DES_0013_pycryptodome.bin GT=DES        PRED=DES          (0.9s)
  ✅ tier1      standard     DES_0014_pycryptodome.bin GT=DES        PRED=DES          (1.4s)
  ✅ tier1      standard     DES_0015_openssl.bin      GT=DES        PRED=DES          (1.2s)
  ✅ tier1      standard     DES_0016_pycryptodome.bin GT=DES        PRED=DES          (1.5s)
  ✅ tier1      standard     DES_0017_openssl.bin      GT=DES        PRED=DES          (0.9s)
  ✅ tier1      standard     DES_0018_pycryptodome.bin GT=DES        PRED=DES          (0.7s)
  ✅ tier1      standard     DES_0019_openssl.bin      GT=DES        PRED=DES          (1.0s)
  ✅ tier1      standard     DES_0020_pycryptodome.bin GT=DES        PRED=DES          (0.8s)
  ✅ tier1      standard     ML-KEM-768_0001_openssl.b GT=ML-KEM-768 PRED=ML-KEM-768   (0.7s)
  ✅ tier1      standard     ML-KEM-768_0002_openssl.b GT=ML-KEM-768 PRED=ML-KEM-768   (1.0s)
  ✅ tier1      standard     ML-KEM-768_0003_openssl.b GT=ML-KEM-768 PRED=ML-KEM-768   (1.2s)
  ✅ tier1      standard     ML-KEM-768_0004_openssl.b GT=ML-KEM-768 PRED=ML-KEM-768   (1.3s)
  ✅ tier1      standard     ML-KEM-768_0005_openssl.b GT=ML-KEM-768 PRED=ML-KEM-768   (1.3s)
  ✅ tier1      standard     ML-KEM-768_0006_openssl.b GT=ML-KEM-768 PRED=ML-KEM-768   (0.8s)
  ✅ tier1      standard     ML-KEM-768_0007_openssl.b GT=ML-KEM-768 PRED=ML-KEM-768   (1.7s)
  ✅ tier1      standard     ML-KEM-768_0008_openssl.b GT=ML-KEM-768 PRED=ML-KEM-768   (0.7s)
  ✅ tier1      standard     ML-KEM-768_0009_openssl.b GT=ML-KEM-768 PRED=ML-KEM-768   (1.5s)
  ✅ tier1      standard     ML-KEM-768_0010_openssl.b GT=ML-KEM-768 PRED=ML-KEM-768   (0.8s)
  ✅ tier1      standard     ML-KEM-768_0011_openssl.b GT=ML-KEM-768 PRED=ML-KEM-768   (0.8s)
  ✅ tier1      standard     ML-KEM-768_0012_openssl.b GT=ML-KEM-768 PRED=ML-KEM-768   (0.9s)
  ✅ tier1      standard     ML-KEM-768_0013_openssl.b GT=ML-KEM-768 PRED=ML-KEM-768   (1.2s)
  ✅ tier1      standard     ML-KEM-768_0014_openssl.b GT=ML-KEM-768 PRED=ML-KEM-768   (0.8s)
  ✅ tier1      standard     ML-KEM-768_0015_openssl.b GT=ML-KEM-768 PRED=ML-KEM-768   (0.8s)
  ✅ tier1      standard     ML-KEM-768_0016_openssl.b GT=ML-KEM-768 PRED=ML-KEM-768   (0.9s)
  ✅ tier1      standard     ML-KEM-768_0017_openssl.b GT=ML-KEM-768 PRED=ML-KEM-768   (0.9s)
  ✅ tier1      standard     ML-KEM-768_0018_openssl.b GT=ML-KEM-768 PRED=ML-KEM-768   (0.9s)
  ✅ tier1      standard     ML-KEM-768_0019_openssl.b GT=ML-KEM-768 PRED=ML-KEM-768   (0.8s)
  ✅ tier1      standard     ML-KEM-768_0020_openssl.b GT=ML-KEM-768 PRED=ML-KEM-768   (1.5s)
  ✅ tier1      standard     RSA-2048_0001_pycryptodom GT=RSA-2048   PRED=RSA-2048     (1.2s)
  ✅ tier1      standard     RSA-2048_0002_pycryptodom GT=RSA-2048   PRED=RSA-2048     (0.9s)
  ✅ tier1      standard     RSA-2048_0003_openssl.bin GT=RSA-2048   PRED=RSA-2048     (1.1s)
  ✅ tier1      standard     RSA-2048_0004_openssl.bin GT=RSA-2048   PRED=RSA-2048     (2.3s)
  ✅ tier1      standard     RSA-2048_0005_pycryptodom GT=RSA-2048   PRED=RSA-2048     (0.9s)
  ✅ tier1      standard     RSA-2048_0006_pycryptodom GT=RSA-2048   PRED=RSA-2048     (1.1s)
  ✅ tier1      standard     RSA-2048_0007_pycryptodom GT=RSA-2048   PRED=RSA-2048     (0.8s)
  ✅ tier1      standard     RSA-2048_0008_openssl.bin GT=RSA-2048   PRED=RSA-2048     (0.8s)
  ✅ tier1      standard     RSA-2048_0009_openssl.bin GT=RSA-2048   PRED=RSA-2048     (0.8s)
  ✅ tier1      standard     RSA-2048_0010_pycryptodom GT=RSA-2048   PRED=RSA-2048     (0.7s)
  ✅ tier1      standard     RSA-2048_0011_pycryptodom GT=RSA-2048   PRED=RSA-2048     (0.8s)
  ✅ tier1      standard     RSA-2048_0012_openssl.bin GT=RSA-2048   PRED=RSA-2048     (1.0s)
  ✅ tier1      standard     RSA-2048_0013_pycryptodom GT=RSA-2048   PRED=RSA-2048     (0.8s)
  ✅ tier1      standard     RSA-2048_0014_pycryptodom GT=RSA-2048   PRED=RSA-2048     (1.4s)
  ✅ tier1      standard     RSA-2048_0015_pycryptodom GT=RSA-2048   PRED=RSA-2048     (0.7s)
  ✅ tier1      standard     RSA-2048_0016_openssl.bin GT=RSA-2048   PRED=RSA-2048     (1.6s)
  ✅ tier1      standard     RSA-2048_0017_openssl.bin GT=RSA-2048   PRED=RSA-2048     (0.8s)
  ✅ tier1      standard     RSA-2048_0018_openssl.bin GT=RSA-2048   PRED=RSA-2048     (1.7s)
  ✅ tier1      standard     RSA-2048_0019_openssl.bin GT=RSA-2048   PRED=RSA-2048     (0.7s)
  ✅ tier1      standard     RSA-2048_0020_openssl.bin GT=RSA-2048   PRED=RSA-2048     (1.4s)
  ✓ tier1 complete for gpt-oss:120b-cloud
  ✅ tier2      standard     3DES_0001_openssl.bin     GT=3DES       PRED=3DES         (1.2s)
  ✅ tier2      standard     3DES_0002_openssl.bin     GT=3DES       PRED=3DES         (0.9s)
  ✅ tier2      standard     3DES_0003_pycryptodome.bi GT=3DES       PRED=3DES         (1.5s)
  ✅ tier2      standard     3DES_0004_pycryptodome.bi GT=3DES       PRED=3DES         (1.6s)
  ✅ tier2      standard     3DES_0005_openssl.bin     GT=3DES       PRED=3DES         (1.4s)
  ✅ tier2      standard     3DES_0006_pycryptodome.bi GT=3DES       PRED=3DES         (1.3s)
  ✅ tier2      standard     3DES_0007_openssl.bin     GT=3DES       PRED=3DES         (0.9s)
  ✅ tier2      standard     3DES_0008_pycryptodome.bi GT=3DES       PRED=3DES         (1.0s)
  ✅ tier2      standard     3DES_0009_openssl.bin     GT=3DES       PRED=3DES         (0.7s)
  ✅ tier2      standard     3DES_0010_pycryptodome.bi GT=3DES       PRED=3DES         (1.1s)
  ✅ tier2      standard     3DES_0011_pycryptodome.bi GT=3DES       PRED=3DES         (1.0s)
  ✅ tier2      standard     3DES_0012_openssl.bin     GT=3DES       PRED=3DES         (0.9s)
  ✅ tier2      standard     3DES_0013_openssl.bin     GT=3DES       PRED=3DES         (1.4s)
  ✅ tier2      standard     3DES_0014_openssl.bin     GT=3DES       PRED=3DES         (0.8s)
  ✅ tier2      standard     3DES_0015_pycryptodome.bi GT=3DES       PRED=3DES         (1.2s)
  ✅ tier2      standard     3DES_0016_openssl.bin     GT=3DES       PRED=3DES         (1.1s)
  ✅ tier2      standard     3DES_0017_openssl.bin     GT=3DES       PRED=3DES         (1.8s)
  ✅ tier2      standard     3DES_0018_pycryptodome.bi GT=3DES       PRED=3DES         (0.8s)
  ✅ tier2      standard     3DES_0019_pycryptodome.bi GT=3DES       PRED=3DES         (0.9s)
  ✅ tier2      standard     3DES_0020_openssl.bin     GT=3DES       PRED=3DES         (0.8s)
  ✅ tier2      standard     AES-128_0001_openssl.bin  GT=AES-128    PRED=AES-128      (1.2s)
  ✅ tier2      standard     AES-128_0002_pycryptodome GT=AES-128    PRED=AES-128      (1.1s)
  ✅ tier2      standard     AES-128_0003_pycryptodome GT=AES-128    PRED=AES-128      (0.9s)
  ✅ tier2      standard     AES-128_0004_openssl.bin  GT=AES-128    PRED=AES-128      (1.3s)
  ✅ tier2      standard     AES-128_0005_openssl.bin  GT=AES-128    PRED=AES-128      (2.8s)
  ✅ tier2      standard     AES-128_0006_pycryptodome GT=AES-128    PRED=AES-128      (1.2s)
  ✅ tier2      standard     AES-128_0007_pycryptodome GT=AES-128    PRED=AES-128      (2.2s)
  ✅ tier2      standard     AES-128_0008_pycryptodome GT=AES-128    PRED=AES-128      (0.9s)
  ✅ tier2      standard     AES-128_0009_openssl.bin  GT=AES-128    PRED=AES-128      (1.1s)
  ✅ tier2      standard     AES-128_0010_openssl.bin  GT=AES-128    PRED=AES-128      (1.9s)
  ✅ tier2      standard     AES-128_0011_pycryptodome GT=AES-128    PRED=AES-128      (0.8s)
  ✅ tier2      standard     AES-128_0012_pycryptodome GT=AES-128    PRED=AES-128      (0.9s)
  ✅ tier2      standard     AES-128_0013_openssl.bin  GT=AES-128    PRED=AES-128      (1.5s)
  ✅ tier2      standard     AES-128_0014_openssl.bin  GT=AES-128    PRED=AES-128      (1.0s)
  ✅ tier2      standard     AES-128_0015_pycryptodome GT=AES-128    PRED=AES-128      (1.1s)
  ✅ tier2      standard     AES-128_0016_openssl.bin  GT=AES-128    PRED=AES-128      (1.3s)
  ✅ tier2      standard     AES-128_0017_pycryptodome GT=AES-128    PRED=AES-128      (0.9s)
  ✅ tier2      standard     AES-128_0018_openssl.bin  GT=AES-128    PRED=AES-128      (0.8s)
  ✅ tier2      standard     AES-128_0019_pycryptodome GT=AES-128    PRED=AES-128      (0.9s)
  ✅ tier2      standard     AES-128_0020_pycryptodome GT=AES-128    PRED=AES-128      (1.3s)
  ✅ tier2      standard     AES-256_0001_openssl.bin  GT=AES-256    PRED=AES-256      (1.5s)
  ✅ tier2      standard     AES-256_0002_openssl.bin  GT=AES-256    PRED=AES-256      (1.1s)
  ✅ tier2      standard     AES-256_0003_openssl.bin  GT=AES-256    PRED=AES-256      (0.9s)
  ✅ tier2      standard     AES-256_0004_openssl.bin  GT=AES-256    PRED=AES-256      (0.9s)
  ✅ tier2      standard     AES-256_0005_openssl.bin  GT=AES-256    PRED=AES-256      (0.8s)
  ✅ tier2      standard     AES-256_0006_openssl.bin  GT=AES-256    PRED=AES-256      (0.9s)
  ✅ tier2      standard     AES-256_0007_pycryptodome GT=AES-256    PRED=AES-256      (1.3s)
  ✅ tier2      standard     AES-256_0008_pycryptodome GT=AES-256    PRED=AES-256      (1.1s)
  ✅ tier2      standard     AES-256_0009_openssl.bin  GT=AES-256    PRED=AES-256      (0.8s)
  ✅ tier2      standard     AES-256_0010_openssl.bin  GT=AES-256    PRED=AES-256      (1.3s)
  ✅ tier2      standard     AES-256_0011_pycryptodome GT=AES-256    PRED=AES-256      (0.9s)
  ✅ tier2      standard     AES-256_0012_pycryptodome GT=AES-256    PRED=AES-256      (0.8s)
  ✅ tier2      standard     AES-256_0013_openssl.bin  GT=AES-256    PRED=AES-256      (2.3s)
  ✅ tier2      standard     AES-256_0014_openssl.bin  GT=AES-256    PRED=AES-256      (0.9s)
  ✅ tier2      standard     AES-256_0015_openssl.bin  GT=AES-256    PRED=AES-256      (1.2s)
  ✅ tier2      standard     AES-256_0016_pycryptodome GT=AES-256    PRED=AES-256      (0.9s)
  ✅ tier2      standard     AES-256_0017_openssl.bin  GT=AES-256    PRED=AES-256      (0.9s)
  ✅ tier2      standard     AES-256_0018_openssl.bin  GT=AES-256    PRED=AES-256      (1.0s)
  ✅ tier2      standard     AES-256_0019_pycryptodome GT=AES-256    PRED=AES-256      (1.3s)
  ✅ tier2      standard     AES-256_0020_pycryptodome GT=AES-256    PRED=AES-256      (1.2s)
  ✅ tier2      standard     ChaCha20_0001_openssl.bin GT=ChaCha20   PRED=ChaCha20     (0.9s)
  ✅ tier2      standard     ChaCha20_0002_pycryptodom GT=ChaCha20   PRED=ChaCha20     (1.0s)
  ✅ tier2      standard     ChaCha20_0003_openssl.bin GT=ChaCha20   PRED=ChaCha20     (0.9s)
  ✅ tier2      standard     ChaCha20_0004_pycryptodom GT=ChaCha20   PRED=ChaCha20     (0.6s)
  ✅ tier2      standard     ChaCha20_0005_openssl.bin GT=ChaCha20   PRED=ChaCha20     (1.0s)
  ✅ tier2      standard     ChaCha20_0006_pycryptodom GT=ChaCha20   PRED=ChaCha20     (0.9s)
  ✅ tier2      standard     ChaCha20_0007_pycryptodom GT=ChaCha20   PRED=ChaCha20     (0.9s)
  ✅ tier2      standard     ChaCha20_0008_pycryptodom GT=ChaCha20   PRED=ChaCha20     (1.8s)
  ✅ tier2      standard     ChaCha20_0009_pycryptodom GT=ChaCha20   PRED=ChaCha20     (0.9s)
  ✅ tier2      standard     ChaCha20_0010_pycryptodom GT=ChaCha20   PRED=ChaCha20     (0.9s)
  ✅ tier2      standard     ChaCha20_0011_pycryptodom GT=ChaCha20   PRED=ChaCha20     (0.9s)
  ✅ tier2      standard     ChaCha20_0012_openssl.bin GT=ChaCha20   PRED=ChaCha20     (0.9s)
  ✅ tier2      standard     ChaCha20_0013_pycryptodom GT=ChaCha20   PRED=ChaCha20     (0.9s)
  ✅ tier2      standard     ChaCha20_0014_openssl.bin GT=ChaCha20   PRED=ChaCha20     (0.8s)
  ✅ tier2      standard     ChaCha20_0015_openssl.bin GT=ChaCha20   PRED=ChaCha20     (0.9s)
  ✅ tier2      standard     ChaCha20_0016_openssl.bin GT=ChaCha20   PRED=ChaCha20     (1.3s)
  ✅ tier2      standard     ChaCha20_0017_openssl.bin GT=ChaCha20   PRED=ChaCha20     (1.0s)
  ✅ tier2      standard     ChaCha20_0018_pycryptodom GT=ChaCha20   PRED=ChaCha20     (0.8s)
  ✅ tier2      standard     ChaCha20_0019_openssl.bin GT=ChaCha20   PRED=ChaCha20     (0.8s)
  ✅ tier2      standard     ChaCha20_0020_openssl.bin GT=ChaCha20   PRED=ChaCha20     (0.8s)
  ✅ tier2      standard     DES_0001_pycryptodome.bin GT=DES        PRED=DES          (1.0s)
  ✅ tier2      standard     DES_0002_openssl.bin      GT=DES        PRED=DES          (0.9s)
  ✅ tier2      standard     DES_0003_openssl.bin      GT=DES        PRED=DES          (1.5s)
  ✅ tier2      standard     DES_0004_openssl.bin      GT=DES        PRED=DES          (1.0s)
  ✅ tier2      standard     DES_0005_pycryptodome.bin GT=DES        PRED=DES          (0.7s)
  ✅ tier2      standard     DES_0006_openssl.bin      GT=DES        PRED=DES          (1.1s)
  ✅ tier2      standard     DES_0007_openssl.bin      GT=DES        PRED=DES          (0.8s)
  ✅ tier2      standard     DES_0008_pycryptodome.bin GT=DES        PRED=DES          (1.5s)
  ✅ tier2      standard     DES_0009_pycryptodome.bin GT=DES        PRED=DES          (0.8s)
  ✅ tier2      standard     DES_0010_openssl.bin      GT=DES        PRED=DES          (0.8s)
  ✅ tier2      standard     DES_0011_openssl.bin      GT=DES        PRED=DES          (1.1s)
  ✅ tier2      standard     DES_0012_pycryptodome.bin GT=DES        PRED=DES          (0.8s)
  ✅ tier2      standard     DES_0013_pycryptodome.bin GT=DES        PRED=DES          (0.8s)
  ✅ tier2      standard     DES_0014_pycryptodome.bin GT=DES        PRED=DES          (1.3s)
  ✅ tier2      standard     DES_0015_openssl.bin      GT=DES        PRED=DES          (0.9s)
  ✅ tier2      standard     DES_0016_pycryptodome.bin GT=DES        PRED=DES          (3.3s)
  ✅ tier2      standard     DES_0017_openssl.bin      GT=DES        PRED=DES          (0.7s)
  ✅ tier2      standard     DES_0018_pycryptodome.bin GT=DES        PRED=DES          (2.6s)
  ✅ tier2      standard     DES_0019_openssl.bin      GT=DES        PRED=DES          (1.0s)
  ✅ tier2      standard     DES_0020_pycryptodome.bin GT=DES        PRED=DES          (2.5s)
  ✅ tier2      standard     ML-KEM-768_0001_openssl.b GT=ML-KEM-768 PRED=ML-KEM-768   (1.3s)
  ⚠️ tier2      standard     ML-KEM-768_0002_openssl.b GT=ML-KEM-768 PRED=UNKNOWN      (1.2s)
  ✅ tier2      standard     ML-KEM-768_0003_openssl.b GT=ML-KEM-768 PRED=ML-KEM-768   (0.9s)
  ✅ tier2      standard     ML-KEM-768_0004_openssl.b GT=ML-KEM-768 PRED=ML-KEM-768   (1.2s)
  ✅ tier2      standard     ML-KEM-768_0005_openssl.b GT=ML-KEM-768 PRED=ML-KEM-768   (1.1s)
  ✅ tier2      standard     ML-KEM-768_0006_openssl.b GT=ML-KEM-768 PRED=ML-KEM-768   (0.9s)
  ✅ tier2      standard     ML-KEM-768_0007_openssl.b GT=ML-KEM-768 PRED=ML-KEM-768   (1.2s)
  ✅ tier2      standard     ML-KEM-768_0008_openssl.b GT=ML-KEM-768 PRED=ML-KEM-768   (1.1s)
  ✅ tier2      standard     ML-KEM-768_0009_openssl.b GT=ML-KEM-768 PRED=ML-KEM-768   (1.1s)
  ✅ tier2      standard     ML-KEM-768_0010_openssl.b GT=ML-KEM-768 PRED=ML-KEM-768   (0.8s)
  ✅ tier2      standard     ML-KEM-768_0011_openssl.b GT=ML-KEM-768 PRED=ML-KEM-768   (0.9s)
  ✅ tier2      standard     ML-KEM-768_0012_openssl.b GT=ML-KEM-768 PRED=ML-KEM-768   (1.7s)
  ✅ tier2      standard     ML-KEM-768_0013_openssl.b GT=ML-KEM-768 PRED=ML-KEM-768   (1.0s)
  ✅ tier2      standard     ML-KEM-768_0014_openssl.b GT=ML-KEM-768 PRED=ML-KEM-768   (0.9s)
  ✅ tier2      standard     ML-KEM-768_0015_openssl.b GT=ML-KEM-768 PRED=ML-KEM-768   (1.2s)
  ✅ tier2      standard     ML-KEM-768_0016_openssl.b GT=ML-KEM-768 PRED=ML-KEM-768   (1.9s)
  ✅ tier2      standard     ML-KEM-768_0017_openssl.b GT=ML-KEM-768 PRED=ML-KEM-768   (1.4s)
  ✅ tier2      standard     ML-KEM-768_0018_openssl.b GT=ML-KEM-768 PRED=ML-KEM-768   (1.0s)
  ✅ tier2      standard     ML-KEM-768_0019_openssl.b GT=ML-KEM-768 PRED=ML-KEM-768   (1.0s)
  ✅ tier2      standard     ML-KEM-768_0020_openssl.b GT=ML-KEM-768 PRED=ML-KEM-768   (1.1s)
  ✅ tier2      standard     RSA-2048_0001_pycryptodom GT=RSA-2048   PRED=RSA-2048     (0.9s)
  ✅ tier2      standard     RSA-2048_0002_pycryptodom GT=RSA-2048   PRED=RSA-2048     (0.8s)
  ✅ tier2      standard     RSA-2048_0003_openssl.bin GT=RSA-2048   PRED=RSA-2048     (1.1s)
  ✅ tier2      standard     RSA-2048_0004_openssl.bin GT=RSA-2048   PRED=RSA-2048     (1.1s)
  ✅ tier2      standard     RSA-2048_0005_pycryptodom GT=RSA-2048   PRED=RSA-2048     (1.4s)
  ✅ tier2      standard     RSA-2048_0006_pycryptodom GT=RSA-2048   PRED=RSA-2048     (0.9s)
  ✅ tier2      standard     RSA-2048_0007_pycryptodom GT=RSA-2048   PRED=RSA-2048     (1.1s)
  ✅ tier2      standard     RSA-2048_0008_openssl.bin GT=RSA-2048   PRED=RSA-2048     (0.9s)
  ✅ tier2      standard     RSA-2048_0009_openssl.bin GT=RSA-2048   PRED=RSA-2048     (1.0s)
  ✅ tier2      standard     RSA-2048_0010_pycryptodom GT=RSA-2048   PRED=RSA-2048     (1.0s)
  ✅ tier2      standard     RSA-2048_0011_pycryptodom GT=RSA-2048   PRED=RSA-2048     (1.5s)
  ✅ tier2      standard     RSA-2048_0012_openssl.bin GT=RSA-2048   PRED=RSA-2048     (1.2s)
  ✅ tier2      standard     RSA-2048_0013_pycryptodom GT=RSA-2048   PRED=RSA-2048     (1.0s)
  ✅ tier2      standard     RSA-2048_0014_pycryptodom GT=RSA-2048   PRED=RSA-2048     (1.2s)
  ✅ tier2      standard     RSA-2048_0015_pycryptodom GT=RSA-2048   PRED=RSA-2048     (1.8s)
  ✅ tier2      standard     RSA-2048_0016_openssl.bin GT=RSA-2048   PRED=RSA-2048     (1.3s)
  ✅ tier2      standard     RSA-2048_0017_openssl.bin GT=RSA-2048   PRED=RSA-2048     (1.1s)
  ✅ tier2      standard     RSA-2048_0018_openssl.bin GT=RSA-2048   PRED=RSA-2048     (1.4s)
  ✅ tier2      standard     RSA-2048_0019_openssl.bin GT=RSA-2048   PRED=RSA-2048     (1.5s)
  ✅ tier2      standard     RSA-2048_0020_openssl.bin GT=RSA-2048   PRED=RSA-2048     (1.0s)
  ✓ tier2 complete for gpt-oss:120b-cloud
  ❌ tier3      standard     3DES_0001_openssl.bin     GT=3DES       PRED=ML-KEM-768   (3.0s)
  ❌ tier3      tier3_raw    3DES_0001_openssl.bin     GT=3DES       PRED=ML-KEM-768   (3.2s)
  ❌ tier3      standard     3DES_0002_openssl.bin     GT=3DES       PRED=AES-256      (3.1s)
  ❌ tier3      tier3_raw    3DES_0002_openssl.bin     GT=3DES       PRED=ChaCha20     (3.4s)
  ❌ tier3      standard     3DES_0003_pycryptodome.bi GT=3DES       PRED=ML-KEM-768   (2.9s)
  ❌ tier3      tier3_raw    3DES_0003_pycryptodome.bi GT=3DES       PRED=AES-128      (3.3s)
  ❌ tier3      standard     3DES_0004_pycryptodome.bi GT=3DES       PRED=AES-256      (2.6s)
  ❌ tier3      tier3_raw    3DES_0004_pycryptodome.bi GT=3DES       PRED=AES-256      (2.9s)
  ❌ tier3      standard     3DES_0005_openssl.bin     GT=3DES       PRED=AES-128      (3.0s)
  ❌ tier3      tier3_raw    3DES_0005_openssl.bin     GT=3DES       PRED=AES-256      (3.1s)
  ❌ tier3      standard     3DES_0006_pycryptodome.bi GT=3DES       PRED=AES-256      (3.6s)
  ❌ tier3      tier3_raw    3DES_0006_pycryptodome.bi GT=3DES       PRED=ChaCha20     (2.9s)
  ❌ tier3      standard     3DES_0007_openssl.bin     GT=3DES       PRED=AES-256      (3.1s)
  ❌ tier3      tier3_raw    3DES_0007_openssl.bin     GT=3DES       PRED=AES-256      (3.4s)
  ❌ tier3      standard     3DES_0008_pycryptodome.bi GT=3DES       PRED=AES-256      (3.6s)
  ❌ tier3      tier3_raw    3DES_0008_pycryptodome.bi GT=3DES       PRED=AES-128      (3.0s)
  ❌ tier3      standard     3DES_0009_openssl.bin     GT=3DES       PRED=AES-256      (2.7s)
  ❌ tier3      tier3_raw    3DES_0009_openssl.bin     GT=3DES       PRED=ChaCha20     (3.4s)
  ❌ tier3      standard     3DES_0010_pycryptodome.bi GT=3DES       PRED=RSA-2048     (4.6s)
  ❌ tier3      tier3_raw    3DES_0010_pycryptodome.bi GT=3DES       PRED=RSA-2048     (3.4s)
  ❌ tier3      standard     3DES_0011_pycryptodome.bi GT=3DES       PRED=AES-256      (2.9s)
  ❌ tier3      tier3_raw    3DES_0011_pycryptodome.bi GT=3DES       PRED=AES-256      (2.6s)
  ❌ tier3      standard     3DES_0012_openssl.bin     GT=3DES       PRED=AES-256      (6.0s)
  ❌ tier3      tier3_raw    3DES_0012_openssl.bin     GT=3DES       PRED=AES-256      (3.1s)
  ❌ tier3      standard     3DES_0013_openssl.bin     GT=3DES       PRED=AES-256      (3.1s)
  ❌ tier3      tier3_raw    3DES_0013_openssl.bin     GT=3DES       PRED=ChaCha20     (2.3s)
  ❌ tier3      standard     3DES_0014_openssl.bin     GT=3DES       PRED=AES-256      (3.5s)
  ❌ tier3      tier3_raw    3DES_0014_openssl.bin     GT=3DES       PRED=ML-KEM-768   (4.0s)
  ❌ tier3      standard     3DES_0015_pycryptodome.bi GT=3DES       PRED=AES-128      (2.6s)
  ❌ tier3      tier3_raw    3DES_0015_pycryptodome.bi GT=3DES       PRED=RSA-2048     (2.7s)
  ❌ tier3      standard     3DES_0016_openssl.bin     GT=3DES       PRED=AES-256      (2.7s)
  ❌ tier3      tier3_raw    3DES_0016_openssl.bin     GT=3DES       PRED=AES-256      (3.5s)
  ❌ tier3      standard     3DES_0017_openssl.bin     GT=3DES       PRED=RSA-2048     (2.7s)
  ❌ tier3      tier3_raw    3DES_0017_openssl.bin     GT=3DES       PRED=AES-128      (3.7s)
  ❌ tier3      standard     3DES_0018_pycryptodome.bi GT=3DES       PRED=AES-256      (3.2s)
  ❌ tier3      tier3_raw    3DES_0018_pycryptodome.bi GT=3DES       PRED=ML-KEM-768   (2.8s)
  ❌ tier3      standard     3DES_0019_pycryptodome.bi GT=3DES       PRED=AES-256      (2.8s)
  ❌ tier3      tier3_raw    3DES_0019_pycryptodome.bi GT=3DES       PRED=AES-256      (2.6s)
  ❌ tier3      standard     3DES_0020_openssl.bin     GT=3DES       PRED=ChaCha20     (3.2s)
  ❌ tier3      tier3_raw    3DES_0020_openssl.bin     GT=3DES       PRED=AES-256      (3.1s)
  ❌ tier3      standard     AES-128_0001_openssl.bin  GT=AES-128    PRED=AES-256      (6.8s)
  ❌ tier3      tier3_raw    AES-128_0001_openssl.bin  GT=AES-128    PRED=AES-256      (2.5s)
  ❌ tier3      standard     AES-128_0002_pycryptodome GT=AES-128    PRED=AES-256      (2.9s)
  ❌ tier3      tier3_raw    AES-128_0002_pycryptodome GT=AES-128    PRED=AES-256      (2.9s)
  ❌ tier3      standard     AES-128_0003_pycryptodome GT=AES-128    PRED=AES-256      (2.6s)
  ❌ tier3      tier3_raw    AES-128_0003_pycryptodome GT=AES-128    PRED=AES-256      (2.9s)
  ❌ tier3      standard     AES-128_0004_openssl.bin  GT=AES-128    PRED=AES-256      (3.1s)
  ❌ tier3      tier3_raw    AES-128_0004_openssl.bin  GT=AES-128    PRED=AES-256      (2.1s)
  ❌ tier3      standard     AES-128_0005_openssl.bin  GT=AES-128    PRED=AES-256      (3.0s)
  ❌ tier3      tier3_raw    AES-128_0005_openssl.bin  GT=AES-128    PRED=AES-256      (3.3s)
  ❌ tier3      standard     AES-128_0006_pycryptodome GT=AES-128    PRED=AES-256      (3.1s)
  ❌ tier3      tier3_raw    AES-128_0006_pycryptodome GT=AES-128    PRED=ChaCha20     (3.1s)
  ✅ tier3      standard     AES-128_0007_pycryptodome GT=AES-128    PRED=AES-128      (3.0s)
  ❌ tier3      tier3_raw    AES-128_0007_pycryptodome GT=AES-128    PRED=RSA-2048     (2.7s)
  ❌ tier3      standard     AES-128_0008_pycryptodome GT=AES-128    PRED=AES-256      (4.2s)
  ❌ tier3      tier3_raw    AES-128_0008_pycryptodome GT=AES-128    PRED=AES-256      (3.3s)
  ❌ tier3      standard     AES-128_0009_openssl.bin  GT=AES-128    PRED=AES-256      (3.4s)
  ✅ tier3      tier3_raw    AES-128_0009_openssl.bin  GT=AES-128    PRED=AES-128      (3.2s)
  ❌ tier3      standard     AES-128_0010_openssl.bin  GT=AES-128    PRED=AES-256      (2.8s)
  ❌ tier3      tier3_raw    AES-128_0010_openssl.bin  GT=AES-128    PRED=ML-KEM-768   (2.4s)
  ❌ tier3      standard     AES-128_0011_pycryptodome GT=AES-128    PRED=AES-256      (2.6s)
  ❌ tier3      tier3_raw    AES-128_0011_pycryptodome GT=AES-128    PRED=AES-256      (2.7s)
  ❌ tier3      standard     AES-128_0012_pycryptodome GT=AES-128    PRED=AES-256      (2.7s)
  ❌ tier3      tier3_raw    AES-128_0012_pycryptodome GT=AES-128    PRED=AES-256      (4.6s)
  ❌ tier3      standard     AES-128_0013_openssl.bin  GT=AES-128    PRED=AES-256      (3.2s)
  ❌ tier3      tier3_raw    AES-128_0013_openssl.bin  GT=AES-128    PRED=AES-256      (2.9s)
  ❌ tier3      standard     AES-128_0014_openssl.bin  GT=AES-128    PRED=AES-256      (2.8s)
  ❌ tier3      tier3_raw    AES-128_0014_openssl.bin  GT=AES-128    PRED=AES-256      (3.5s)
  ❌ tier3      standard     AES-128_0015_pycryptodome GT=AES-128    PRED=3DES         (2.8s)
  ❌ tier3      tier3_raw    AES-128_0015_pycryptodome GT=AES-128    PRED=AES-256      (3.0s)
  ❌ tier3      standard     AES-128_0016_openssl.bin  GT=AES-128    PRED=AES-256      (2.6s)
  ✅ tier3      tier3_raw    AES-128_0016_openssl.bin  GT=AES-128    PRED=AES-128      (3.1s)
  ❌ tier3      standard     AES-128_0017_pycryptodome GT=AES-128    PRED=AES-256      (3.7s)
  ❌ tier3      tier3_raw    AES-128_0017_pycryptodome GT=AES-128    PRED=AES-256      (2.5s)
  ✅ tier3      standard     AES-128_0018_openssl.bin  GT=AES-128    PRED=AES-128      (2.9s)
  ❌ tier3      tier3_raw    AES-128_0018_openssl.bin  GT=AES-128    PRED=AES-256      (2.7s)
  ❌ tier3      standard     AES-128_0019_pycryptodome GT=AES-128    PRED=RSA-2048     (2.7s)
  ❌ tier3      tier3_raw    AES-128_0019_pycryptodome GT=AES-128    PRED=AES-256      (2.6s)
  ❌ tier3      standard     AES-128_0020_pycryptodome GT=AES-128    PRED=AES-256      (2.8s)
  ❌ tier3      tier3_raw    AES-128_0020_pycryptodome GT=AES-128    PRED=AES-256      (2.3s)
  ✅ tier3      standard     AES-256_0001_openssl.bin  GT=AES-256    PRED=AES-256      (2.9s)
  ✅ tier3      tier3_raw    AES-256_0001_openssl.bin  GT=AES-256    PRED=AES-256      (3.1s)
  ✅ tier3      standard     AES-256_0002_openssl.bin  GT=AES-256    PRED=AES-256      (2.7s)
  ❌ tier3      tier3_raw    AES-256_0002_openssl.bin  GT=AES-256    PRED=ML-KEM-768   (3.3s)
  ✅ tier3      standard     AES-256_0003_openssl.bin  GT=AES-256    PRED=AES-256      (3.5s)
  ✅ tier3      tier3_raw    AES-256_0003_openssl.bin  GT=AES-256    PRED=AES-256      (3.3s)
  ✅ tier3      standard     AES-256_0004_openssl.bin  GT=AES-256    PRED=AES-256      (3.3s)
  ✅ tier3      tier3_raw    AES-256_0004_openssl.bin  GT=AES-256    PRED=AES-256      (2.8s)
  ✅ tier3      standard     AES-256_0005_openssl.bin  GT=AES-256    PRED=AES-256      (2.7s)
  ✅ tier3      tier3_raw    AES-256_0005_openssl.bin  GT=AES-256    PRED=AES-256      (3.0s)
  ✅ tier3      standard     AES-256_0006_openssl.bin  GT=AES-256    PRED=AES-256      (3.3s)
  ✅ tier3      tier3_raw    AES-256_0006_openssl.bin  GT=AES-256    PRED=AES-256      (8.2s)
  ✅ tier3      standard     AES-256_0007_pycryptodome GT=AES-256    PRED=AES-256      (2.8s)
  ✅ tier3      tier3_raw    AES-256_0007_pycryptodome GT=AES-256    PRED=AES-256      (3.3s)
  ✅ tier3      standard     AES-256_0008_pycryptodome GT=AES-256    PRED=AES-256      (3.0s)
  ✅ tier3      tier3_raw    AES-256_0008_pycryptodome GT=AES-256    PRED=AES-256      (2.9s)
  ✅ tier3      standard     AES-256_0009_openssl.bin  GT=AES-256    PRED=AES-256      (5.5s)
  ✅ tier3      tier3_raw    AES-256_0009_openssl.bin  GT=AES-256    PRED=AES-256      (2.9s)
  ✅ tier3      standard     AES-256_0010_openssl.bin  GT=AES-256    PRED=AES-256      (3.4s)
  ✅ tier3      tier3_raw    AES-256_0010_openssl.bin  GT=AES-256    PRED=AES-256      (3.5s)
  ✅ tier3      standard     AES-256_0011_pycryptodome GT=AES-256    PRED=AES-256      (2.8s)
  ❌ tier3      tier3_raw    AES-256_0011_pycryptodome GT=AES-256    PRED=ML-KEM-768   (2.7s)
  ✅ tier3      standard     AES-256_0012_pycryptodome GT=AES-256    PRED=AES-256      (2.8s)
  ✅ tier3      tier3_raw    AES-256_0012_pycryptodome GT=AES-256    PRED=AES-256      (3.1s)
  ❌ tier3      standard     AES-256_0013_openssl.bin  GT=AES-256    PRED=AES-128      (3.2s)
  ✅ tier3      tier3_raw    AES-256_0013_openssl.bin  GT=AES-256    PRED=AES-256      (3.0s)
  ✅ tier3      standard     AES-256_0014_openssl.bin  GT=AES-256    PRED=AES-256      (3.0s)
  ✅ tier3      tier3_raw    AES-256_0014_openssl.bin  GT=AES-256    PRED=AES-256      (4.1s)
  ✅ tier3      standard     AES-256_0015_openssl.bin  GT=AES-256    PRED=AES-256      (5.6s)
  ❌ tier3      tier3_raw    AES-256_0015_openssl.bin  GT=AES-256    PRED=AES-128      (3.2s)
  ✅ tier3      standard     AES-256_0016_pycryptodome GT=AES-256    PRED=AES-256      (3.1s)
  ❌ tier3      tier3_raw    AES-256_0016_pycryptodome GT=AES-256    PRED=ChaCha20     (2.9s)
  ✅ tier3      standard     AES-256_0017_openssl.bin  GT=AES-256    PRED=AES-256      (2.9s)
  ❌ tier3      tier3_raw    AES-256_0017_openssl.bin  GT=AES-256    PRED=RSA-2048     (3.0s)
  ✅ tier3      standard     AES-256_0018_openssl.bin  GT=AES-256    PRED=AES-256      (3.1s)
  ❌ tier3      tier3_raw    AES-256_0018_openssl.bin  GT=AES-256    PRED=ChaCha20     (4.0s)
  ✅ tier3      standard     AES-256_0019_pycryptodome GT=AES-256    PRED=AES-256      (2.9s)
  ✅ tier3      tier3_raw    AES-256_0019_pycryptodome GT=AES-256    PRED=AES-256      (3.1s)
  ✅ tier3      standard     AES-256_0020_pycryptodome GT=AES-256    PRED=AES-256      (3.5s)
  ✅ tier3      tier3_raw    AES-256_0020_pycryptodome GT=AES-256    PRED=AES-256      (2.9s)
  ❌ tier3      standard     ChaCha20_0001_openssl.bin GT=ChaCha20   PRED=AES-256      (3.3s)
  ❌ tier3      tier3_raw    ChaCha20_0001_openssl.bin GT=ChaCha20   PRED=AES-256      (3.1s)
  ❌ tier3      standard     ChaCha20_0002_pycryptodom GT=ChaCha20   PRED=AES-256      (3.1s)
  ❌ tier3      tier3_raw    ChaCha20_0002_pycryptodom GT=ChaCha20   PRED=AES-256      (3.0s)
  ❌ tier3      standard     ChaCha20_0003_openssl.bin GT=ChaCha20   PRED=AES-128      (3.3s)
  ❌ tier3      tier3_raw    ChaCha20_0003_openssl.bin GT=ChaCha20   PRED=ML-KEM-768   (2.7s)
  ❌ tier3      standard     ChaCha20_0004_pycryptodom GT=ChaCha20   PRED=AES-256      (3.5s)
  ❌ tier3      tier3_raw    ChaCha20_0004_pycryptodom GT=ChaCha20   PRED=AES-256      (2.1s)
  ❌ tier3      standard     ChaCha20_0005_openssl.bin GT=ChaCha20   PRED=AES-256      (2.5s)
  ❌ tier3      tier3_raw    ChaCha20_0005_openssl.bin GT=ChaCha20   PRED=AES-256      (3.9s)
  ❌ tier3      standard     ChaCha20_0006_pycryptodom GT=ChaCha20   PRED=AES-256      (2.5s)
  ❌ tier3      tier3_raw    ChaCha20_0006_pycryptodom GT=ChaCha20   PRED=AES-256      (2.6s)
  ❌ tier3      standard     ChaCha20_0007_pycryptodom GT=ChaCha20   PRED=AES-256      (3.0s)
  ❌ tier3      tier3_raw    ChaCha20_0007_pycryptodom GT=ChaCha20   PRED=AES-256      (3.1s)
  ❌ tier3      standard     ChaCha20_0008_pycryptodom GT=ChaCha20   PRED=AES-256      (2.9s)
  ❌ tier3      tier3_raw    ChaCha20_0008_pycryptodom GT=ChaCha20   PRED=AES-256      (2.9s)
  ❌ tier3      standard     ChaCha20_0009_pycryptodom GT=ChaCha20   PRED=AES-256      (2.7s)
  ❌ tier3      tier3_raw    ChaCha20_0009_pycryptodom GT=ChaCha20   PRED=AES-256      (2.9s)
  ❌ tier3      standard     ChaCha20_0010_pycryptodom GT=ChaCha20   PRED=AES-256      (3.2s)
  ❌ tier3      tier3_raw    ChaCha20_0010_pycryptodom GT=ChaCha20   PRED=AES-256      (3.6s)
  ❌ tier3      standard     ChaCha20_0011_pycryptodom GT=ChaCha20   PRED=RSA-2048     (3.0s)
  ❌ tier3      tier3_raw    ChaCha20_0011_pycryptodom GT=ChaCha20   PRED=AES-256      (3.1s)
  ❌ tier3      standard     ChaCha20_0012_openssl.bin GT=ChaCha20   PRED=AES-256      (2.5s)
  ❌ tier3      tier3_raw    ChaCha20_0012_openssl.bin GT=ChaCha20   PRED=AES-256      (3.8s)
  ❌ tier3      standard     ChaCha20_0013_pycryptodom GT=ChaCha20   PRED=AES-256      (2.9s)
  ❌ tier3      tier3_raw    ChaCha20_0013_pycryptodom GT=ChaCha20   PRED=AES-256      (2.6s)
  ❌ tier3      standard     ChaCha20_0014_openssl.bin GT=ChaCha20   PRED=AES-256      (3.1s)
  ❌ tier3      tier3_raw    ChaCha20_0014_openssl.bin GT=ChaCha20   PRED=AES-256      (6.7s)
  ❌ tier3      standard     ChaCha20_0015_openssl.bin GT=ChaCha20   PRED=RSA-2048     (4.9s)
  ⚠️ tier3      tier3_raw    ChaCha20_0015_openssl.bin GT=ChaCha20   PRED=UNKNOWN      (2.4s)
  ❌ tier3      standard     ChaCha20_0016_openssl.bin GT=ChaCha20   PRED=AES-256      (3.6s)
  ❌ tier3      tier3_raw    ChaCha20_0016_openssl.bin GT=ChaCha20   PRED=AES-256      (2.6s)
  ❌ tier3      standard     ChaCha20_0017_openssl.bin GT=ChaCha20   PRED=AES-256      (2.9s)
  ❌ tier3      tier3_raw    ChaCha20_0017_openssl.bin GT=ChaCha20   PRED=AES-256      (2.9s)
  ❌ tier3      standard     ChaCha20_0018_pycryptodom GT=ChaCha20   PRED=AES-256      (3.2s)
  ❌ tier3      tier3_raw    ChaCha20_0018_pycryptodom GT=ChaCha20   PRED=ML-KEM-768   (3.0s)
  ❌ tier3      standard     ChaCha20_0019_openssl.bin GT=ChaCha20   PRED=AES-256      (2.9s)
  ❌ tier3      tier3_raw    ChaCha20_0019_openssl.bin GT=ChaCha20   PRED=AES-256      (4.0s)
  ❌ tier3      standard     ChaCha20_0020_openssl.bin GT=ChaCha20   PRED=AES-256      (2.9s)
  ❌ tier3      tier3_raw    ChaCha20_0020_openssl.bin GT=ChaCha20   PRED=AES-256      (3.3s)
  ❌ tier3      standard     DES_0001_pycryptodome.bin GT=DES        PRED=AES-128      (3.8s)
  ❌ tier3      tier3_raw    DES_0001_pycryptodome.bin GT=DES        PRED=AES-256      (2.8s)
  ❌ tier3      standard     DES_0002_openssl.bin      GT=DES        PRED=AES-256      (2.9s)
  ❌ tier3      tier3_raw    DES_0002_openssl.bin      GT=DES        PRED=AES-256      (2.9s)
  ❌ tier3      standard     DES_0003_openssl.bin      GT=DES        PRED=AES-256      (2.8s)
  ❌ tier3      tier3_raw    DES_0003_openssl.bin      GT=DES        PRED=AES-256      (3.3s)
  ❌ tier3      standard     DES_0004_openssl.bin      GT=DES        PRED=AES-256      (3.0s)
  ❌ tier3      tier3_raw    DES_0004_openssl.bin      GT=DES        PRED=ChaCha20     (2.8s)
  ❌ tier3      standard     DES_0005_pycryptodome.bin GT=DES        PRED=AES-256      (3.4s)
  ❌ tier3      tier3_raw    DES_0005_pycryptodome.bin GT=DES        PRED=ChaCha20     (3.1s)
  ❌ tier3      standard     DES_0006_openssl.bin      GT=DES        PRED=ML-KEM-768   (4.6s)
  ❌ tier3      tier3_raw    DES_0006_openssl.bin      GT=DES        PRED=AES-128      (3.2s)
  ❌ tier3      standard     DES_0007_openssl.bin      GT=DES        PRED=RSA-2048     (3.3s)
  ❌ tier3      tier3_raw    DES_0007_openssl.bin      GT=DES        PRED=RSA-2048     (2.7s)
  ❌ tier3      standard     DES_0008_pycryptodome.bin GT=DES        PRED=AES-256      (3.0s)
  ❌ tier3      tier3_raw    DES_0008_pycryptodome.bin GT=DES        PRED=AES-256      (3.7s)
  ❌ tier3      standard     DES_0009_pycryptodome.bin GT=DES        PRED=AES-256      (2.8s)
  ❌ tier3      tier3_raw    DES_0009_pycryptodome.bin GT=DES        PRED=AES-256      (3.2s)
  ❌ tier3      standard     DES_0010_openssl.bin      GT=DES        PRED=AES-256      (3.1s)
  ❌ tier3      tier3_raw    DES_0010_openssl.bin      GT=DES        PRED=AES-128      (3.5s)
  ❌ tier3      standard     DES_0011_openssl.bin      GT=DES        PRED=AES-256      (3.0s)
  ❌ tier3      tier3_raw    DES_0011_openssl.bin      GT=DES        PRED=AES-256      (2.7s)
  ❌ tier3      standard     DES_0012_pycryptodome.bin GT=DES        PRED=AES-256      (2.8s)
  ❌ tier3      tier3_raw    DES_0012_pycryptodome.bin GT=DES        PRED=AES-256      (3.0s)
  ❌ tier3      standard     DES_0013_pycryptodome.bin GT=DES        PRED=AES-256      (2.6s)
  ❌ tier3      tier3_raw    DES_0013_pycryptodome.bin GT=DES        PRED=AES-256      (2.8s)
  ❌ tier3      standard     DES_0014_pycryptodome.bin GT=DES        PRED=AES-256      (3.3s)
  ❌ tier3      tier3_raw    DES_0014_pycryptodome.bin GT=DES        PRED=AES-256      (3.4s)
  ❌ tier3      standard     DES_0015_openssl.bin      GT=DES        PRED=ChaCha20     (2.9s)
  ❌ tier3      tier3_raw    DES_0015_openssl.bin      GT=DES        PRED=AES-256      (2.4s)
  ❌ tier3      standard     DES_0016_pycryptodome.bin GT=DES        PRED=ML-KEM-768   (3.7s)
  ❌ tier3      tier3_raw    DES_0016_pycryptodome.bin GT=DES        PRED=AES-128      (3.0s)
  ❌ tier3      standard     DES_0017_openssl.bin      GT=DES        PRED=ML-KEM-768   (3.3s)
  ❌ tier3      tier3_raw    DES_0017_openssl.bin      GT=DES        PRED=AES-128      (3.1s)
  ❌ tier3      standard     DES_0018_pycryptodome.bin GT=DES        PRED=AES-256      (2.9s)
  ❌ tier3      tier3_raw    DES_0018_pycryptodome.bin GT=DES        PRED=AES-128      (2.9s)
  ❌ tier3      standard     DES_0019_openssl.bin      GT=DES        PRED=AES-128      (2.8s)
  ❌ tier3      tier3_raw    DES_0019_openssl.bin      GT=DES        PRED=AES-256      (4.5s)
  ❌ tier3      standard     DES_0020_pycryptodome.bin GT=DES        PRED=AES-256      (3.1s)
  ❌ tier3      tier3_raw    DES_0020_pycryptodome.bin GT=DES        PRED=AES-128      (2.5s)
  ❌ tier3      standard     ML-KEM-768_0001_openssl.b GT=ML-KEM-768 PRED=AES-256      (3.6s)
  ❌ tier3      tier3_raw    ML-KEM-768_0001_openssl.b GT=ML-KEM-768 PRED=AES-256      (4.0s)
  ❌ tier3      standard     ML-KEM-768_0002_openssl.b GT=ML-KEM-768 PRED=AES-256      (3.6s)
  ❌ tier3      tier3_raw    ML-KEM-768_0002_openssl.b GT=ML-KEM-768 PRED=AES-128      (3.6s)
  ❌ tier3      standard     ML-KEM-768_0003_openssl.b GT=ML-KEM-768 PRED=AES-256      (2.7s)
  ✅ tier3      tier3_raw    ML-KEM-768_0003_openssl.b GT=ML-KEM-768 PRED=ML-KEM-768   (3.2s)
  ❌ tier3      standard     ML-KEM-768_0004_openssl.b GT=ML-KEM-768 PRED=AES-128      (3.4s)
  ❌ tier3      tier3_raw    ML-KEM-768_0004_openssl.b GT=ML-KEM-768 PRED=AES-256      (3.0s)
  ❌ tier3      standard     ML-KEM-768_0005_openssl.b GT=ML-KEM-768 PRED=AES-256      (3.2s)
  ❌ tier3      tier3_raw    ML-KEM-768_0005_openssl.b GT=ML-KEM-768 PRED=AES-256      (2.9s)
  ❌ tier3      standard     ML-KEM-768_0006_openssl.b GT=ML-KEM-768 PRED=AES-256      (3.8s)
  ❌ tier3      tier3_raw    ML-KEM-768_0006_openssl.b GT=ML-KEM-768 PRED=AES-256      (3.3s)
  ❌ tier3      standard     ML-KEM-768_0007_openssl.b GT=ML-KEM-768 PRED=AES-256      (3.3s)
  ❌ tier3      tier3_raw    ML-KEM-768_0007_openssl.b GT=ML-KEM-768 PRED=AES-256      (3.3s)
  ❌ tier3      standard     ML-KEM-768_0008_openssl.b GT=ML-KEM-768 PRED=AES-256      (2.9s)
  ❌ tier3      tier3_raw    ML-KEM-768_0008_openssl.b GT=ML-KEM-768 PRED=AES-256      (2.9s)
  ✅ tier3      standard     ML-KEM-768_0009_openssl.b GT=ML-KEM-768 PRED=ML-KEM-768   (2.8s)
  ❌ tier3      tier3_raw    ML-KEM-768_0009_openssl.b GT=ML-KEM-768 PRED=AES-256      (3.2s)
  ❌ tier3      standard     ML-KEM-768_0010_openssl.b GT=ML-KEM-768 PRED=AES-256      (3.6s)
  ✅ tier3      tier3_raw    ML-KEM-768_0010_openssl.b GT=ML-KEM-768 PRED=ML-KEM-768   (3.2s)
  ❌ tier3      standard     ML-KEM-768_0011_openssl.b GT=ML-KEM-768 PRED=AES-256      (3.0s)
  ❌ tier3      tier3_raw    ML-KEM-768_0011_openssl.b GT=ML-KEM-768 PRED=AES-256      (3.0s)
  ❌ tier3      standard     ML-KEM-768_0012_openssl.b GT=ML-KEM-768 PRED=AES-256      (4.4s)
  ✅ tier3      tier3_raw    ML-KEM-768_0012_openssl.b GT=ML-KEM-768 PRED=ML-KEM-768   (1.9s)
  ❌ tier3      standard     ML-KEM-768_0013_openssl.b GT=ML-KEM-768 PRED=RSA-2048     (3.0s)
  ✅ tier3      tier3_raw    ML-KEM-768_0013_openssl.b GT=ML-KEM-768 PRED=ML-KEM-768   (3.1s)
  ✅ tier3      standard     ML-KEM-768_0014_openssl.b GT=ML-KEM-768 PRED=ML-KEM-768   (2.8s)
  ❌ tier3      tier3_raw    ML-KEM-768_0014_openssl.b GT=ML-KEM-768 PRED=AES-128      (5.9s)
  ❌ tier3      standard     ML-KEM-768_0015_openssl.b GT=ML-KEM-768 PRED=AES-256      (3.1s)
  ✅ tier3      tier3_raw    ML-KEM-768_0015_openssl.b GT=ML-KEM-768 PRED=ML-KEM-768   (2.6s)
  ✅ tier3      standard     ML-KEM-768_0016_openssl.b GT=ML-KEM-768 PRED=ML-KEM-768   (3.3s)
  ❌ tier3      tier3_raw    ML-KEM-768_0016_openssl.b GT=ML-KEM-768 PRED=AES-256      (4.2s)
  ✅ tier3      standard     ML-KEM-768_0017_openssl.b GT=ML-KEM-768 PRED=ML-KEM-768   (2.8s)
  ❌ tier3      tier3_raw    ML-KEM-768_0017_openssl.b GT=ML-KEM-768 PRED=AES-256      (4.3s)
  ✅ tier3      standard     ML-KEM-768_0018_openssl.b GT=ML-KEM-768 PRED=ML-KEM-768   (3.1s)
  ❌ tier3      tier3_raw    ML-KEM-768_0018_openssl.b GT=ML-KEM-768 PRED=AES-256      (2.5s)
  ✅ tier3      standard     ML-KEM-768_0019_openssl.b GT=ML-KEM-768 PRED=ML-KEM-768   (2.8s)
  ❌ tier3      tier3_raw    ML-KEM-768_0019_openssl.b GT=ML-KEM-768 PRED=AES-128      (2.7s)
  ❌ tier3      standard     ML-KEM-768_0020_openssl.b GT=ML-KEM-768 PRED=AES-256      (5.4s)
  ❌ tier3      tier3_raw    ML-KEM-768_0020_openssl.b GT=ML-KEM-768 PRED=AES-256      (2.4s)
  ❌ tier3      standard     RSA-2048_0001_pycryptodom GT=RSA-2048   PRED=AES-256      (2.9s)
  ❌ tier3      tier3_raw    RSA-2048_0001_pycryptodom GT=RSA-2048   PRED=AES-256      (3.1s)
  ❌ tier3      standard     RSA-2048_0002_pycryptodom GT=RSA-2048   PRED=AES-256      (5.6s)
  ✅ tier3      tier3_raw    RSA-2048_0002_pycryptodom GT=RSA-2048   PRED=RSA-2048     (1.8s)
  ✅ tier3      standard     RSA-2048_0003_openssl.bin GT=RSA-2048   PRED=RSA-2048     (2.2s)
  ❌ tier3      tier3_raw    RSA-2048_0003_openssl.bin GT=RSA-2048   PRED=AES-128      (2.7s)
  ✅ tier3      standard     RSA-2048_0004_openssl.bin GT=RSA-2048   PRED=RSA-2048     (2.6s)
  ✅ tier3      tier3_raw    RSA-2048_0004_openssl.bin GT=RSA-2048   PRED=RSA-2048     (2.4s)
  ❌ tier3      standard     RSA-2048_0005_pycryptodom GT=RSA-2048   PRED=AES-256      (2.6s)
  ❌ tier3      tier3_raw    RSA-2048_0005_pycryptodom GT=RSA-2048   PRED=AES-256      (5.0s)
  ❌ tier3      standard     RSA-2048_0006_pycryptodom GT=RSA-2048   PRED=AES-256      (2.6s)
  ❌ tier3      tier3_raw    RSA-2048_0006_pycryptodom GT=RSA-2048   PRED=AES-256      (2.8s)
  ❌ tier3      standard     RSA-2048_0007_pycryptodom GT=RSA-2048   PRED=AES-256      (2.6s)
  ❌ tier3      tier3_raw    RSA-2048_0007_pycryptodom GT=RSA-2048   PRED=AES-256      (3.1s)
  ❌ tier3      standard     RSA-2048_0008_openssl.bin GT=RSA-2048   PRED=AES-256      (6.8s)
  ❌ tier3      tier3_raw    RSA-2048_0008_openssl.bin GT=RSA-2048   PRED=AES-128      (3.2s)
  ❌ tier3      standard     RSA-2048_0009_openssl.bin GT=RSA-2048   PRED=AES-256      (4.1s)
  ❌ tier3      tier3_raw    RSA-2048_0009_openssl.bin GT=RSA-2048   PRED=AES-256      (3.2s)
  ❌ tier3      standard     RSA-2048_0010_pycryptodom GT=RSA-2048   PRED=AES-256      (3.5s)
  ❌ tier3      tier3_raw    RSA-2048_0010_pycryptodom GT=RSA-2048   PRED=AES-256      (3.0s)
  ❌ tier3      standard     RSA-2048_0011_pycryptodom GT=RSA-2048   PRED=AES-256      (3.1s)
  ❌ tier3      tier3_raw    RSA-2048_0011_pycryptodom GT=RSA-2048   PRED=AES-256      (4.5s)
  ❌ tier3      standard     RSA-2048_0012_openssl.bin GT=RSA-2048   PRED=AES-256      (3.5s)
  ✅ tier3      tier3_raw    RSA-2048_0012_openssl.bin GT=RSA-2048   PRED=RSA-2048     (2.9s)
  ❌ tier3      standard     RSA-2048_0013_pycryptodom GT=RSA-2048   PRED=AES-256      (3.4s)
  ❌ tier3      tier3_raw    RSA-2048_0013_pycryptodom GT=RSA-2048   PRED=AES-256      (4.8s)
  ❌ tier3      standard     RSA-2048_0014_pycryptodom GT=RSA-2048   PRED=AES-256      (88.4s)
  ❌ tier3      tier3_raw    RSA-2048_0014_pycryptodom GT=RSA-2048   PRED=AES-256      (5.0s)
  ❌ tier3      standard     RSA-2048_0015_pycryptodom GT=RSA-2048   PRED=AES-256      (2.4s)
  ❌ tier3      tier3_raw    RSA-2048_0015_pycryptodom GT=RSA-2048   PRED=AES-256      (3.6s)
  ✅ tier3      standard     RSA-2048_0016_openssl.bin GT=RSA-2048   PRED=RSA-2048     (2.8s)
  ❌ tier3      tier3_raw    RSA-2048_0016_openssl.bin GT=RSA-2048   PRED=AES-256      (2.8s)
  ✅ tier3      standard     RSA-2048_0017_openssl.bin GT=RSA-2048   PRED=RSA-2048     (2.5s)
  ❌ tier3      tier3_raw    RSA-2048_0017_openssl.bin GT=RSA-2048   PRED=AES-256      (3.9s)
  ❌ tier3      standard     RSA-2048_0018_openssl.bin GT=RSA-2048   PRED=AES-256      (3.1s)
  ❌ tier3      tier3_raw    RSA-2048_0018_openssl.bin GT=RSA-2048   PRED=AES-256      (3.4s)
  ✅ tier3      standard     RSA-2048_0019_openssl.bin GT=RSA-2048   PRED=RSA-2048     (2.5s)
  ❌ tier3      tier3_raw    RSA-2048_0019_openssl.bin GT=RSA-2048   PRED=AES-256      (3.1s)
  ✅ tier3      standard     RSA-2048_0020_openssl.bin GT=RSA-2048   PRED=RSA-2048     (2.9s)
  ❌ tier3      tier3_raw    RSA-2048_0020_openssl.bin GT=RSA-2048   PRED=AES-256      (2.8s)
  ✓ tier3_raw complete for gpt-oss:120b-cloud
  ❌ tier4a     standard     3DES_0001_openssl.bin     GT=3DES       PRED=ML-KEM-768   (4.4s)
  ❌ tier4a     standard     3DES_0002_openssl.bin     GT=3DES       PRED=AES-128      (2.8s)
  ❌ tier4a     standard     3DES_0003_pycryptodome.bi GT=3DES       PRED=ML-KEM-768   (2.9s)
  ❌ tier4a     standard     3DES_0004_pycryptodome.bi GT=3DES       PRED=AES-256      (2.7s)
  ❌ tier4a     standard     3DES_0005_openssl.bin     GT=3DES       PRED=ChaCha20     (2.0s)
  ❌ tier4a     standard     3DES_0006_pycryptodome.bi GT=3DES       PRED=AES-256      (2.4s)
  ❌ tier4a     standard     3DES_0007_openssl.bin     GT=3DES       PRED=AES-256      (3.1s)
  ❌ tier4a     standard     3DES_0008_pycryptodome.bi GT=3DES       PRED=RSA-2048     (2.9s)
  ❌ tier4a     standard     3DES_0009_openssl.bin     GT=3DES       PRED=AES-256      (3.1s)
  ❌ tier4a     standard     3DES_0010_pycryptodome.bi GT=3DES       PRED=AES-256      (2.8s)
  ❌ tier4a     standard     3DES_0011_pycryptodome.bi GT=3DES       PRED=AES-256      (3.0s)
  ❌ tier4a     standard     3DES_0012_openssl.bin     GT=3DES       PRED=AES-128      (2.4s)
  ❌ tier4a     standard     3DES_0013_openssl.bin     GT=3DES       PRED=RSA-2048     (2.9s)
  ❌ tier4a     standard     3DES_0014_openssl.bin     GT=3DES       PRED=AES-128      (3.3s)
  ❌ tier4a     standard     3DES_0015_pycryptodome.bi GT=3DES       PRED=AES-256      (2.9s)
  ❌ tier4a     standard     3DES_0016_openssl.bin     GT=3DES       PRED=ChaCha20     (2.9s)
  ❌ tier4a     standard     3DES_0017_openssl.bin     GT=3DES       PRED=RSA-2048     (3.0s)
  ❌ tier4a     standard     3DES_0018_pycryptodome.bi GT=3DES       PRED=RSA-2048     (3.4s)
  ❌ tier4a     standard     3DES_0019_pycryptodome.bi GT=3DES       PRED=ML-KEM-768   (2.9s)
  ❌ tier4a     standard     3DES_0020_openssl.bin     GT=3DES       PRED=AES-256      (5.7s)
  ❌ tier4a     standard     AES-128_0001_openssl.bin  GT=AES-128    PRED=AES-256      (3.3s)
  ❌ tier4a     standard     AES-128_0002_pycryptodome GT=AES-128    PRED=AES-256      (4.2s)
  ❌ tier4a     standard     AES-128_0003_pycryptodome GT=AES-128    PRED=AES-256      (4.3s)
  ❌ tier4a     standard     AES-128_0004_openssl.bin  GT=AES-128    PRED=AES-256      (3.1s)
  ❌ tier4a     standard     AES-128_0005_openssl.bin  GT=AES-128    PRED=AES-256      (2.6s)
  ❌ tier4a     standard     AES-128_0006_pycryptodome GT=AES-128    PRED=3DES         (3.0s)
  ❌ tier4a     standard     AES-128_0007_pycryptodome GT=AES-128    PRED=AES-256      (2.3s)
  ❌ tier4a     standard     AES-128_0008_pycryptodome GT=AES-128    PRED=AES-256      (3.1s)
  ❌ tier4a     standard     AES-128_0009_openssl.bin  GT=AES-128    PRED=AES-256      (2.9s)
  ❌ tier4a     standard     AES-128_0010_openssl.bin  GT=AES-128    PRED=AES-256      (3.6s)
  ❌ tier4a     standard     AES-128_0011_pycryptodome GT=AES-128    PRED=AES-256      (2.5s)
  ❌ tier4a     standard     AES-128_0012_pycryptodome GT=AES-128    PRED=AES-256      (3.8s)
  ❌ tier4a     standard     AES-128_0013_openssl.bin  GT=AES-128    PRED=RSA-2048     (3.3s)
  ❌ tier4a     standard     AES-128_0014_openssl.bin  GT=AES-128    PRED=AES-256      (3.6s)
  ❌ tier4a     standard     AES-128_0015_pycryptodome GT=AES-128    PRED=AES-256      (3.3s)
  ❌ tier4a     standard     AES-128_0016_openssl.bin  GT=AES-128    PRED=AES-256      (3.4s)
  ❌ tier4a     standard     AES-128_0017_pycryptodome GT=AES-128    PRED=AES-256      (2.8s)
  ❌ tier4a     standard     AES-128_0018_openssl.bin  GT=AES-128    PRED=AES-256      (2.9s)
  ❌ tier4a     standard     AES-128_0019_pycryptodome GT=AES-128    PRED=AES-256      (4.4s)
  ❌ tier4a     standard     AES-128_0020_pycryptodome GT=AES-128    PRED=AES-256      (2.9s)
  ✅ tier4a     standard     AES-256_0001_openssl.bin  GT=AES-256    PRED=AES-256      (2.6s)
  ✅ tier4a     standard     AES-256_0002_openssl.bin  GT=AES-256    PRED=AES-256      (3.0s)
  ✅ tier4a     standard     AES-256_0003_openssl.bin  GT=AES-256    PRED=AES-256      (3.1s)
  ✅ tier4a     standard     AES-256_0004_openssl.bin  GT=AES-256    PRED=AES-256      (2.7s)
  ✅ tier4a     standard     AES-256_0005_openssl.bin  GT=AES-256    PRED=AES-256      (2.5s)
  ✅ tier4a     standard     AES-256_0006_openssl.bin  GT=AES-256    PRED=AES-256      (2.7s)
  ✅ tier4a     standard     AES-256_0007_pycryptodome GT=AES-256    PRED=AES-256      (2.5s)
  ✅ tier4a     standard     AES-256_0008_pycryptodome GT=AES-256    PRED=AES-256      (2.3s)
  ✅ tier4a     standard     AES-256_0009_openssl.bin  GT=AES-256    PRED=AES-256      (2.5s)
  ✅ tier4a     standard     AES-256_0010_openssl.bin  GT=AES-256    PRED=AES-256      (3.0s)
  ✅ tier4a     standard     AES-256_0011_pycryptodome GT=AES-256    PRED=AES-256      (2.8s)
  ✅ tier4a     standard     AES-256_0012_pycryptodome GT=AES-256    PRED=AES-256      (3.2s)
  ✅ tier4a     standard     AES-256_0013_openssl.bin  GT=AES-256    PRED=AES-256      (3.1s)
  ✅ tier4a     standard     AES-256_0014_openssl.bin  GT=AES-256    PRED=AES-256      (2.5s)
  ✅ tier4a     standard     AES-256_0015_openssl.bin  GT=AES-256    PRED=AES-256      (2.7s)
  ✅ tier4a     standard     AES-256_0016_pycryptodome GT=AES-256    PRED=AES-256      (2.9s)
  ✅ tier4a     standard     AES-256_0017_openssl.bin  GT=AES-256    PRED=AES-256      (3.0s)
  ✅ tier4a     standard     AES-256_0018_openssl.bin  GT=AES-256    PRED=AES-256      (3.0s)
  ✅ tier4a     standard     AES-256_0019_pycryptodome GT=AES-256    PRED=AES-256      (2.5s)
  ✅ tier4a     standard     AES-256_0020_pycryptodome GT=AES-256    PRED=AES-256      (3.3s)
  ❌ tier4a     standard     ChaCha20_0001_openssl.bin GT=ChaCha20   PRED=AES-256      (2.7s)
  ❌ tier4a     standard     ChaCha20_0002_pycryptodom GT=ChaCha20   PRED=AES-256      (2.8s)
  ❌ tier4a     standard     ChaCha20_0003_openssl.bin GT=ChaCha20   PRED=AES-256      (2.6s)
  ❌ tier4a     standard     ChaCha20_0004_pycryptodom GT=ChaCha20   PRED=AES-256      (3.0s)
  ❌ tier4a     standard     ChaCha20_0005_openssl.bin GT=ChaCha20   PRED=AES-256      (3.4s)
  ❌ tier4a     standard     ChaCha20_0006_pycryptodom GT=ChaCha20   PRED=AES-256      (2.4s)
  ❌ tier4a     standard     ChaCha20_0007_pycryptodom GT=ChaCha20   PRED=AES-256      (3.4s)
  ❌ tier4a     standard     ChaCha20_0008_pycryptodom GT=ChaCha20   PRED=AES-256      (2.9s)
  ❌ tier4a     standard     ChaCha20_0009_pycryptodom GT=ChaCha20   PRED=AES-128      (5.9s)
  ❌ tier4a     standard     ChaCha20_0010_pycryptodom GT=ChaCha20   PRED=ML-KEM-768   (3.2s)
  ❌ tier4a     standard     ChaCha20_0011_pycryptodom GT=ChaCha20   PRED=AES-256      (2.3s)
  ❌ tier4a     standard     ChaCha20_0012_openssl.bin GT=ChaCha20   PRED=AES-128      (2.3s)
  ❌ tier4a     standard     ChaCha20_0013_pycryptodom GT=ChaCha20   PRED=AES-128      (2.7s)
  ❌ tier4a     standard     ChaCha20_0014_openssl.bin GT=ChaCha20   PRED=AES-256      (2.9s)
  ❌ tier4a     standard     ChaCha20_0015_openssl.bin GT=ChaCha20   PRED=AES-256      (3.3s)
  ❌ tier4a     standard     ChaCha20_0016_openssl.bin GT=ChaCha20   PRED=AES-256      (2.4s)
  ❌ tier4a     standard     ChaCha20_0017_openssl.bin GT=ChaCha20   PRED=AES-256      (3.1s)
  ❌ tier4a     standard     ChaCha20_0018_pycryptodom GT=ChaCha20   PRED=AES-256      (3.1s)
  ❌ tier4a     standard     ChaCha20_0019_openssl.bin GT=ChaCha20   PRED=AES-256      (3.5s)
  ❌ tier4a     standard     ChaCha20_0020_openssl.bin GT=ChaCha20   PRED=AES-128      (2.5s)
  ❌ tier4a     standard     DES_0001_pycryptodome.bin GT=DES        PRED=ChaCha20     (3.5s)
  ❌ tier4a     standard     DES_0002_openssl.bin      GT=DES        PRED=AES-128      (3.8s)
  ❌ tier4a     standard     DES_0003_openssl.bin      GT=DES        PRED=ML-KEM-768   (2.8s)
  ❌ tier4a     standard     DES_0004_openssl.bin      GT=DES        PRED=ChaCha20     (2.5s)
  ❌ tier4a     standard     DES_0005_pycryptodome.bin GT=DES        PRED=AES-256      (7.6s)
  ❌ tier4a     standard     DES_0006_openssl.bin      GT=DES        PRED=RSA-2048     (3.3s)
  ❌ tier4a     standard     DES_0007_openssl.bin      GT=DES        PRED=AES-256      (2.9s)
  ❌ tier4a     standard     DES_0008_pycryptodome.bin GT=DES        PRED=ChaCha20     (3.1s)
  ❌ tier4a     standard     DES_0009_pycryptodome.bin GT=DES        PRED=ChaCha20     (1.8s)
  ❌ tier4a     standard     DES_0010_openssl.bin      GT=DES        PRED=AES-256      (2.6s)
  ❌ tier4a     standard     DES_0011_openssl.bin      GT=DES        PRED=RSA-2048     (3.3s)
  ❌ tier4a     standard     DES_0012_pycryptodome.bin GT=DES        PRED=AES-256      (2.9s)
  ❌ tier4a     standard     DES_0013_pycryptodome.bin GT=DES        PRED=AES-128      (2.9s)
  ❌ tier4a     standard     DES_0014_pycryptodome.bin GT=DES        PRED=ML-KEM-768   (2.7s)
  ❌ tier4a     standard     DES_0015_openssl.bin      GT=DES        PRED=AES-256      (3.1s)
  ❌ tier4a     standard     DES_0016_pycryptodome.bin GT=DES        PRED=ML-KEM-768   (2.4s)
  ❌ tier4a     standard     DES_0017_openssl.bin      GT=DES        PRED=AES-128      (2.6s)
  ❌ tier4a     standard     DES_0018_pycryptodome.bin GT=DES        PRED=ML-KEM-768   (2.9s)
  ❌ tier4a     standard     DES_0019_openssl.bin      GT=DES        PRED=ML-KEM-768   (2.8s)
  ❌ tier4a     standard     DES_0020_pycryptodome.bin GT=DES        PRED=RSA-2048     (3.3s)
  ❌ tier4a     standard     ML-KEM-768_0001_openssl.b GT=ML-KEM-768 PRED=AES-256      (3.6s)
  ❌ tier4a     standard     ML-KEM-768_0002_openssl.b GT=ML-KEM-768 PRED=AES-256      (3.3s)
  ❌ tier4a     standard     ML-KEM-768_0003_openssl.b GT=ML-KEM-768 PRED=AES-128      (3.6s)
  ❌ tier4a     standard     ML-KEM-768_0004_openssl.b GT=ML-KEM-768 PRED=AES-128      (3.3s)
  ❌ tier4a     standard     ML-KEM-768_0005_openssl.b GT=ML-KEM-768 PRED=AES-256      (2.5s)
  ❌ tier4a     standard     ML-KEM-768_0006_openssl.b GT=ML-KEM-768 PRED=AES-256      (2.6s)
  ❌ tier4a     standard     ML-KEM-768_0007_openssl.b GT=ML-KEM-768 PRED=AES-256      (2.8s)
  ❌ tier4a     standard     ML-KEM-768_0008_openssl.b GT=ML-KEM-768 PRED=AES-256      (3.0s)
  ❌ tier4a     standard     ML-KEM-768_0009_openssl.b GT=ML-KEM-768 PRED=AES-256      (3.3s)
  ❌ tier4a     standard     ML-KEM-768_0010_openssl.b GT=ML-KEM-768 PRED=AES-256      (3.4s)
  ❌ tier4a     standard     ML-KEM-768_0011_openssl.b GT=ML-KEM-768 PRED=AES-256      (3.7s)
  ❌ tier4a     standard     ML-KEM-768_0012_openssl.b GT=ML-KEM-768 PRED=AES-256      (3.4s)
  ❌ tier4a     standard     ML-KEM-768_0013_openssl.b GT=ML-KEM-768 PRED=AES-256      (3.0s)
  ❌ tier4a     standard     ML-KEM-768_0014_openssl.b GT=ML-KEM-768 PRED=3DES         (3.0s)
  ❌ tier4a     standard     ML-KEM-768_0015_openssl.b GT=ML-KEM-768 PRED=ChaCha20     (2.6s)
  ❌ tier4a     standard     ML-KEM-768_0016_openssl.b GT=ML-KEM-768 PRED=AES-256      (2.6s)
  ❌ tier4a     standard     ML-KEM-768_0017_openssl.b GT=ML-KEM-768 PRED=AES-256      (2.7s)
  ❌ tier4a     standard     ML-KEM-768_0018_openssl.b GT=ML-KEM-768 PRED=AES-256      (2.2s)
  ❌ tier4a     standard     ML-KEM-768_0019_openssl.b GT=ML-KEM-768 PRED=AES-256      (3.5s)
  ❌ tier4a     standard     ML-KEM-768_0020_openssl.b GT=ML-KEM-768 PRED=RSA-2048     (3.1s)
  ❌ tier4a     standard     RSA-2048_0001_pycryptodom GT=RSA-2048   PRED=AES-256      (3.1s)
  ❌ tier4a     standard     RSA-2048_0002_pycryptodom GT=RSA-2048   PRED=AES-256      (2.9s)
  ❌ tier4a     standard     RSA-2048_0003_openssl.bin GT=RSA-2048   PRED=AES-256      (2.6s)
  ❌ tier4a     standard     RSA-2048_0004_openssl.bin GT=RSA-2048   PRED=AES-256      (2.9s)
  ❌ tier4a     standard     RSA-2048_0005_pycryptodom GT=RSA-2048   PRED=AES-256      (3.0s)
  ❌ tier4a     standard     RSA-2048_0006_pycryptodom GT=RSA-2048   PRED=AES-256      (3.1s)
  ❌ tier4a     standard     RSA-2048_0007_pycryptodom GT=RSA-2048   PRED=AES-256      (3.4s)
  ✅ tier4a     standard     RSA-2048_0008_openssl.bin GT=RSA-2048   PRED=RSA-2048     (3.2s)
  ❌ tier4a     standard     RSA-2048_0009_openssl.bin GT=RSA-2048   PRED=AES-256      (2.9s)
  ❌ tier4a     standard     RSA-2048_0010_pycryptodom GT=RSA-2048   PRED=AES-256      (2.5s)
  ❌ tier4a     standard     RSA-2048_0011_pycryptodom GT=RSA-2048   PRED=AES-256      (5.4s)
  ❌ tier4a     standard     RSA-2048_0012_openssl.bin GT=RSA-2048   PRED=AES-256      (3.2s)
  ❌ tier4a     standard     RSA-2048_0013_pycryptodom GT=RSA-2048   PRED=AES-256      (2.6s)
  ❌ tier4a     standard     RSA-2048_0014_pycryptodom GT=RSA-2048   PRED=AES-256      (2.4s)
  ❌ tier4a     standard     RSA-2048_0015_pycryptodom GT=RSA-2048   PRED=AES-256      (3.5s)
  ❌ tier4a     standard     RSA-2048_0016_openssl.bin GT=RSA-2048   PRED=AES-256      (2.8s)
  ❌ tier4a     standard     RSA-2048_0017_openssl.bin GT=RSA-2048   PRED=AES-256      (3.5s)
  ❌ tier4a     standard     RSA-2048_0018_openssl.bin GT=RSA-2048   PRED=AES-256      (3.1s)
  ❌ tier4a     standard     RSA-2048_0019_openssl.bin GT=RSA-2048   PRED=AES-256      (2.8s)
  ❌ tier4a     standard     RSA-2048_0020_openssl.bin GT=RSA-2048   PRED=AES-256      (2.8s)
  ✓ tier4a complete for gpt-oss:120b-cloud
  ❌ tier5      standard     3DES_0001_openssl.bin     GT=3DES       PRED=RSA-2048     (2.5s)
  ❌ tier5      standard     3DES_0002_openssl.bin     GT=3DES       PRED=AES-256      (2.9s)
  ❌ tier5      standard     3DES_0003_pycryptodome.bi GT=3DES       PRED=ChaCha20     (3.0s)
  ❌ tier5      standard     3DES_0004_pycryptodome.bi GT=3DES       PRED=AES-256      (2.7s)
  ❌ tier5      standard     3DES_0005_openssl.bin     GT=3DES       PRED=AES-256      (2.9s)
  ❌ tier5      standard     3DES_0006_pycryptodome.bi GT=3DES       PRED=AES-256      (2.8s)
  ❌ tier5      standard     3DES_0007_openssl.bin     GT=3DES       PRED=AES-256      (2.9s)
  ❌ tier5      standard     3DES_0008_pycryptodome.bi GT=3DES       PRED=AES-256      (2.8s)
  ❌ tier5      standard     3DES_0009_openssl.bin     GT=3DES       PRED=ChaCha20     (3.0s)
  ❌ tier5      standard     3DES_0010_pycryptodome.bi GT=3DES       PRED=ChaCha20     (3.2s)
  ✅ tier5      standard     3DES_0011_pycryptodome.bi GT=3DES       PRED=3DES         (2.9s)
  ✅ tier5      standard     3DES_0012_openssl.bin     GT=3DES       PRED=3DES         (2.9s)
  ❌ tier5      standard     3DES_0013_openssl.bin     GT=3DES       PRED=RSA-2048     (2.6s)
  ❌ tier5      standard     3DES_0014_openssl.bin     GT=3DES       PRED=DES          (2.6s)
  ❌ tier5      standard     3DES_0015_pycryptodome.bi GT=3DES       PRED=RSA-2048     (2.6s)
  ✅ tier5      standard     3DES_0016_openssl.bin     GT=3DES       PRED=3DES         (2.7s)
  ❌ tier5      standard     3DES_0017_openssl.bin     GT=3DES       PRED=ChaCha20     (2.8s)
  ❌ tier5      standard     3DES_0018_pycryptodome.bi GT=3DES       PRED=AES-256      (2.9s)
  ❌ tier5      standard     3DES_0019_pycryptodome.bi GT=3DES       PRED=ChaCha20     (2.9s)
  ❌ tier5      standard     3DES_0020_openssl.bin     GT=3DES       PRED=AES-256      (2.7s)
  ❌ tier5      standard     AES-128_0001_openssl.bin  GT=AES-128    PRED=RSA-2048     (5.3s)
  ❌ tier5      standard     AES-128_0002_pycryptodome GT=AES-128    PRED=AES-256      (4.6s)
  ❌ tier5      standard     AES-128_0003_pycryptodome GT=AES-128    PRED=AES-256      (2.9s)
  ❌ tier5      standard     AES-128_0004_openssl.bin  GT=AES-128    PRED=DES          (3.2s)
  ❌ tier5      standard     AES-128_0005_openssl.bin  GT=AES-128    PRED=ML-KEM-768   (2.9s)
  ❌ tier5      standard     AES-128_0006_pycryptodome GT=AES-128    PRED=ChaCha20     (2.7s)
  ❌ tier5      standard     AES-128_0007_pycryptodome GT=AES-128    PRED=AES-256      (3.3s)
  ❌ tier5      standard     AES-128_0008_pycryptodome GT=AES-128    PRED=AES-256      (3.2s)
  ❌ tier5      standard     AES-128_0009_openssl.bin  GT=AES-128    PRED=ChaCha20     (2.7s)
  ❌ tier5      standard     AES-128_0010_openssl.bin  GT=AES-128    PRED=ML-KEM-768   (3.1s)
  ❌ tier5      standard     AES-128_0011_pycryptodome GT=AES-128    PRED=AES-256      (3.2s)
  ❌ tier5      standard     AES-128_0012_pycryptodome GT=AES-128    PRED=AES-256      (3.0s)
  ❌ tier5      standard     AES-128_0013_openssl.bin  GT=AES-128    PRED=AES-256      (2.8s)
  ❌ tier5      standard     AES-128_0014_openssl.bin  GT=AES-128    PRED=AES-256      (2.5s)
  ❌ tier5      standard     AES-128_0015_pycryptodome GT=AES-128    PRED=ChaCha20     (3.2s)
  ❌ tier5      standard     AES-128_0016_openssl.bin  GT=AES-128    PRED=ML-KEM-768   (3.4s)
  ❌ tier5      standard     AES-128_0017_pycryptodome GT=AES-128    PRED=AES-256      (3.9s)
  ❌ tier5      standard     AES-128_0018_openssl.bin  GT=AES-128    PRED=ML-KEM-768   (8.1s)
  ❌ tier5      standard     AES-128_0019_pycryptodome GT=AES-128    PRED=AES-256      (4.3s)
  ❌ tier5      standard     AES-128_0020_pycryptodome GT=AES-128    PRED=AES-256      (4.8s)
  ✅ tier5      standard     AES-256_0001_openssl.bin  GT=AES-256    PRED=AES-256      (3.7s)
  ❌ tier5      standard     AES-256_0002_openssl.bin  GT=AES-256    PRED=ChaCha20     (3.4s)
  ✅ tier5      standard     AES-256_0003_openssl.bin  GT=AES-256    PRED=AES-256      (3.2s)
  ❌ tier5      standard     AES-256_0004_openssl.bin  GT=AES-256    PRED=ChaCha20     (3.2s)
  ❌ tier5      standard     AES-256_0005_openssl.bin  GT=AES-256    PRED=ChaCha20     (2.8s)
  ❌ tier5      standard     AES-256_0006_openssl.bin  GT=AES-256    PRED=ChaCha20     (3.2s)
  ❌ tier5      standard     AES-256_0007_pycryptodome GT=AES-256    PRED=3DES         (3.8s)
  ❌ tier5      standard     AES-256_0008_pycryptodome GT=AES-256    PRED=ChaCha20     (3.6s)
  ❌ tier5      standard     AES-256_0009_openssl.bin  GT=AES-256    PRED=ChaCha20     (2.9s)
  ❌ tier5      standard     AES-256_0010_openssl.bin  GT=AES-256    PRED=RSA-2048     (3.3s)
  ✅ tier5      standard     AES-256_0011_pycryptodome GT=AES-256    PRED=AES-256      (3.3s)
  ✅ tier5      standard     AES-256_0012_pycryptodome GT=AES-256    PRED=AES-256      (3.5s)
  ✅ tier5      standard     AES-256_0013_openssl.bin  GT=AES-256    PRED=AES-256      (2.8s)
  ✅ tier5      standard     AES-256_0014_openssl.bin  GT=AES-256    PRED=AES-256      (2.5s)
  ❌ tier5      standard     AES-256_0015_openssl.bin  GT=AES-256    PRED=ML-KEM-768   (3.1s)
  ❌ tier5      standard     AES-256_0016_pycryptodome GT=AES-256    PRED=AES-128      (3.2s)
  ❌ tier5      standard     AES-256_0017_openssl.bin  GT=AES-256    PRED=ChaCha20     (2.9s)
  ✅ tier5      standard     AES-256_0018_openssl.bin  GT=AES-256    PRED=AES-256      (3.0s)
  ✅ tier5      standard     AES-256_0019_pycryptodome GT=AES-256    PRED=AES-256      (3.2s)
  ❌ tier5      standard     AES-256_0020_pycryptodome GT=AES-256    PRED=ChaCha20     (2.7s)
  ❌ tier5      standard     ChaCha20_0001_openssl.bin GT=ChaCha20   PRED=AES-256      (2.9s)
  ❌ tier5      standard     ChaCha20_0002_pycryptodom GT=ChaCha20   PRED=ML-KEM-768   (3.2s)
  ❌ tier5      standard     ChaCha20_0003_openssl.bin GT=ChaCha20   PRED=AES-256      (2.8s)
  ❌ tier5      standard     ChaCha20_0004_pycryptodom GT=ChaCha20   PRED=AES-256      (2.5s)
  ❌ tier5      standard     ChaCha20_0005_openssl.bin GT=ChaCha20   PRED=RSA-2048     (2.6s)
  ❌ tier5      standard     ChaCha20_0006_pycryptodom GT=ChaCha20   PRED=AES-256      (2.6s)
  ❌ tier5      standard     ChaCha20_0007_pycryptodom GT=ChaCha20   PRED=AES-256      (3.6s)
  ❌ tier5      standard     ChaCha20_0008_pycryptodom GT=ChaCha20   PRED=AES-256      (2.6s)
  ❌ tier5      standard     ChaCha20_0009_pycryptodom GT=ChaCha20   PRED=DES          (2.7s)
  ✅ tier5      standard     ChaCha20_0010_pycryptodom GT=ChaCha20   PRED=ChaCha20     (2.6s)
  ❌ tier5      standard     ChaCha20_0011_pycryptodom GT=ChaCha20   PRED=AES-256      (2.8s)
  ❌ tier5      standard     ChaCha20_0012_openssl.bin GT=ChaCha20   PRED=ML-KEM-768   (2.4s)
  ❌ tier5      standard     ChaCha20_0013_pycryptodom GT=ChaCha20   PRED=AES-256      (2.7s)
  ❌ tier5      standard     ChaCha20_0014_openssl.bin GT=ChaCha20   PRED=AES-256      (3.0s)
  ❌ tier5      standard     ChaCha20_0015_openssl.bin GT=ChaCha20   PRED=RSA-2048     (2.8s)
  ❌ tier5      standard     ChaCha20_0016_openssl.bin GT=ChaCha20   PRED=AES-256      (2.5s)
  ❌ tier5      standard     ChaCha20_0017_openssl.bin GT=ChaCha20   PRED=AES-256      (3.1s)
  ❌ tier5      standard     ChaCha20_0018_pycryptodom GT=ChaCha20   PRED=AES-256      (3.3s)
  ❌ tier5      standard     ChaCha20_0019_openssl.bin GT=ChaCha20   PRED=AES-256      (2.9s)
  ❌ tier5      standard     ChaCha20_0020_openssl.bin GT=ChaCha20   PRED=AES-256      (2.8s)
  ❌ tier5      standard     DES_0001_pycryptodome.bin GT=DES        PRED=ChaCha20     (3.0s)
  ❌ tier5      standard     DES_0002_openssl.bin      GT=DES        PRED=ChaCha20     (2.8s)
  ❌ tier5      standard     DES_0003_openssl.bin      GT=DES        PRED=ChaCha20     (2.7s)
  ❌ tier5      standard     DES_0004_openssl.bin      GT=DES        PRED=AES-128      (3.0s)
  ❌ tier5      standard     DES_0005_pycryptodome.bin GT=DES        PRED=ChaCha20     (2.7s)
  ❌ tier5      standard     DES_0006_openssl.bin      GT=DES        PRED=3DES         (3.3s)
  ❌ tier5      standard     DES_0007_openssl.bin      GT=DES        PRED=RSA-2048     (2.7s)
  ✅ tier5      standard     DES_0008_pycryptodome.bin GT=DES        PRED=DES          (2.9s)
  ❌ tier5      standard     DES_0009_pycryptodome.bin GT=DES        PRED=AES-256      (2.7s)
  ✅ tier5      standard     DES_0010_openssl.bin      GT=DES        PRED=DES          (2.9s)
  ❌ tier5      standard     DES_0011_openssl.bin      GT=DES        PRED=RSA-2048     (2.8s)
  ❌ tier5      standard     DES_0012_pycryptodome.bin GT=DES        PRED=AES-256      (3.8s)
  ❌ tier5      standard     DES_0013_pycryptodome.bin GT=DES        PRED=AES-256      (3.6s)
  ❌ tier5      standard     DES_0014_pycryptodome.bin GT=DES        PRED=AES-256      (3.5s)
  ❌ tier5      standard     DES_0015_openssl.bin      GT=DES        PRED=ChaCha20     (2.9s)
  ❌ tier5      standard     DES_0016_pycryptodome.bin GT=DES        PRED=AES-256      (3.0s)
  ❌ tier5      standard     DES_0017_openssl.bin      GT=DES        PRED=ChaCha20     (2.9s)
  ❌ tier5      standard     DES_0018_pycryptodome.bin GT=DES        PRED=ChaCha20     (2.9s)
  ✅ tier5      standard     DES_0019_openssl.bin      GT=DES        PRED=DES          (2.9s)
  ❌ tier5      standard     DES_0020_pycryptodome.bin GT=DES        PRED=3DES         (3.1s)
  ❌ tier5      standard     ML-KEM-768_0001_openssl.b GT=ML-KEM-768 PRED=ChaCha20     (2.4s)
  ❌ tier5      standard     ML-KEM-768_0002_openssl.b GT=ML-KEM-768 PRED=AES-256      (2.6s)
  ❌ tier5      standard     ML-KEM-768_0003_openssl.b GT=ML-KEM-768 PRED=RSA-2048     (3.0s)
  ❌ tier5      standard     ML-KEM-768_0004_openssl.b GT=ML-KEM-768 PRED=RSA-2048     (3.8s)
  ❌ tier5      standard     ML-KEM-768_0005_openssl.b GT=ML-KEM-768 PRED=AES-256      (3.2s)
  ❌ tier5      standard     ML-KEM-768_0006_openssl.b GT=ML-KEM-768 PRED=3DES         (3.3s)
  ❌ tier5      standard     ML-KEM-768_0007_openssl.b GT=ML-KEM-768 PRED=3DES         (3.5s)
  ❌ tier5      standard     ML-KEM-768_0008_openssl.b GT=ML-KEM-768 PRED=3DES         (2.9s)
  ❌ tier5      standard     ML-KEM-768_0009_openssl.b GT=ML-KEM-768 PRED=AES-128      (3.5s)
  ❌ tier5      standard     ML-KEM-768_0010_openssl.b GT=ML-KEM-768 PRED=AES-256      (3.1s)
  ❌ tier5      standard     ML-KEM-768_0011_openssl.b GT=ML-KEM-768 PRED=ChaCha20     (4.3s)
  ❌ tier5      standard     ML-KEM-768_0012_openssl.b GT=ML-KEM-768 PRED=3DES         (2.9s)
  ❌ tier5      standard     ML-KEM-768_0013_openssl.b GT=ML-KEM-768 PRED=AES-256      (3.2s)
  ❌ tier5      standard     ML-KEM-768_0014_openssl.b GT=ML-KEM-768 PRED=AES-256      (2.8s)
  ❌ tier5      standard     ML-KEM-768_0015_openssl.b GT=ML-KEM-768 PRED=ChaCha20     (2.6s)
  ✅ tier5      standard     ML-KEM-768_0016_openssl.b GT=ML-KEM-768 PRED=ML-KEM-768   (4.9s)
  ❌ tier5      standard     ML-KEM-768_0017_openssl.b GT=ML-KEM-768 PRED=AES-256      (3.3s)
  ❌ tier5      standard     ML-KEM-768_0018_openssl.b GT=ML-KEM-768 PRED=DES          (3.7s)
  ❌ tier5      standard     ML-KEM-768_0019_openssl.b GT=ML-KEM-768 PRED=AES-128      (2.9s)
  ❌ tier5      standard     ML-KEM-768_0020_openssl.b GT=ML-KEM-768 PRED=DES          (4.4s)
  ❌ tier5      standard     RSA-2048_0001_pycryptodom GT=RSA-2048   PRED=AES-256      (3.8s)
  ❌ tier5      standard     RSA-2048_0002_pycryptodom GT=RSA-2048   PRED=AES-256      (2.7s)
  ✅ tier5      standard     RSA-2048_0003_openssl.bin GT=RSA-2048   PRED=RSA-2048     (2.8s)
  ❌ tier5      standard     RSA-2048_0004_openssl.bin GT=RSA-2048   PRED=AES-256      (2.8s)
  ❌ tier5      standard     RSA-2048_0005_pycryptodom GT=RSA-2048   PRED=AES-256      (3.2s)
  ✅ tier5      standard     RSA-2048_0006_pycryptodom GT=RSA-2048   PRED=RSA-2048     (2.9s)
  ❌ tier5      standard     RSA-2048_0007_pycryptodom GT=RSA-2048   PRED=AES-256      (2.2s)
  ❌ tier5      standard     RSA-2048_0008_openssl.bin GT=RSA-2048   PRED=AES-256      (2.4s)
  ❌ tier5      standard     RSA-2048_0009_openssl.bin GT=RSA-2048   PRED=AES-256      (2.6s)
  ❌ tier5      standard     RSA-2048_0010_pycryptodom GT=RSA-2048   PRED=AES-256      (3.0s)
  ✅ tier5      standard     RSA-2048_0011_pycryptodom GT=RSA-2048   PRED=RSA-2048     (5.0s)
  ❌ tier5      standard     RSA-2048_0012_openssl.bin GT=RSA-2048   PRED=ChaCha20     (3.1s)
  ❌ tier5      standard     RSA-2048_0013_pycryptodom GT=RSA-2048   PRED=AES-256      (3.5s)
  ❌ tier5      standard     RSA-2048_0014_pycryptodom GT=RSA-2048   PRED=DES          (2.5s)
  ✅ tier5      standard     RSA-2048_0015_pycryptodom GT=RSA-2048   PRED=RSA-2048     (2.9s)
  ❌ tier5      standard     RSA-2048_0016_openssl.bin GT=RSA-2048   PRED=AES-256      (2.5s)
  ❌ tier5      standard     RSA-2048_0017_openssl.bin GT=RSA-2048   PRED=AES-256      (3.4s)
  ❌ tier5      standard     RSA-2048_0018_openssl.bin GT=RSA-2048   PRED=AES-256      (4.5s)
  ❌ tier5      standard     RSA-2048_0019_openssl.bin GT=RSA-2048   PRED=ChaCha20     (3.3s)
  ❌ tier5      standard     RSA-2048_0020_openssl.bin GT=RSA-2048   PRED=AES-256      (3.4s)
  ✓ tier5 complete for gpt-oss:120b-cloud

[3/6] nemotron-3-super:cloud (delay=3.0s, max_tokens=500)
  ✅ tier1      standard     3DES_0001_openssl.bin     GT=3DES       PRED=3DES         (0.6s)
  ✅ tier1      standard     3DES_0002_openssl.bin     GT=3DES       PRED=3DES         (0.6s)
  ✅ tier1      standard     3DES_0003_pycryptodome.bi GT=3DES       PRED=3DES         (0.8s)
  ✅ tier1      standard     3DES_0004_pycryptodome.bi GT=3DES       PRED=3DES         (0.5s)
  ✅ tier1      standard     3DES_0005_openssl.bin     GT=3DES       PRED=3DES         (0.6s)
  ✅ tier1      standard     3DES_0006_pycryptodome.bi GT=3DES       PRED=3DES         (0.6s)
  ✅ tier1      standard     3DES_0007_openssl.bin     GT=3DES       PRED=3DES         (0.6s)
  ✅ tier1      standard     3DES_0008_pycryptodome.bi GT=3DES       PRED=3DES         (0.6s)
  ✅ tier1      standard     3DES_0009_openssl.bin     GT=3DES       PRED=3DES         (0.8s)
  ✅ tier1      standard     3DES_0010_pycryptodome.bi GT=3DES       PRED=3DES         (0.6s)
  ✅ tier1      standard     3DES_0011_pycryptodome.bi GT=3DES       PRED=3DES         (2.2s)
  ✅ tier1      standard     3DES_0012_openssl.bin     GT=3DES       PRED=3DES         (2.2s)
  ✅ tier1      standard     3DES_0013_openssl.bin     GT=3DES       PRED=3DES         (0.5s)
  ✅ tier1      standard     3DES_0014_openssl.bin     GT=3DES       PRED=3DES         (1.2s)
  ✅ tier1      standard     3DES_0015_pycryptodome.bi GT=3DES       PRED=3DES         (1.8s)
  ✅ tier1      standard     3DES_0016_openssl.bin     GT=3DES       PRED=3DES         (0.6s)
  ✅ tier1      standard     3DES_0017_openssl.bin     GT=3DES       PRED=3DES         (0.6s)
  ✅ tier1      standard     3DES_0018_pycryptodome.bi GT=3DES       PRED=3DES         (0.7s)
  ✅ tier1      standard     3DES_0019_pycryptodome.bi GT=3DES       PRED=3DES         (0.5s)
  ✅ tier1      standard     3DES_0020_openssl.bin     GT=3DES       PRED=3DES         (1.6s)
  ✅ tier1      standard     AES-128_0001_openssl.bin  GT=AES-128    PRED=AES-128      (0.6s)
  ✅ tier1      standard     AES-128_0002_pycryptodome GT=AES-128    PRED=AES-128      (3.0s)
  ✅ tier1      standard     AES-128_0003_pycryptodome GT=AES-128    PRED=AES-128      (0.6s)
  ✅ tier1      standard     AES-128_0004_openssl.bin  GT=AES-128    PRED=AES-128      (1.1s)
  ✅ tier1      standard     AES-128_0005_openssl.bin  GT=AES-128    PRED=AES-128      (0.7s)
  ✅ tier1      standard     AES-128_0006_pycryptodome GT=AES-128    PRED=AES-128      (0.6s)
  ✅ tier1      standard     AES-128_0007_pycryptodome GT=AES-128    PRED=AES-128      (0.6s)
  ✅ tier1      standard     AES-128_0008_pycryptodome GT=AES-128    PRED=AES-128      (1.3s)
  ✅ tier1      standard     AES-128_0009_openssl.bin  GT=AES-128    PRED=AES-128      (0.7s)
  ✅ tier1      standard     AES-128_0010_openssl.bin  GT=AES-128    PRED=AES-128      (1.3s)
  ✅ tier1      standard     AES-128_0011_pycryptodome GT=AES-128    PRED=AES-128      (1.3s)
  ✅ tier1      standard     AES-128_0012_pycryptodome GT=AES-128    PRED=AES-128      (2.4s)
  ✅ tier1      standard     AES-128_0013_openssl.bin  GT=AES-128    PRED=AES-128      (1.7s)
  ✅ tier1      standard     AES-128_0014_openssl.bin  GT=AES-128    PRED=AES-128      (0.6s)
  ✅ tier1      standard     AES-128_0015_pycryptodome GT=AES-128    PRED=AES-128      (0.8s)
  ✅ tier1      standard     AES-128_0016_openssl.bin  GT=AES-128    PRED=AES-128      (0.6s)
  ✅ tier1      standard     AES-128_0017_pycryptodome GT=AES-128    PRED=AES-128      (0.7s)
  ✅ tier1      standard     AES-128_0018_openssl.bin  GT=AES-128    PRED=AES-128      (0.7s)
  ✅ tier1      standard     AES-128_0019_pycryptodome GT=AES-128    PRED=AES-128      (0.6s)
  ✅ tier1      standard     AES-128_0020_pycryptodome GT=AES-128    PRED=AES-128      (1.4s)
  ✅ tier1      standard     AES-256_0001_openssl.bin  GT=AES-256    PRED=AES-256      (0.8s)
  ✅ tier1      standard     AES-256_0002_openssl.bin  GT=AES-256    PRED=AES-256      (0.6s)
  ✅ tier1      standard     AES-256_0003_openssl.bin  GT=AES-256    PRED=AES-256      (0.9s)
  ✅ tier1      standard     AES-256_0004_openssl.bin  GT=AES-256    PRED=AES-256      (0.6s)
  ✅ tier1      standard     AES-256_0005_openssl.bin  GT=AES-256    PRED=AES-256      (0.6s)
  ✅ tier1      standard     AES-256_0006_openssl.bin  GT=AES-256    PRED=AES-256      (0.5s)
  ✅ tier1      standard     AES-256_0007_pycryptodome GT=AES-256    PRED=AES-256      (1.0s)
  ✅ tier1      standard     AES-256_0008_pycryptodome GT=AES-256    PRED=AES-256      (0.6s)
  ✅ tier1      standard     AES-256_0009_openssl.bin  GT=AES-256    PRED=AES-256      (0.7s)
  ✅ tier1      standard     AES-256_0010_openssl.bin  GT=AES-256    PRED=AES-256      (1.1s)
  ✅ tier1      standard     AES-256_0011_pycryptodome GT=AES-256    PRED=AES-256      (1.5s)
  ✅ tier1      standard     AES-256_0012_pycryptodome GT=AES-256    PRED=AES-256      (30.8s)
  ✅ tier1      standard     AES-256_0013_openssl.bin  GT=AES-256    PRED=AES-256      (1.0s)
  ✅ tier1      standard     AES-256_0014_openssl.bin  GT=AES-256    PRED=AES-256      (0.7s)
  ✅ tier1      standard     AES-256_0015_openssl.bin  GT=AES-256    PRED=AES-256      (0.7s)
  ✅ tier1      standard     AES-256_0016_pycryptodome GT=AES-256    PRED=AES-256      (0.8s)
  ✅ tier1      standard     AES-256_0017_openssl.bin  GT=AES-256    PRED=AES-256      (2.2s)
  ✅ tier1      standard     AES-256_0018_openssl.bin  GT=AES-256    PRED=AES-256      (0.6s)
  ✅ tier1      standard     AES-256_0019_pycryptodome GT=AES-256    PRED=AES-256      (0.7s)
  ✅ tier1      standard     AES-256_0020_pycryptodome GT=AES-256    PRED=AES-256      (1.7s)
  ✅ tier1      standard     ChaCha20_0001_openssl.bin GT=ChaCha20   PRED=ChaCha20     (1.0s)
  ✅ tier1      standard     ChaCha20_0002_pycryptodom GT=ChaCha20   PRED=ChaCha20     (0.6s)
  ✅ tier1      standard     ChaCha20_0003_openssl.bin GT=ChaCha20   PRED=ChaCha20     (0.8s)
  ✅ tier1      standard     ChaCha20_0004_pycryptodom GT=ChaCha20   PRED=ChaCha20     (2.6s)
  ✅ tier1      standard     ChaCha20_0005_openssl.bin GT=ChaCha20   PRED=ChaCha20     (0.5s)
  ✅ tier1      standard     ChaCha20_0006_pycryptodom GT=ChaCha20   PRED=ChaCha20     (0.6s)
  ✅ tier1      standard     ChaCha20_0007_pycryptodom GT=ChaCha20   PRED=ChaCha20     (0.6s)
  ✅ tier1      standard     ChaCha20_0008_pycryptodom GT=ChaCha20   PRED=ChaCha20     (0.6s)
  ✅ tier1      standard     ChaCha20_0009_pycryptodom GT=ChaCha20   PRED=ChaCha20     (0.8s)
  ✅ tier1      standard     ChaCha20_0010_pycryptodom GT=ChaCha20   PRED=ChaCha20     (0.6s)
  ✅ tier1      standard     ChaCha20_0011_pycryptodom GT=ChaCha20   PRED=ChaCha20     (0.7s)
  ✅ tier1      standard     ChaCha20_0012_openssl.bin GT=ChaCha20   PRED=ChaCha20     (0.6s)
  ✅ tier1      standard     ChaCha20_0013_pycryptodom GT=ChaCha20   PRED=ChaCha20     (0.6s)
  ✅ tier1      standard     ChaCha20_0014_openssl.bin GT=ChaCha20   PRED=ChaCha20     (0.9s)
  ✅ tier1      standard     ChaCha20_0015_openssl.bin GT=ChaCha20   PRED=ChaCha20     (0.5s)
  ✅ tier1      standard     ChaCha20_0016_openssl.bin GT=ChaCha20   PRED=ChaCha20     (0.6s)
  ✅ tier1      standard     ChaCha20_0017_openssl.bin GT=ChaCha20   PRED=ChaCha20     (0.5s)
  ✅ tier1      standard     ChaCha20_0018_pycryptodom GT=ChaCha20   PRED=ChaCha20     (0.7s)
  ✅ tier1      standard     ChaCha20_0019_openssl.bin GT=ChaCha20   PRED=ChaCha20     (0.9s)
  ✅ tier1      standard     ChaCha20_0020_openssl.bin GT=ChaCha20   PRED=ChaCha20     (0.6s)
  ✅ tier1      standard     DES_0001_pycryptodome.bin GT=DES        PRED=DES          (0.6s)
  ✅ tier1      standard     DES_0002_openssl.bin      GT=DES        PRED=DES          (0.6s)
  ✅ tier1      standard     DES_0003_openssl.bin      GT=DES        PRED=DES          (0.5s)
  ✅ tier1      standard     DES_0004_openssl.bin      GT=DES        PRED=DES          (0.5s)
  ✅ tier1      standard     DES_0005_pycryptodome.bin GT=DES        PRED=DES          (0.6s)
  ✅ tier1      standard     DES_0006_openssl.bin      GT=DES        PRED=DES          (0.6s)
  ✅ tier1      standard     DES_0007_openssl.bin      GT=DES        PRED=DES          (0.5s)
  ✅ tier1      standard     DES_0008_pycryptodome.bin GT=DES        PRED=DES          (0.7s)
  ✅ tier1      standard     DES_0009_pycryptodome.bin GT=DES        PRED=DES          (0.6s)
  ✅ tier1      standard     DES_0010_openssl.bin      GT=DES        PRED=DES          (0.4s)
  ✅ tier1      standard     DES_0011_openssl.bin      GT=DES        PRED=DES          (0.7s)
  ✅ tier1      standard     DES_0012_pycryptodome.bin GT=DES        PRED=DES          (1.2s)
  ✅ tier1      standard     DES_0013_pycryptodome.bin GT=DES        PRED=DES          (0.6s)
  ✅ tier1      standard     DES_0014_pycryptodome.bin GT=DES        PRED=DES          (0.5s)
  ✅ tier1      standard     DES_0015_openssl.bin      GT=DES        PRED=DES          (0.5s)
  ✅ tier1      standard     DES_0016_pycryptodome.bin GT=DES        PRED=DES          (0.5s)
  ✅ tier1      standard     DES_0017_openssl.bin      GT=DES        PRED=DES          (0.6s)
  ✅ tier1      standard     DES_0018_pycryptodome.bin GT=DES        PRED=DES          (0.5s)
  ✅ tier1      standard     DES_0019_openssl.bin      GT=DES        PRED=DES          (0.6s)
  ✅ tier1      standard     DES_0020_pycryptodome.bin GT=DES        PRED=DES          (0.5s)
  ✅ tier1      standard     ML-KEM-768_0001_openssl.b GT=ML-KEM-768 PRED=ML-KEM-768   (0.8s)
  ✅ tier1      standard     ML-KEM-768_0002_openssl.b GT=ML-KEM-768 PRED=ML-KEM-768   (0.6s)
  ✅ tier1      standard     ML-KEM-768_0003_openssl.b GT=ML-KEM-768 PRED=ML-KEM-768   (0.9s)
  ✅ tier1      standard     ML-KEM-768_0004_openssl.b GT=ML-KEM-768 PRED=ML-KEM-768   (0.7s)
  ✅ tier1      standard     ML-KEM-768_0005_openssl.b GT=ML-KEM-768 PRED=ML-KEM-768   (0.7s)
  ✅ tier1      standard     ML-KEM-768_0006_openssl.b GT=ML-KEM-768 PRED=ML-KEM-768   (1.1s)
  ✅ tier1      standard     ML-KEM-768_0007_openssl.b GT=ML-KEM-768 PRED=ML-KEM-768   (0.7s)
  ✅ tier1      standard     ML-KEM-768_0008_openssl.b GT=ML-KEM-768 PRED=ML-KEM-768   (1.1s)
  ✅ tier1      standard     ML-KEM-768_0009_openssl.b GT=ML-KEM-768 PRED=ML-KEM-768   (0.6s)
  ✅ tier1      standard     ML-KEM-768_0010_openssl.b GT=ML-KEM-768 PRED=ML-KEM-768   (2.2s)
  ✅ tier1      standard     ML-KEM-768_0011_openssl.b GT=ML-KEM-768 PRED=ML-KEM-768   (0.6s)
  ✅ tier1      standard     ML-KEM-768_0012_openssl.b GT=ML-KEM-768 PRED=ML-KEM-768   (0.6s)
  ✅ tier1      standard     ML-KEM-768_0013_openssl.b GT=ML-KEM-768 PRED=ML-KEM-768   (0.6s)
  ✅ tier1      standard     ML-KEM-768_0014_openssl.b GT=ML-KEM-768 PRED=ML-KEM-768   (3.4s)
  ✅ tier1      standard     ML-KEM-768_0015_openssl.b GT=ML-KEM-768 PRED=ML-KEM-768   (1.0s)
  ✅ tier1      standard     ML-KEM-768_0016_openssl.b GT=ML-KEM-768 PRED=ML-KEM-768   (0.5s)
  ✅ tier1      standard     ML-KEM-768_0017_openssl.b GT=ML-KEM-768 PRED=ML-KEM-768   (2.7s)
  ✅ tier1      standard     ML-KEM-768_0018_openssl.b GT=ML-KEM-768 PRED=ML-KEM-768   (0.8s)
  ✅ tier1      standard     ML-KEM-768_0019_openssl.b GT=ML-KEM-768 PRED=ML-KEM-768   (0.5s)
  ✅ tier1      standard     ML-KEM-768_0020_openssl.b GT=ML-KEM-768 PRED=ML-KEM-768   (0.6s)
  ✅ tier1      standard     RSA-2048_0001_pycryptodom GT=RSA-2048   PRED=RSA-2048     (2.0s)
  ✅ tier1      standard     RSA-2048_0002_pycryptodom GT=RSA-2048   PRED=RSA-2048     (0.6s)
  ✅ tier1      standard     RSA-2048_0003_openssl.bin GT=RSA-2048   PRED=RSA-2048     (1.0s)
  ✅ tier1      standard     RSA-2048_0004_openssl.bin GT=RSA-2048   PRED=RSA-2048     (0.7s)
  ✅ tier1      standard     RSA-2048_0005_pycryptodom GT=RSA-2048   PRED=RSA-2048     (0.7s)
  ✅ tier1      standard     RSA-2048_0006_pycryptodom GT=RSA-2048   PRED=RSA-2048     (0.6s)
  ✅ tier1      standard     RSA-2048_0007_pycryptodom GT=RSA-2048   PRED=RSA-2048     (0.9s)
  ✅ tier1      standard     RSA-2048_0008_openssl.bin GT=RSA-2048   PRED=RSA-2048     (0.6s)
  ✅ tier1      standard     RSA-2048_0009_openssl.bin GT=RSA-2048   PRED=RSA-2048     (2.7s)
  ✅ tier1      standard     RSA-2048_0010_pycryptodom GT=RSA-2048   PRED=RSA-2048     (1.4s)
  ✅ tier1      standard     RSA-2048_0011_pycryptodom GT=RSA-2048   PRED=RSA-2048     (0.5s)
  ✅ tier1      standard     RSA-2048_0012_openssl.bin GT=RSA-2048   PRED=RSA-2048     (1.2s)
  ✅ tier1      standard     RSA-2048_0013_pycryptodom GT=RSA-2048   PRED=RSA-2048     (0.6s)
  ✅ tier1      standard     RSA-2048_0014_pycryptodom GT=RSA-2048   PRED=RSA-2048     (0.6s)
  ✅ tier1      standard     RSA-2048_0015_pycryptodom GT=RSA-2048   PRED=RSA-2048     (0.7s)
  ✅ tier1      standard     RSA-2048_0016_openssl.bin GT=RSA-2048   PRED=RSA-2048     (0.6s)
  ✅ tier1      standard     RSA-2048_0017_openssl.bin GT=RSA-2048   PRED=RSA-2048     (1.4s)
  ✅ tier1      standard     RSA-2048_0018_openssl.bin GT=RSA-2048   PRED=RSA-2048     (1.3s)
  ✅ tier1      standard     RSA-2048_0019_openssl.bin GT=RSA-2048   PRED=RSA-2048     (2.9s)
  ✅ tier1      standard     RSA-2048_0020_openssl.bin GT=RSA-2048   PRED=RSA-2048     (3.3s)
  ✓ tier1 complete for nemotron-3-super:cloud
  ✅ tier2      standard     3DES_0001_openssl.bin     GT=3DES       PRED=3DES         (0.8s)
  ✅ tier2      standard     3DES_0002_openssl.bin     GT=3DES       PRED=3DES         (0.7s)
  ✅ tier2      standard     3DES_0003_pycryptodome.bi GT=3DES       PRED=3DES         (0.8s)
  ✅ tier2      standard     3DES_0004_pycryptodome.bi GT=3DES       PRED=3DES         (0.7s)
  ✅ tier2      standard     3DES_0005_openssl.bin     GT=3DES       PRED=3DES         (0.6s)
  ✅ tier2      standard     3DES_0006_pycryptodome.bi GT=3DES       PRED=3DES         (2.0s)
  ✅ tier2      standard     3DES_0007_openssl.bin     GT=3DES       PRED=3DES         (1.6s)
  ✅ tier2      standard     3DES_0008_pycryptodome.bi GT=3DES       PRED=3DES         (1.2s)
  ✅ tier2      standard     3DES_0009_openssl.bin     GT=3DES       PRED=3DES         (0.6s)
  ✅ tier2      standard     3DES_0010_pycryptodome.bi GT=3DES       PRED=3DES         (0.7s)
  ✅ tier2      standard     3DES_0011_pycryptodome.bi GT=3DES       PRED=3DES         (0.7s)
  ✅ tier2      standard     3DES_0012_openssl.bin     GT=3DES       PRED=3DES         (4.0s)
  ✅ tier2      standard     3DES_0013_openssl.bin     GT=3DES       PRED=3DES         (0.8s)
  ✅ tier2      standard     3DES_0014_openssl.bin     GT=3DES       PRED=3DES         (0.8s)
  ✅ tier2      standard     3DES_0015_pycryptodome.bi GT=3DES       PRED=3DES         (0.8s)
  ✅ tier2      standard     3DES_0016_openssl.bin     GT=3DES       PRED=3DES         (0.8s)
  ✅ tier2      standard     3DES_0017_openssl.bin     GT=3DES       PRED=3DES         (0.7s)
  ✅ tier2      standard     3DES_0018_pycryptodome.bi GT=3DES       PRED=3DES         (0.7s)
  ✅ tier2      standard     3DES_0019_pycryptodome.bi GT=3DES       PRED=3DES         (2.9s)
  ✅ tier2      standard     3DES_0020_openssl.bin     GT=3DES       PRED=3DES         (0.8s)
  ✅ tier2      standard     AES-128_0001_openssl.bin  GT=AES-128    PRED=AES-128      (0.7s)
  ✅ tier2      standard     AES-128_0002_pycryptodome GT=AES-128    PRED=AES-128      (0.8s)
  ✅ tier2      standard     AES-128_0003_pycryptodome GT=AES-128    PRED=AES-128      (0.7s)
  ✅ tier2      standard     AES-128_0004_openssl.bin  GT=AES-128    PRED=AES-128      (0.8s)
  ✅ tier2      standard     AES-128_0005_openssl.bin  GT=AES-128    PRED=AES-128      (7.2s)
  ✅ tier2      standard     AES-128_0006_pycryptodome GT=AES-128    PRED=AES-128      (0.8s)
  ✅ tier2      standard     AES-128_0007_pycryptodome GT=AES-128    PRED=AES-128      (1.2s)
  ✅ tier2      standard     AES-128_0008_pycryptodome GT=AES-128    PRED=AES-128      (0.8s)
  ✅ tier2      standard     AES-128_0009_openssl.bin  GT=AES-128    PRED=AES-128      (0.8s)
  ✅ tier2      standard     AES-128_0010_openssl.bin  GT=AES-128    PRED=AES-128      (1.4s)
  ✅ tier2      standard     AES-128_0011_pycryptodome GT=AES-128    PRED=AES-128      (0.8s)
  ✅ tier2      standard     AES-128_0012_pycryptodome GT=AES-128    PRED=AES-128      (0.7s)
  ✅ tier2      standard     AES-128_0013_openssl.bin  GT=AES-128    PRED=AES-128      (0.7s)
  ✅ tier2      standard     AES-128_0014_openssl.bin  GT=AES-128    PRED=AES-128      (1.0s)
  ✅ tier2      standard     AES-128_0015_pycryptodome GT=AES-128    PRED=AES-128      (0.9s)
  ✅ tier2      standard     AES-128_0016_openssl.bin  GT=AES-128    PRED=AES-128      (0.8s)
  ✅ tier2      standard     AES-128_0017_pycryptodome GT=AES-128    PRED=AES-128      (0.8s)
  ✅ tier2      standard     AES-128_0018_openssl.bin  GT=AES-128    PRED=AES-128      (0.6s)
  ✅ tier2      standard     AES-128_0019_pycryptodome GT=AES-128    PRED=AES-128      (2.0s)
  ✅ tier2      standard     AES-128_0020_pycryptodome GT=AES-128    PRED=AES-128      (0.9s)
  ✅ tier2      standard     AES-256_0001_openssl.bin  GT=AES-256    PRED=AES-256      (0.8s)
  ✅ tier2      standard     AES-256_0002_openssl.bin  GT=AES-256    PRED=AES-256      (0.8s)
  ✅ tier2      standard     AES-256_0003_openssl.bin  GT=AES-256    PRED=AES-256      (0.8s)
  ✅ tier2      standard     AES-256_0004_openssl.bin  GT=AES-256    PRED=AES-256      (1.3s)
  ✅ tier2      standard     AES-256_0005_openssl.bin  GT=AES-256    PRED=AES-256      (2.8s)
  ✅ tier2      standard     AES-256_0006_openssl.bin  GT=AES-256    PRED=AES-256      (4.6s)
  ✅ tier2      standard     AES-256_0007_pycryptodome GT=AES-256    PRED=AES-256      (6.7s)
  ✅ tier2      standard     AES-256_0008_pycryptodome GT=AES-256    PRED=AES-256      (0.8s)
  ✅ tier2      standard     AES-256_0009_openssl.bin  GT=AES-256    PRED=AES-256      (0.9s)
  ✅ tier2      standard     AES-256_0010_openssl.bin  GT=AES-256    PRED=AES-256      (0.7s)
  ✅ tier2      standard     AES-256_0011_pycryptodome GT=AES-256    PRED=AES-256      (0.9s)
  ✅ tier2      standard     AES-256_0012_pycryptodome GT=AES-256    PRED=AES-256      (0.8s)
  ✅ tier2      standard     AES-256_0013_openssl.bin  GT=AES-256    PRED=AES-256      (0.7s)
  ✅ tier2      standard     AES-256_0014_openssl.bin  GT=AES-256    PRED=AES-256      (0.8s)
  ✅ tier2      standard     AES-256_0015_openssl.bin  GT=AES-256    PRED=AES-256      (1.6s)
  ✅ tier2      standard     AES-256_0016_pycryptodome GT=AES-256    PRED=AES-256      (0.8s)
  ✅ tier2      standard     AES-256_0017_openssl.bin  GT=AES-256    PRED=AES-256      (2.4s)
  ✅ tier2      standard     AES-256_0018_openssl.bin  GT=AES-256    PRED=AES-256      (0.7s)
  ✅ tier2      standard     AES-256_0019_pycryptodome GT=AES-256    PRED=AES-256      (1.0s)
  ✅ tier2      standard     AES-256_0020_pycryptodome GT=AES-256    PRED=AES-256      (1.4s)
  ✅ tier2      standard     ChaCha20_0001_openssl.bin GT=ChaCha20   PRED=ChaCha20     (3.0s)
  ✅ tier2      standard     ChaCha20_0002_pycryptodom GT=ChaCha20   PRED=ChaCha20     (0.9s)
  ✅ tier2      standard     ChaCha20_0003_openssl.bin GT=ChaCha20   PRED=ChaCha20     (0.9s)
  ✅ tier2      standard     ChaCha20_0004_pycryptodom GT=ChaCha20   PRED=ChaCha20     (0.7s)
  ✅ tier2      standard     ChaCha20_0005_openssl.bin GT=ChaCha20   PRED=ChaCha20     (0.6s)
  ✅ tier2      standard     ChaCha20_0006_pycryptodom GT=ChaCha20   PRED=ChaCha20     (0.7s)
  ✅ tier2      standard     ChaCha20_0007_pycryptodom GT=ChaCha20   PRED=ChaCha20     (0.7s)
  ✅ tier2      standard     ChaCha20_0008_pycryptodom GT=ChaCha20   PRED=ChaCha20     (0.8s)
  ✅ tier2      standard     ChaCha20_0009_pycryptodom GT=ChaCha20   PRED=ChaCha20     (2.0s)
  ✅ tier2      standard     ChaCha20_0010_pycryptodom GT=ChaCha20   PRED=ChaCha20     (0.8s)
  ✅ tier2      standard     ChaCha20_0011_pycryptodom GT=ChaCha20   PRED=ChaCha20     (0.8s)
  ✅ tier2      standard     ChaCha20_0012_openssl.bin GT=ChaCha20   PRED=ChaCha20     (0.8s)
  ✅ tier2      standard     ChaCha20_0013_pycryptodom GT=ChaCha20   PRED=ChaCha20     (0.7s)
  ✅ tier2      standard     ChaCha20_0014_openssl.bin GT=ChaCha20   PRED=ChaCha20     (0.6s)
  ✅ tier2      standard     ChaCha20_0015_openssl.bin GT=ChaCha20   PRED=ChaCha20     (2.8s)
  ✅ tier2      standard     ChaCha20_0016_openssl.bin GT=ChaCha20   PRED=ChaCha20     (0.7s)
  ✅ tier2      standard     ChaCha20_0017_openssl.bin GT=ChaCha20   PRED=ChaCha20     (1.3s)
  ✅ tier2      standard     ChaCha20_0018_pycryptodom GT=ChaCha20   PRED=ChaCha20     (0.7s)
  ✅ tier2      standard     ChaCha20_0019_openssl.bin GT=ChaCha20   PRED=ChaCha20     (0.8s)
  ✅ tier2      standard     ChaCha20_0020_openssl.bin GT=ChaCha20   PRED=ChaCha20     (1.5s)
  ✅ tier2      standard     DES_0001_pycryptodome.bin GT=DES        PRED=DES          (0.7s)
  ✅ tier2      standard     DES_0002_openssl.bin      GT=DES        PRED=DES          (0.8s)
  ✅ tier2      standard     DES_0003_openssl.bin      GT=DES        PRED=DES          (3.7s)
  ✅ tier2      standard     DES_0004_openssl.bin      GT=DES        PRED=DES          (0.7s)
  ✅ tier2      standard     DES_0005_pycryptodome.bin GT=DES        PRED=DES          (0.8s)
  ✅ tier2      standard     DES_0006_openssl.bin      GT=DES        PRED=DES          (0.7s)
  ✅ tier2      standard     DES_0007_openssl.bin      GT=DES        PRED=DES          (0.7s)
  ✅ tier2      standard     DES_0008_pycryptodome.bin GT=DES        PRED=DES          (0.7s)
  ✅ tier2      standard     DES_0009_pycryptodome.bin GT=DES        PRED=DES          (0.6s)
  ✅ tier2      standard     DES_0010_openssl.bin      GT=DES        PRED=DES          (0.8s)
  ✅ tier2      standard     DES_0011_openssl.bin      GT=DES        PRED=DES          (1.5s)
  ✅ tier2      standard     DES_0012_pycryptodome.bin GT=DES        PRED=DES          (0.7s)
  ✅ tier2      standard     DES_0013_pycryptodome.bin GT=DES        PRED=DES          (0.7s)
  ✅ tier2      standard     DES_0014_pycryptodome.bin GT=DES        PRED=DES          (0.7s)
  ✅ tier2      standard     DES_0015_openssl.bin      GT=DES        PRED=DES          (0.6s)
  ✅ tier2      standard     DES_0016_pycryptodome.bin GT=DES        PRED=DES          (0.8s)
  ✅ tier2      standard     DES_0017_openssl.bin      GT=DES        PRED=DES          (1.1s)
  ✅ tier2      standard     DES_0018_pycryptodome.bin GT=DES        PRED=DES          (0.7s)
  ✅ tier2      standard     DES_0019_openssl.bin      GT=DES        PRED=DES          (0.9s)
  ✅ tier2      standard     DES_0020_pycryptodome.bin GT=DES        PRED=DES          (0.6s)
  ✅ tier2      standard     ML-KEM-768_0001_openssl.b GT=ML-KEM-768 PRED=ML-KEM-768   (0.8s)
  ✅ tier2      standard     ML-KEM-768_0002_openssl.b GT=ML-KEM-768 PRED=ML-KEM-768   (0.9s)
  ✅ tier2      standard     ML-KEM-768_0003_openssl.b GT=ML-KEM-768 PRED=ML-KEM-768   (1.0s)
  ✅ tier2      standard     ML-KEM-768_0004_openssl.b GT=ML-KEM-768 PRED=ML-KEM-768   (0.9s)
  ✅ tier2      standard     ML-KEM-768_0005_openssl.b GT=ML-KEM-768 PRED=ML-KEM-768   (1.0s)
  ✅ tier2      standard     ML-KEM-768_0006_openssl.b GT=ML-KEM-768 PRED=ML-KEM-768   (1.2s)
  ✅ tier2      standard     ML-KEM-768_0007_openssl.b GT=ML-KEM-768 PRED=ML-KEM-768   (1.4s)
  ✅ tier2      standard     ML-KEM-768_0008_openssl.b GT=ML-KEM-768 PRED=ML-KEM-768   (0.9s)
  ✅ tier2      standard     ML-KEM-768_0009_openssl.b GT=ML-KEM-768 PRED=ML-KEM-768   (1.0s)
  ✅ tier2      standard     ML-KEM-768_0010_openssl.b GT=ML-KEM-768 PRED=ML-KEM-768   (0.8s)
  ✅ tier2      standard     ML-KEM-768_0011_openssl.b GT=ML-KEM-768 PRED=ML-KEM-768   (1.6s)
  ✅ tier2      standard     ML-KEM-768_0012_openssl.b GT=ML-KEM-768 PRED=ML-KEM-768   (1.0s)
  ✅ tier2      standard     ML-KEM-768_0013_openssl.b GT=ML-KEM-768 PRED=ML-KEM-768   (1.2s)
  ✅ tier2      standard     ML-KEM-768_0014_openssl.b GT=ML-KEM-768 PRED=ML-KEM-768   (0.8s)
  ✅ tier2      standard     ML-KEM-768_0015_openssl.b GT=ML-KEM-768 PRED=ML-KEM-768   (1.3s)
  ✅ tier2      standard     ML-KEM-768_0016_openssl.b GT=ML-KEM-768 PRED=ML-KEM-768   (0.9s)
  ✅ tier2      standard     ML-KEM-768_0017_openssl.b GT=ML-KEM-768 PRED=ML-KEM-768   (0.9s)
  ✅ tier2      standard     ML-KEM-768_0018_openssl.b GT=ML-KEM-768 PRED=ML-KEM-768   (1.0s)
  ✅ tier2      standard     ML-KEM-768_0019_openssl.b GT=ML-KEM-768 PRED=ML-KEM-768   (1.2s)
  ✅ tier2      standard     ML-KEM-768_0020_openssl.b GT=ML-KEM-768 PRED=ML-KEM-768   (1.5s)
  ✅ tier2      standard     RSA-2048_0001_pycryptodom GT=RSA-2048   PRED=RSA-2048     (0.8s)
  ✅ tier2      standard     RSA-2048_0002_pycryptodom GT=RSA-2048   PRED=RSA-2048     (1.1s)
  ✅ tier2      standard     RSA-2048_0003_openssl.bin GT=RSA-2048   PRED=RSA-2048     (1.2s)
  ✅ tier2      standard     RSA-2048_0004_openssl.bin GT=RSA-2048   PRED=RSA-2048     (1.6s)
  ✅ tier2      standard     RSA-2048_0005_pycryptodom GT=RSA-2048   PRED=RSA-2048     (1.2s)
  ✅ tier2      standard     RSA-2048_0006_pycryptodom GT=RSA-2048   PRED=RSA-2048     (0.8s)
  ✅ tier2      standard     RSA-2048_0007_pycryptodom GT=RSA-2048   PRED=RSA-2048     (1.0s)
  ✅ tier2      standard     RSA-2048_0008_openssl.bin GT=RSA-2048   PRED=RSA-2048     (1.0s)
  ✅ tier2      standard     RSA-2048_0009_openssl.bin GT=RSA-2048   PRED=RSA-2048     (0.9s)
  ✅ tier2      standard     RSA-2048_0010_pycryptodom GT=RSA-2048   PRED=RSA-2048     (1.6s)
  ✅ tier2      standard     RSA-2048_0011_pycryptodom GT=RSA-2048   PRED=RSA-2048     (0.9s)
  ✅ tier2      standard     RSA-2048_0012_openssl.bin GT=RSA-2048   PRED=RSA-2048     (1.5s)
  ✅ tier2      standard     RSA-2048_0013_pycryptodom GT=RSA-2048   PRED=RSA-2048     (1.3s)
  ✅ tier2      standard     RSA-2048_0014_pycryptodom GT=RSA-2048   PRED=RSA-2048     (0.8s)
  ✅ tier2      standard     RSA-2048_0015_pycryptodom GT=RSA-2048   PRED=RSA-2048     (0.8s)
  ✅ tier2      standard     RSA-2048_0016_openssl.bin GT=RSA-2048   PRED=RSA-2048     (2.1s)
  ✅ tier2      standard     RSA-2048_0017_openssl.bin GT=RSA-2048   PRED=RSA-2048     (1.5s)
  ✅ tier2      standard     RSA-2048_0018_openssl.bin GT=RSA-2048   PRED=RSA-2048     (1.0s)
  ✅ tier2      standard     RSA-2048_0019_openssl.bin GT=RSA-2048   PRED=RSA-2048     (1.0s)
  ✅ tier2      standard     RSA-2048_0020_openssl.bin GT=RSA-2048   PRED=RSA-2048     (2.0s)
  ✓ tier2 complete for nemotron-3-super:cloud
  ❌ tier3      standard     3DES_0001_openssl.bin     GT=3DES       PRED=ChaCha20     (4.3s)
  ❌ tier3      tier3_raw    3DES_0001_openssl.bin     GT=3DES       PRED=ML-KEM-768   (7.3s)
  ❌ tier3      standard     3DES_0002_openssl.bin     GT=3DES       PRED=AES-256      (5.0s)
  ❌ tier3      tier3_raw    3DES_0002_openssl.bin     GT=3DES       PRED=AES-256      (4.9s)
  ❌ tier3      standard     3DES_0003_pycryptodome.bi GT=3DES       PRED=AES-256      (5.2s)
  ❌ tier3      tier3_raw    3DES_0003_pycryptodome.bi GT=3DES       PRED=AES-256      (4.4s)
  ❌ tier3      standard     3DES_0004_pycryptodome.bi GT=3DES       PRED=AES-256      (6.7s)
  ❌ tier3      tier3_raw    3DES_0004_pycryptodome.bi GT=3DES       PRED=AES-256      (3.6s)
  ❌ tier3      standard     3DES_0005_openssl.bin     GT=3DES       PRED=AES-128      (4.9s)
  ❌ tier3      tier3_raw    3DES_0005_openssl.bin     GT=3DES       PRED=ML-KEM-768   (3.7s)
  ❌ tier3      standard     3DES_0006_pycryptodome.bi GT=3DES       PRED=AES-256      (4.1s)
  ❌ tier3      tier3_raw    3DES_0006_pycryptodome.bi GT=3DES       PRED=AES-256      (5.3s)
  ❌ tier3      standard     3DES_0007_openssl.bin     GT=3DES       PRED=AES-256      (7.6s)
  ❌ tier3      tier3_raw    3DES_0007_openssl.bin     GT=3DES       PRED=AES-256      (6.8s)
  ❌ tier3      standard     3DES_0008_pycryptodome.bi GT=3DES       PRED=ML-KEM-768   (4.2s)
  ❌ tier3      tier3_raw    3DES_0008_pycryptodome.bi GT=3DES       PRED=AES-256      (3.7s)
  ❌ tier3      standard     3DES_0009_openssl.bin     GT=3DES       PRED=AES-128      (3.7s)
  ❌ tier3      tier3_raw    3DES_0009_openssl.bin     GT=3DES       PRED=AES-256      (2.7s)
  ❌ tier3      standard     3DES_0010_pycryptodome.bi GT=3DES       PRED=AES-256      (2.7s)
  ❌ tier3      tier3_raw    3DES_0010_pycryptodome.bi GT=3DES       PRED=DES          (7.7s)
  ❌ tier3      standard     3DES_0011_pycryptodome.bi GT=3DES       PRED=AES-256      (2.4s)
  ❌ tier3      tier3_raw    3DES_0011_pycryptodome.bi GT=3DES       PRED=AES-256      (3.1s)
  ❌ tier3      standard     3DES_0012_openssl.bin     GT=3DES       PRED=AES-256      (3.8s)
  ⚠️ tier3      tier3_raw    3DES_0012_openssl.bin     GT=3DES       PRED=UNKNOWN      (3.3s)
  ❌ tier3      standard     3DES_0013_openssl.bin     GT=3DES       PRED=ML-KEM-768   (7.8s)
  ❌ tier3      tier3_raw    3DES_0013_openssl.bin     GT=3DES       PRED=AES-256      (3.9s)
  ❌ tier3      standard     3DES_0014_openssl.bin     GT=3DES       PRED=AES-256      (7.4s)
  ❌ tier3      tier3_raw    3DES_0014_openssl.bin     GT=3DES       PRED=AES-256      (4.2s)
  ❌ tier3      standard     3DES_0015_pycryptodome.bi GT=3DES       PRED=AES-256      (5.3s)
  ❌ tier3      tier3_raw    3DES_0015_pycryptodome.bi GT=3DES       PRED=AES-256      (3.7s)
  ❌ tier3      standard     3DES_0016_openssl.bin     GT=3DES       PRED=AES-128      (4.5s)
  ❌ tier3      tier3_raw    3DES_0016_openssl.bin     GT=3DES       PRED=AES-256      (5.0s)
  ❌ tier3      standard     3DES_0017_openssl.bin     GT=3DES       PRED=AES-128      (6.4s)
  ❌ tier3      tier3_raw    3DES_0017_openssl.bin     GT=3DES       PRED=AES-256      (6.4s)
  ❌ tier3      standard     3DES_0018_pycryptodome.bi GT=3DES       PRED=AES-256      (7.4s)
  ❌ tier3      tier3_raw    3DES_0018_pycryptodome.bi GT=3DES       PRED=AES-256      (7.0s)
  ❌ tier3      standard     3DES_0019_pycryptodome.bi GT=3DES       PRED=AES-256      (3.1s)
  ❌ tier3      tier3_raw    3DES_0019_pycryptodome.bi GT=3DES       PRED=AES-256      (5.7s)
  ❌ tier3      standard     3DES_0020_openssl.bin     GT=3DES       PRED=AES-256      (3.2s)
  ❌ tier3      tier3_raw    3DES_0020_openssl.bin     GT=3DES       PRED=AES-256      (6.6s)
  ❌ tier3      standard     AES-128_0001_openssl.bin  GT=AES-128    PRED=AES-256      (12.0s)
  ✅ tier3      tier3_raw    AES-128_0001_openssl.bin  GT=AES-128    PRED=AES-128      (4.1s)
  ❌ tier3      standard     AES-128_0002_pycryptodome GT=AES-128    PRED=AES-256      (9.3s)
  ❌ tier3      tier3_raw    AES-128_0002_pycryptodome GT=AES-128    PRED=AES-256      (8.9s)
  ✅ tier3      standard     AES-128_0003_pycryptodome GT=AES-128    PRED=AES-128      (8.9s)
  ❌ tier3      tier3_raw    AES-128_0003_pycryptodome GT=AES-128    PRED=ML-KEM-768   (9.5s)
    ⏳ 429, retry in 6s (attempt 1)
    ⏳ 429, retry in 11s (attempt 2)
    ⏳ 429, retry in 21s (attempt 3)
    ⏳ 429, retry in 41s (attempt 4)
    ⏳ 429, retry in 60s (attempt 5)
  ⚠️ tier3      standard     AES-128_0004_openssl.bin  GT=AES-128    PRED=UNKNOWN      (0.2s)
    ⏳ 429, retry in 6s (attempt 1)
    ⏳ 429, retry in 11s (attempt 2)
    ⏳ 429, retry in 21s (attempt 3)
    ⏳ 429, retry in 41s (attempt 4)
    ⏳ 429, retry in 60s (attempt 5)
  ⚠️ tier3      tier3_raw    AES-128_0004_openssl.bin  GT=AES-128    PRED=UNKNOWN      (0.2s)
    ⏳ 429, retry in 6s (attempt 1)
    ⏳ 429, retry in 11s (attempt 2)
    ⏳ 429, retry in 21s (attempt 3)
    ⏳ 429, retry in 41s (attempt 4)
    ⏳ 429, retry in 60s (attempt 5)
  ⚠️ tier3      standard     AES-128_0005_openssl.bin  GT=AES-128    PRED=UNKNOWN      (0.3s)
    ⏳ 429, retry in 6s (attempt 1)
    ⏳ 429, retry in 11s (attempt 2)
    ⏳ 429, retry in 21s (attempt 3)
    ⏳ 429, retry in 41s (attempt 4)
    ⏳ 429, retry in 60s (attempt 5)
  ⚠️ tier3      tier3_raw    AES-128_0005_openssl.bin  GT=AES-128    PRED=UNKNOWN      (0.2s)
    ⏳ 429, retry in 6s (attempt 1)
    ⏳ 429, retry in 11s (attempt 2)
    ⏳ 429, retry in 21s (attempt 3)
    ⏳ 429, retry in 41s (attempt 4)
    ⏳ 429, retry in 60s (attempt 5)
  ⚠️ tier3      standard     AES-128_0006_pycryptodome GT=AES-128    PRED=UNKNOWN      (0.2s)
    ⏳ 429, retry in 6s (attempt 1)
    ⏳ 429, retry in 11s (attempt 2)
    ⏳ 429, retry in 21s (attempt 3)
    ⏳ 429, retry in 41s (attempt 4)
    ⏳ 429, retry in 60s (attempt 5)
  ⚠️ tier3      tier3_raw    AES-128_0006_pycryptodome GT=AES-128    PRED=UNKNOWN      (0.2s)
    ⏳ 429, retry in 6s (attempt 1)
    ⏳ 429, retry in 11s (attempt 2)
    ⏳ 429, retry in 21s (attempt 3)
    ⏳ 429, retry in 41s (attempt 4)
    ⏳ 429, retry in 60s (attempt 5)
  ⚠️ tier3      standard     AES-128_0007_pycryptodome GT=AES-128    PRED=UNKNOWN      (0.2s)
    ⏳ 429, retry in 6s (attempt 1)
    ⏳ 429, retry in 11s (attempt 2)
    ⏳ 429, retry in 21s (attempt 3)
    ⏳ 429, retry in 41s (attempt 4)
    ⏳ 429, retry in 60s (attempt 5)
  ⚠️ tier3      tier3_raw    AES-128_0007_pycryptodome GT=AES-128    PRED=UNKNOWN      (0.3s)
    ⏳ 429, retry in 6s (attempt 1)
    ⏳ 429, retry in 11s (attempt 2)
    ⏳ 429, retry in 21s (attempt 3)
    ⏳ 429, retry in 41s (attempt 4)
    ⏳ 429, retry in 60s (attempt 5)
  ⚠️ tier3      standard     AES-128_0008_pycryptodome GT=AES-128    PRED=UNKNOWN      (0.2s)
    ⏳ 429, retry in 6s (attempt 1)
    ⏳ 429, retry in 11s (attempt 2)
    ⏳ 429, retry in 21s (attempt 3)
    ⏳ 429, retry in 41s (attempt 4)
    ⏳ 429, retry in 60s (attempt 5)
  ⚠️ tier3      tier3_raw    AES-128_0008_pycryptodome GT=AES-128    PRED=UNKNOWN      (0.3s)
    ⏳ 429, retry in 6s (attempt 1)
    ⏳ 429, retry in 11s (attempt 2)
    ⏳ 429, retry in 21s (attempt 3)
    ⏳ 429, retry in 41s (attempt 4)
    ⏳ 429, retry in 60s (attempt 5)
  ⚠️ tier3      standard     AES-128_0009_openssl.bin  GT=AES-128    PRED=UNKNOWN      (0.2s)
    ⏳ 429, retry in 6s (attempt 1)
    ⏳ 429, retry in 11s (attempt 2)
    ⏳ 429, retry in 21s (attempt 3)
    ⏳ 429, retry in 41s (attempt 4)
    ⏳ 429, retry in 60s (attempt 5)
  ⚠️ tier3      tier3_raw    AES-128_0009_openssl.bin  GT=AES-128    PRED=UNKNOWN      (0.2s)
    ⏳ 429, retry in 6s (attempt 1)
    ⏳ 429, retry in 11s (attempt 2)
    ⏳ 429, retry in 21s (attempt 3)
    ⏳ 429, retry in 41s (attempt 4)
    ⏳ 429, retry in 60s (attempt 5)
  ⚠️ tier3      standard     AES-128_0010_openssl.bin  GT=AES-128    PRED=UNKNOWN      (0.2s)
    ⏳ 429, retry in 6s (attempt 1)
    ⏳ 429, retry in 11s (attempt 2)
    ⏳ 429, retry in 21s (attempt 3)
    ⏳ 429, retry in 41s (attempt 4)
    ⏳ 429, retry in 60s (attempt 5)
  ⚠️ tier3      tier3_raw    AES-128_0010_openssl.bin  GT=AES-128    PRED=UNKNOWN      (0.2s)
    ⏳ 429, retry in 6s (attempt 1)
    ⏳ 429, retry in 11s (attempt 2)
    ⏳ 429, retry in 21s (attempt 3)
    ⏳ 429, retry in 41s (attempt 4)
    ⏳ 429, retry in 60s (attempt 5)
  ⚠️ tier3      standard     AES-128_0011_pycryptodome GT=AES-128    PRED=UNKNOWN      (0.3s)
    ⏳ 429, retry in 6s (attempt 1)
    ⏳ 429, retry in 11s (attempt 2)
    ⏳ 429, retry in 21s (attempt 3)
    ⏳ 429, retry in 41s (attempt 4)
    ⏳ 429, retry in 60s (attempt 5)
  ⚠️ tier3      tier3_raw    AES-128_0011_pycryptodome GT=AES-128    PRED=UNKNOWN      (0.2s)
    ⏳ 429, retry in 6s (attempt 1)
    ⏳ 429, retry in 11s (attempt 2)
    ⏳ 429, retry in 21s (attempt 3)
    ⏳ 429, retry in 41s (attempt 4)
    ⏳ 429, retry in 60s (attempt 5)
  ⚠️ tier3      standard     AES-128_0012_pycryptodome GT=AES-128    PRED=UNKNOWN      (0.2s)
    ⏳ 429, retry in 6s (attempt 1)
    ⏳ 429, retry in 11s (attempt 2)
    ⏳ 429, retry in 21s (attempt 3)
    ⏳ 429, retry in 41s (attempt 4)
    ⏳ 429, retry in 60s (attempt 5)
  ⚠️ tier3      tier3_raw    AES-128_0012_pycryptodome GT=AES-128    PRED=UNKNOWN      (0.2s)
    ⏳ 429, retry in 6s (attempt 1)
    ⏳ 429, retry in 11s (attempt 2)
    ⏳ 429, retry in 21s (attempt 3)
    ⏳ 429, retry in 41s (attempt 4)
    ⏳ 429, retry in 60s (attempt 5)
  ⚠️ tier3      standard     AES-128_0013_openssl.bin  GT=AES-128    PRED=UNKNOWN      (0.2s)
    ⏳ 429, retry in 6s (attempt 1)
    ⏳ 429, retry in 11s (attempt 2)
    ⏳ 429, retry in 21s (attempt 3)
    ⏳ 429, retry in 41s (attempt 4)
    ⏳ 429, retry in 60s (attempt 5)
  ⚠️ tier3      tier3_raw    AES-128_0013_openssl.bin  GT=AES-128    PRED=UNKNOWN      (0.2s)
    ⏳ 429, retry in 6s (attempt 1)
    ⏳ 429, retry in 11s (attempt 2)
    ⏳ 429, retry in 21s (attempt 3)
    ⏳ 429, retry in 41s (attempt 4)
    ⏳ 429, retry in 60s (attempt 5)
  ⚠️ tier3      standard     AES-128_0014_openssl.bin  GT=AES-128    PRED=UNKNOWN      (0.2s)
    ⏳ 429, retry in 6s (attempt 1)
    ⏳ 429, retry in 11s (attempt 2)
    ⏳ 429, retry in 21s (attempt 3)
    ⏳ 429, retry in 41s (attempt 4)
    ⏳ 429, retry in 60s (attempt 5)
  ⚠️ tier3      tier3_raw    AES-128_0014_openssl.bin  GT=AES-128    PRED=UNKNOWN      (0.2s)
    ⏳ 429, retry in 6s (attempt 1)
    ⏳ 429, retry in 11s (attempt 2)
    ⏳ 429, retry in 21s (attempt 3)
    ⏳ 429, retry in 41s (attempt 4)
    ⏳ 429, retry in 60s (attempt 5)
  ⚠️ tier3      standard     AES-128_0015_pycryptodome GT=AES-128    PRED=UNKNOWN      (0.2s)
    ⏳ 429, retry in 6s (attempt 1)
    ⏳ 429, retry in 11s (attempt 2)
    ⏳ 429, retry in 21s (attempt 3)
    ⏳ 429, retry in 41s (attempt 4)
    ⏳ 429, retry in 60s (attempt 5)
  ⚠️ tier3      tier3_raw    AES-128_0015_pycryptodome GT=AES-128    PRED=UNKNOWN      (0.2s)
    ⏳ 429, retry in 6s (attempt 1)
    ⏳ 429, retry in 11s (attempt 2)
    ⏳ 429, retry in 21s (attempt 3)
    ⏳ 429, retry in 41s (attempt 4)
    ⏳ 429, retry in 60s (attempt 5)
  ⚠️ tier3      standard     AES-128_0016_openssl.bin  GT=AES-128    PRED=UNKNOWN      (0.3s)
    ⏳ 429, retry in 6s (attempt 1)
    ⏳ 429, retry in 11s (attempt 2)
    ⏳ 429, retry in 21s (attempt 3)
    ⏳ 429, retry in 41s (attempt 4)
    ⏳ 429, retry in 60s (attempt 5)
  ⚠️ tier3      tier3_raw    AES-128_0016_openssl.bin  GT=AES-128    PRED=UNKNOWN      (0.2s)
    ⏳ 429, retry in 6s (attempt 1)
    ⏳ 429, retry in 11s (attempt 2)
    ⏳ 429, retry in 21s (attempt 3)
    ⏳ 429, retry in 41s (attempt 4)
    ⏳ 429, retry in 60s (attempt 5)
  ⚠️ tier3      standard     AES-128_0017_pycryptodome GT=AES-128    PRED=UNKNOWN      (0.2s)
    ⏳ 429, retry in 6s (attempt 1)
    ⏳ 429, retry in 11s (attempt 2)
    ⏳ 429, retry in 21s (attempt 3)
    ⏳ 429, retry in 41s (attempt 4)
    ⏳ 429, retry in 60s (attempt 5)
  ⚠️ tier3      tier3_raw    AES-128_0017_pycryptodome GT=AES-128    PRED=UNKNOWN      (0.2s)
    ⏳ 429, retry in 6s (attempt 1)
    ⏳ 429, retry in 11s (attempt 2)
    ⏳ 429, retry in 21s (attempt 3)
    ⏳ 429, retry in 41s (attempt 4)
    ⏳ 429, retry in 60s (attempt 5)
  ⚠️ tier3      standard     AES-128_0018_openssl.bin  GT=AES-128    PRED=UNKNOWN      (0.3s)
    ⏳ 429, retry in 6s (attempt 1)
    ⏳ 429, retry in 11s (attempt 2)
    ⏳ 429, retry in 21s (attempt 3)
    ⏳ 429, retry in 41s (attempt 4)
    ⏳ 429, retry in 60s (attempt 5)
  ⚠️ tier3      tier3_raw    AES-128_0018_openssl.bin  GT=AES-128    PRED=UNKNOWN      (0.3s)
    ⏳ 429, retry in 6s (attempt 1)
    ⏳ 429, retry in 11s (attempt 2)
    ⏳ 429, retry in 21s (attempt 3)
    ⏳ 429, retry in 41s (attempt 4)
    ⏳ 429, retry in 60s (attempt 5)
  ⚠️ tier3      standard     AES-128_0019_pycryptodome GT=AES-128    PRED=UNKNOWN      (0.2s)
    ⏳ 429, retry in 6s (attempt 1)
    ⏳ 429, retry in 11s (attempt 2)
    ⏳ 429, retry in 21s (attempt 3)
    ⏳ 429, retry in 41s (attempt 4)
    ⏳ 429, retry in 60s (attempt 5)
  ⚠️ tier3      tier3_raw    AES-128_0019_pycryptodome GT=AES-128    PRED=UNKNOWN      (0.3s)
    ⏳ 429, retry in 6s (attempt 1)
    ⏳ 429, retry in 11s (attempt 2)
    ⏳ 429, retry in 21s (attempt 3)
    ⏳ 429, retry in 41s (attempt 4)
    ⏳ 429, retry in 60s (attempt 5)
  ⚠️ tier3      standard     AES-128_0020_pycryptodome GT=AES-128    PRED=UNKNOWN      (0.3s)
    ⏳ 429, retry in 6s (attempt 1)
    ⏳ 429, retry in 11s (attempt 2)
    ⏳ 429, retry in 21s (attempt 3)
    ⏳ 429, retry in 41s (attempt 4)
    ⏳ 429, retry in 60s (attempt 5)
  ⚠️ tier3      tier3_raw    AES-128_0020_pycryptodome GT=AES-128    PRED=UNKNOWN      (0.2s)
    ⏳ 429, retry in 6s (attempt 1)
    ⏳ 429, retry in 11s (attempt 2)
    ⏳ 429, retry in 21s (attempt 3)
    ⏳ 429, retry in 41s (attempt 4)
    ⏳ 429, retry in 60s (attempt 5)
  ⚠️ tier3      standard     AES-256_0001_openssl.bin  GT=AES-256    PRED=UNKNOWN      (0.3s)
    ⏳ 429, retry in 6s (attempt 1)
    ⏳ 429, retry in 11s (attempt 2)
    ⏳ 429, retry in 21s (attempt 3)
    ⏳ 429, retry in 41s (attempt 4)
    ⏳ 429, retry in 60s (attempt 5)
  ⚠️ tier3      tier3_raw    AES-256_0001_openssl.bin  GT=AES-256    PRED=UNKNOWN      (0.2s)
    ⏳ 429, retry in 6s (attempt 1)
    ⏳ 429, retry in 11s (attempt 2)
    ⏳ 429, retry in 21s (attempt 3)
    ⏳ 429, retry in 41s (attempt 4)
    ⏳ 429, retry in 60s (attempt 5)
  ⚠️ tier3      standard     AES-256_0002_openssl.bin  GT=AES-256    PRED=UNKNOWN      (0.2s)
    ⏳ 429, retry in 6s (attempt 1)
    ⏳ 429, retry in 11s (attempt 2)
    ⏳ 429, retry in 21s (attempt 3)
    ⏳ 429, retry in 41s (attempt 4)
    ⏳ 429, retry in 60s (attempt 5)
  ⚠️ tier3      tier3_raw    AES-256_0002_openssl.bin  GT=AES-256    PRED=UNKNOWN      (0.2s)
    ⏳ 429, retry in 6s (attempt 1)
    ⏳ 429, retry in 11s (attempt 2)
    ⏳ 429, retry in 21s (attempt 3)
    ⏳ 429, retry in 41s (attempt 4)
    ⏳ 429, retry in 60s (attempt 5)
  ⚠️ tier3      standard     AES-256_0003_openssl.bin  GT=AES-256    PRED=UNKNOWN      (0.2s)
    ⏳ 429, retry in 6s (attempt 1)
    ⏳ 429, retry in 11s (attempt 2)
    ⏳ 429, retry in 21s (attempt 3)
    ⏳ 429, retry in 41s (attempt 4)
    ⏳ 429, retry in 60s (attempt 5)
  ⚠️ tier3      tier3_raw    AES-256_0003_openssl.bin  GT=AES-256    PRED=UNKNOWN      (0.3s)
    ⏳ 429, retry in 6s (attempt 1)
    ⏳ 429, retry in 11s (attempt 2)
    ⏳ 429, retry in 21s (attempt 3)
    ⏳ 429, retry in 41s (attempt 4)
    ⏳ 429, retry in 60s (attempt 5)
  ⚠️ tier3      standard     AES-256_0004_openssl.bin  GT=AES-256    PRED=UNKNOWN      (0.2s)
    ⏳ 429, retry in 6s (attempt 1)
    ⏳ 429, retry in 11s (attempt 2)
    ⏳ 429, retry in 21s (attempt 3)
    ⏳ 429, retry in 41s (attempt 4)
    ⏳ 429, retry in 60s (attempt 5)
  ⚠️ tier3      tier3_raw    AES-256_0004_openssl.bin  GT=AES-256    PRED=UNKNOWN      (0.5s)
    ⏳ 429, retry in 6s (attempt 1)
    ⏳ 429, retry in 11s (attempt 2)
    ⏳ 429, retry in 21s (attempt 3)
    ⏳ 429, retry in 41s (attempt 4)
    ⏳ 429, retry in 60s (attempt 5)
  ⚠️ tier3      standard     AES-256_0005_openssl.bin  GT=AES-256    PRED=UNKNOWN      (0.3s)
    ⏳ 429, retry in 6s (attempt 1)
    ⏳ 429, retry in 11s (attempt 2)
    ⏳ 429, retry in 21s (attempt 3)
    ⏳ 429, retry in 41s (attempt 4)
    ⏳ 429, retry in 60s (attempt 5)
  ⚠️ tier3      tier3_raw    AES-256_0005_openssl.bin  GT=AES-256    PRED=UNKNOWN      (0.3s)
    ⏳ 429, retry in 6s (attempt 1)
    ⏳ 429, retry in 11s (attempt 2)
    ⏳ 429, retry in 21s (attempt 3)
    ⏳ 429, retry in 41s (attempt 4)
    ⏳ 429, retry in 60s (attempt 5)
  ⚠️ tier3      standard     AES-256_0006_openssl.bin  GT=AES-256    PRED=UNKNOWN      (0.2s)
    ⏳ 429, retry in 6s (attempt 1)
    ⏳ 429, retry in 11s (attempt 2)
    ⏳ 429, retry in 21s (attempt 3)
    ⏳ 429, retry in 41s (attempt 4)
    ⏳ 429, retry in 60s (attempt 5)
  ⚠️ tier3      tier3_raw    AES-256_0006_openssl.bin  GT=AES-256    PRED=UNKNOWN      (0.2s)
    ⏳ 429, retry in 6s (attempt 1)
    ⏳ 429, retry in 11s (attempt 2)
    ⏳ 429, retry in 21s (attempt 3)
    ⏳ 429, retry in 41s (attempt 4)
    ⏳ 429, retry in 60s (attempt 5)
  ⚠️ tier3      standard     AES-256_0007_pycryptodome GT=AES-256    PRED=UNKNOWN      (0.2s)
    ⏳ 429, retry in 6s (attempt 1)
    ⏳ 429, retry in 11s (attempt 2)
    ⏳ 429, retry in 21s (attempt 3)
    ⏳ 429, retry in 41s (attempt 4)
    ⏳ 429, retry in 60s (attempt 5)
  ⚠️ tier3      tier3_raw    AES-256_0007_pycryptodome GT=AES-256    PRED=UNKNOWN      (0.3s)
    ⏳ 429, retry in 6s (attempt 1)
    ⏳ 429, retry in 11s (attempt 2)
    ⏳ 429, retry in 21s (attempt 3)
    ⏳ 429, retry in 41s (attempt 4)
    ⏳ 429, retry in 60s (attempt 5)
  ⚠️ tier3      standard     AES-256_0008_pycryptodome GT=AES-256    PRED=UNKNOWN      (0.2s)
    ⏳ 429, retry in 6s (attempt 1)
    ⏳ 429, retry in 11s (attempt 2)
    ⏳ 429, retry in 21s (attempt 3)
    ⏳ 429, retry in 41s (attempt 4)
    ⏳ 429, retry in 60s (attempt 5)
  ⚠️ tier3      tier3_raw    AES-256_0008_pycryptodome GT=AES-256    PRED=UNKNOWN      (0.2s)
    ⏳ 429, retry in 6s (attempt 1)
    ⏳ 429, retry in 11s (attempt 2)
    ⏳ 429, retry in 21s (attempt 3)
    ⏳ 429, retry in 41s (attempt 4)
    ⏳ 429, retry in 60s (attempt 5)
  ⚠️ tier3      standard     AES-256_0009_openssl.bin  GT=AES-256    PRED=UNKNOWN      (0.2s)
    ⏳ 429, retry in 6s (attempt 1)
    ⏳ 429, retry in 11s (attempt 2)
    ⏳ 429, retry in 21s (attempt 3)
    ⏳ 429, retry in 41s (attempt 4)
    ⏳ 429, retry in 60s (attempt 5)
  ⚠️ tier3      tier3_raw    AES-256_0009_openssl.bin  GT=AES-256    PRED=UNKNOWN      (0.2s)
    ⏳ 429, retry in 6s (attempt 1)
    ⏳ 429, retry in 11s (attempt 2)
    ⏳ 429, retry in 21s (attempt 3)
    ⏳ 429, retry in 41s (attempt 4)
    ⏳ 429, retry in 60s (attempt 5)
  ⚠️ tier3      standard     AES-256_0010_openssl.bin  GT=AES-256    PRED=UNKNOWN      (0.2s)
    ⏳ 429, retry in 6s (attempt 1)
    ⏳ 429, retry in 11s (attempt 2)
    ⏳ 429, retry in 21s (attempt 3)
    ⏳ 429, retry in 41s (attempt 4)
    ⏳ 429, retry in 60s (attempt 5)
  ⚠️ tier3      tier3_raw    AES-256_0010_openssl.bin  GT=AES-256    PRED=UNKNOWN      (0.2s)
    ⏳ 429, retry in 6s (attempt 1)
    ⏳ 429, retry in 11s (attempt 2)
    ⏳ 429, retry in 21s (attempt 3)
    ⏳ 429, retry in 41s (attempt 4)
    ⏳ 429, retry in 60s (attempt 5)
  ⚠️ tier3      standard     AES-256_0011_pycryptodome GT=AES-256    PRED=UNKNOWN      (0.2s)
    ⏳ 429, retry in 6s (attempt 1)
    ⏳ 429, retry in 11s (attempt 2)
    ⏳ 429, retry in 21s (attempt 3)
    ⏳ 429, retry in 41s (attempt 4)
    ⏳ 429, retry in 60s (attempt 5)
  ⚠️ tier3      tier3_raw    AES-256_0011_pycryptodome GT=AES-256    PRED=UNKNOWN      (0.2s)
    ⏳ 429, retry in 6s (attempt 1)
    ⏳ 429, retry in 11s (attempt 2)
    ⏳ 429, retry in 21s (attempt 3)
    ⏳ 429, retry in 41s (attempt 4)
    ⏳ 429, retry in 60s (attempt 5)
  ⚠️ tier3      standard     AES-256_0012_pycryptodome GT=AES-256    PRED=UNKNOWN      (0.2s)
    ⏳ 429, retry in 6s (attempt 1)
    ⏳ 429, retry in 11s (attempt 2)
    ⏳ 429, retry in 21s (attempt 3)
    ⏳ 429, retry in 41s (attempt 4)
    ⏳ 429, retry in 60s (attempt 5)
  ⚠️ tier3      tier3_raw    AES-256_0012_pycryptodome GT=AES-256    PRED=UNKNOWN      (0.3s)
    ⏳ 429, retry in 6s (attempt 1)
    ⏳ 429, retry in 11s (attempt 2)
    ⏳ 429, retry in 21s (attempt 3)
    ⏳ 429, retry in 41s (attempt 4)
    ⏳ 429, retry in 60s (attempt 5)
  ⚠️ tier3      standard     AES-256_0013_openssl.bin  GT=AES-256    PRED=UNKNOWN      (0.5s)
    ⏳ 429, retry in 6s (attempt 1)
    ⏳ 429, retry in 11s (attempt 2)
    ⏳ 429, retry in 21s (attempt 3)
    ⏳ 429, retry in 41s (attempt 4)
    ⏳ 429, retry in 60s (attempt 5)
  ⚠️ tier3      tier3_raw    AES-256_0013_openssl.bin  GT=AES-256    PRED=UNKNOWN      (0.3s)
    ⏳ 429, retry in 6s (attempt 1)
    ⏳ 429, retry in 11s (attempt 2)
    ⏳ 429, retry in 21s (attempt 3)
    ⏳ 429, retry in 41s (attempt 4)
    ⏳ 429, retry in 60s (attempt 5)
  ⚠️ tier3      standard     AES-256_0014_openssl.bin  GT=AES-256    PRED=UNKNOWN      (0.2s)
    ⏳ 429, retry in 6s (attempt 1)
    ⏳ 429, retry in 11s (attempt 2)
    ⏳ 429, retry in 21s (attempt 3)
    ⏳ 429, retry in 41s (attempt 4)
    ⏳ 429, retry in 60s (attempt 5)
  ⚠️ tier3      tier3_raw    AES-256_0014_openssl.bin  GT=AES-256    PRED=UNKNOWN      (0.3s)
    ⏳ 429, retry in 6s (attempt 1)
    ⏳ 429, retry in 11s (attempt 2)
    ⏳ 429, retry in 21s (attempt 3)
    ⏳ 429, retry in 41s (attempt 4)
    ⏳ 429, retry in 60s (attempt 5)
  ⚠️ tier3      standard     AES-256_0015_openssl.bin  GT=AES-256    PRED=UNKNOWN      (0.2s)
    ⏳ 429, retry in 6s (attempt 1)
    ⏳ 429, retry in 11s (attempt 2)
    ⏳ 429, retry in 21s (attempt 3)
    ⏳ 429, retry in 41s (attempt 4)
    ⏳ 429, retry in 60s (attempt 5)
  ⚠️ tier3      tier3_raw    AES-256_0015_openssl.bin  GT=AES-256    PRED=UNKNOWN      (0.2s)
    ⏳ 429, retry in 6s (attempt 1)
    ⏳ 429, retry in 11s (attempt 2)
    ⏳ 429, retry in 21s (attempt 3)
    ⏳ 429, retry in 41s (attempt 4)
    ⏳ 429, retry in 60s (attempt 5)
  ⚠️ tier3      standard     AES-256_0016_pycryptodome GT=AES-256    PRED=UNKNOWN      (0.6s)
    ⏳ 429, retry in 6s (attempt 1)
    ⏳ 429, retry in 11s (attempt 2)
    ⏳ 429, retry in 21s (attempt 3)
    ⏳ 429, retry in 41s (attempt 4)
    ⏳ 429, retry in 60s (attempt 5)
  ⚠️ tier3      tier3_raw    AES-256_0016_pycryptodome GT=AES-256    PRED=UNKNOWN      (0.2s)
    ⏳ 429, retry in 6s (attempt 1)
    ⏳ 429, retry in 11s (attempt 2)
    ⏳ 429, retry in 21s (attempt 3)
    ⏳ 429, retry in 41s (attempt 4)
    ⏳ 429, retry in 60s (attempt 5)
  ⚠️ tier3      standard     AES-256_0017_openssl.bin  GT=AES-256    PRED=UNKNOWN      (0.2s)
    ⏳ 429, retry in 6s (attempt 1)
    ⏳ 429, retry in 11s (attempt 2)
    ⏳ 429, retry in 21s (attempt 3)
    ⏳ 429, retry in 41s (attempt 4)
    ⏳ 429, retry in 60s (attempt 5)
  ⚠️ tier3      tier3_raw    AES-256_0017_openssl.bin  GT=AES-256    PRED=UNKNOWN      (0.2s)
    ⏳ 429, retry in 6s (attempt 1)
    ⏳ 429, retry in 11s (attempt 2)
    ⏳ 429, retry in 21s (attempt 3)
    ⏳ 429, retry in 41s (attempt 4)
    ⏳ 429, retry in 60s (attempt 5)
  ⚠️ tier3      standard     AES-256_0018_openssl.bin  GT=AES-256    PRED=UNKNOWN      (0.2s)
    ⏳ 429, retry in 6s (attempt 1)
    ⏳ 429, retry in 11s (attempt 2)
    ⏳ 429, retry in 21s (attempt 3)
    ⏳ 429, retry in 41s (attempt 4)
    ⏳ 429, retry in 60s (attempt 5)
  ⚠️ tier3      tier3_raw    AES-256_0018_openssl.bin  GT=AES-256    PRED=UNKNOWN      (0.3s)
    ⏳ 429, retry in 6s (attempt 1)
    ⏳ 429, retry in 11s (attempt 2)
    ⏳ 429, retry in 21s (attempt 3)
    ⏳ 429, retry in 41s (attempt 4)
    ⏳ 429, retry in 60s (attempt 5)
  ⚠️ tier3      standard     AES-256_0019_pycryptodome GT=AES-256    PRED=UNKNOWN      (0.2s)
    ⏳ 429, retry in 6s (attempt 1)
    ⏳ 429, retry in 11s (attempt 2)
    ⏳ 429, retry in 21s (attempt 3)
    ⏳ 429, retry in 41s (attempt 4)
    ⏳ 429, retry in 60s (attempt 5)
  ⚠️ tier3      tier3_raw    AES-256_0019_pycryptodome GT=AES-256    PRED=UNKNOWN      (0.2s)
    ⏳ 429, retry in 6s (attempt 1)
    ⏳ 429, retry in 11s (attempt 2)
    ⏳ 429, retry in 21s (attempt 3)
    ⏳ 429, retry in 41s (attempt 4)
    ⏳ 429, retry in 60s (attempt 5)
  ⚠️ tier3      standard     AES-256_0020_pycryptodome GT=AES-256    PRED=UNKNOWN      (0.2s)
    ⏳ 429, retry in 6s (attempt 1)
    ⏳ 429, retry in 11s (attempt 2)
    ⏳ 429, retry in 21s (attempt 3)
    ⏳ 429, retry in 41s (attempt 4)
    ⏳ 429, retry in 60s (attempt 5)
  ⚠️ tier3      tier3_raw    AES-256_0020_pycryptodome GT=AES-256    PRED=UNKNOWN      (0.3s)
    ⏳ 429, retry in 6s (attempt 1)
    ⏳ 429, retry in 11s (attempt 2)
    ⏳ 429, retry in 21s (attempt 3)
    ⏳ 429, retry in 41s (attempt 4)
    ⏳ 429, retry in 60s (attempt 5)
  ⚠️ tier3      standard     ChaCha20_0001_openssl.bin GT=ChaCha20   PRED=UNKNOWN      (0.2s)
    ⏳ 429, retry in 6s (attempt 1)
    ⏳ 429, retry in 11s (attempt 2)
    ⏳ 429, retry in 21s (attempt 3)
    ⏳ 429, retry in 41s (attempt 4)
    ⏳ 429, retry in 60s (attempt 5)
  ⚠️ tier3      tier3_raw    ChaCha20_0001_openssl.bin GT=ChaCha20   PRED=UNKNOWN      (0.2s)
    ⏳ 429, retry in 6s (attempt 1)
    ⏳ 429, retry in 11s (attempt 2)
    ⏳ 429, retry in 21s (attempt 3)
    ⏳ 429, retry in 41s (attempt 4)
    ⏳ 429, retry in 60s (attempt 5)
  ⚠️ tier3      standard     ChaCha20_0002_pycryptodom GT=ChaCha20   PRED=UNKNOWN      (0.2s)
    ⏳ 429, retry in 6s (attempt 1)
    ⏳ 429, retry in 11s (attempt 2)
    ⏳ 429, retry in 21s (attempt 3)
    ⏳ 429, retry in 41s (attempt 4)
    ⏳ 429, retry in 60s (attempt 5)
  ⚠️ tier3      tier3_raw    ChaCha20_0002_pycryptodom GT=ChaCha20   PRED=UNKNOWN      (0.2s)
    ⏳ 429, retry in 6s (attempt 1)
    ⏳ 429, retry in 11s (attempt 2)
    ⏳ 429, retry in 21s (attempt 3)
  ❌ tier3      standard     ChaCha20_0003_openssl.bin GT=ChaCha20   PRED=AES-256      (10.1s)
  ❌ tier3      tier3_raw    ChaCha20_0003_openssl.bin GT=ChaCha20   PRED=AES-256      (14.3s)
  ❌ tier3      standard     ChaCha20_0004_pycryptodom GT=ChaCha20   PRED=AES-256      (17.5s)
  ❌ tier3      tier3_raw    ChaCha20_0004_pycryptodom GT=ChaCha20   PRED=RSA-2048     (20.2s)
  ❌ tier3      standard     ChaCha20_0005_openssl.bin GT=ChaCha20   PRED=AES-256      (18.4s)
  ❌ tier3      tier3_raw    ChaCha20_0005_openssl.bin GT=ChaCha20   PRED=AES-256      (15.6s)
  ❌ tier3      standard     ChaCha20_0006_pycryptodom GT=ChaCha20   PRED=AES-256      (16.4s)
  ❌ tier3      tier3_raw    ChaCha20_0006_pycryptodom GT=ChaCha20   PRED=AES-256      (14.2s)
  ❌ tier3      standard     ChaCha20_0007_pycryptodom GT=ChaCha20   PRED=AES-256      (31.0s)
  ❌ tier3      tier3_raw    ChaCha20_0007_pycryptodom GT=ChaCha20   PRED=AES-256      (6.3s)
  ❌ tier3      standard     ChaCha20_0008_pycryptodom GT=ChaCha20   PRED=AES-256      (25.8s)
  ❌ tier3      tier3_raw    ChaCha20_0008_pycryptodom GT=ChaCha20   PRED=AES-256      (9.2s)
  ❌ tier3      standard     ChaCha20_0009_pycryptodom GT=ChaCha20   PRED=AES-256      (13.8s)
  ❌ tier3      tier3_raw    ChaCha20_0009_pycryptodom GT=ChaCha20   PRED=AES-256      (15.8s)
  ❌ tier3      standard     ChaCha20_0010_pycryptodom GT=ChaCha20   PRED=AES-256      (21.0s)
  ❌ tier3      tier3_raw    ChaCha20_0010_pycryptodom GT=ChaCha20   PRED=AES-256      (6.8s)
  ❌ tier3      standard     ChaCha20_0011_pycryptodom GT=ChaCha20   PRED=AES-256      (14.1s)
  ❌ tier3      tier3_raw    ChaCha20_0011_pycryptodom GT=ChaCha20   PRED=AES-256      (16.9s)
  ❌ tier3      standard     ChaCha20_0012_openssl.bin GT=ChaCha20   PRED=AES-256      (17.0s)
  ❌ tier3      tier3_raw    ChaCha20_0012_openssl.bin GT=ChaCha20   PRED=AES-256      (6.4s)
  ❌ tier3      standard     ChaCha20_0013_pycryptodom GT=ChaCha20   PRED=AES-256      (8.9s)
  ❌ tier3      tier3_raw    ChaCha20_0013_pycryptodom GT=ChaCha20   PRED=AES-256      (37.4s)
  ❌ tier3      standard     ChaCha20_0014_openssl.bin GT=ChaCha20   PRED=AES-256      (2.9s)
  ❌ tier3      tier3_raw    ChaCha20_0014_openssl.bin GT=ChaCha20   PRED=AES-256      (2.7s)
  ❌ tier3      standard     ChaCha20_0015_openssl.bin GT=ChaCha20   PRED=AES-256      (4.0s)
  ❌ tier3      tier3_raw    ChaCha20_0015_openssl.bin GT=ChaCha20   PRED=AES-256      (5.3s)
  ✅ tier3      standard     ChaCha20_0016_openssl.bin GT=ChaCha20   PRED=ChaCha20     (5.0s)
  ❌ tier3      tier3_raw    ChaCha20_0016_openssl.bin GT=ChaCha20   PRED=AES-256      (5.8s)
  ❌ tier3      standard     ChaCha20_0017_openssl.bin GT=ChaCha20   PRED=AES-256      (2.8s)
  ❌ tier3      tier3_raw    ChaCha20_0017_openssl.bin GT=ChaCha20   PRED=AES-256      (3.1s)
  ❌ tier3      standard     ChaCha20_0018_pycryptodom GT=ChaCha20   PRED=AES-256      (3.1s)
  ❌ tier3      tier3_raw    ChaCha20_0018_pycryptodom GT=ChaCha20   PRED=AES-256      (3.0s)
  ❌ tier3      standard     ChaCha20_0019_openssl.bin GT=ChaCha20   PRED=AES-256      (2.7s)
  ❌ tier3      tier3_raw    ChaCha20_0019_openssl.bin GT=ChaCha20   PRED=AES-256      (3.2s)
  ❌ tier3      standard     ChaCha20_0020_openssl.bin GT=ChaCha20   PRED=AES-256      (2.7s)
  ❌ tier3      tier3_raw    ChaCha20_0020_openssl.bin GT=ChaCha20   PRED=AES-256      (4.6s)
  ❌ tier3      standard     DES_0001_pycryptodome.bin GT=DES        PRED=AES-256      (3.5s)
  ❌ tier3      tier3_raw    DES_0001_pycryptodome.bin GT=DES        PRED=AES-256      (6.5s)
  ❌ tier3      standard     DES_0002_openssl.bin      GT=DES        PRED=AES-256      (4.9s)
  ❌ tier3      tier3_raw    DES_0002_openssl.bin      GT=DES        PRED=AES-256      (2.6s)
  ❌ tier3      standard     DES_0003_openssl.bin      GT=DES        PRED=AES-256      (3.4s)
  ❌ tier3      tier3_raw    DES_0003_openssl.bin      GT=DES        PRED=ChaCha20     (2.6s)
  ❌ tier3      standard     DES_0004_openssl.bin      GT=DES        PRED=ChaCha20     (2.8s)
  ❌ tier3      tier3_raw    DES_0004_openssl.bin      GT=DES        PRED=AES-256      (2.7s)
  ❌ tier3      standard     DES_0005_pycryptodome.bin GT=DES        PRED=AES-256      (2.9s)
  ❌ tier3      tier3_raw    DES_0005_pycryptodome.bin GT=DES        PRED=AES-256      (3.0s)
  ❌ tier3      standard     DES_0006_openssl.bin      GT=DES        PRED=AES-256      (2.5s)
  ❌ tier3      tier3_raw    DES_0006_openssl.bin      GT=DES        PRED=ML-KEM-768   (3.5s)
  ❌ tier3      standard     DES_0007_openssl.bin      GT=DES        PRED=AES-256      (3.8s)
  ❌ tier3      tier3_raw    DES_0007_openssl.bin      GT=DES        PRED=AES-256      (2.7s)
  ❌ tier3      standard     DES_0008_pycryptodome.bin GT=DES        PRED=AES-256      (4.8s)
  ❌ tier3      tier3_raw    DES_0008_pycryptodome.bin GT=DES        PRED=ML-KEM-768   (3.7s)
  ❌ tier3      standard     DES_0009_pycryptodome.bin GT=DES        PRED=AES-256      (6.5s)
  ❌ tier3      tier3_raw    DES_0009_pycryptodome.bin GT=DES        PRED=AES-256      (4.1s)
  ❌ tier3      standard     DES_0010_openssl.bin      GT=DES        PRED=ML-KEM-768   (2.9s)
  ❌ tier3      tier3_raw    DES_0010_openssl.bin      GT=DES        PRED=AES-256      (3.9s)
  ❌ tier3      standard     DES_0011_openssl.bin      GT=DES        PRED=ML-KEM-768   (5.9s)
  ❌ tier3      tier3_raw    DES_0011_openssl.bin      GT=DES        PRED=AES-256      (3.9s)
  ❌ tier3      standard     DES_0012_pycryptodome.bin GT=DES        PRED=AES-256      (3.1s)
  ❌ tier3      tier3_raw    DES_0012_pycryptodome.bin GT=DES        PRED=ML-KEM-768   (4.0s)
  ❌ tier3      standard     DES_0013_pycryptodome.bin GT=DES        PRED=ML-KEM-768   (3.2s)
  ❌ tier3      tier3_raw    DES_0013_pycryptodome.bin GT=DES        PRED=AES-256      (3.4s)
  ❌ tier3      standard     DES_0014_pycryptodome.bin GT=DES        PRED=AES-256      (2.8s)
  ❌ tier3      tier3_raw    DES_0014_pycryptodome.bin GT=DES        PRED=AES-256      (4.7s)
  ❌ tier3      standard     DES_0015_openssl.bin      GT=DES        PRED=AES-256      (2.8s)
  ❌ tier3      tier3_raw    DES_0015_openssl.bin      GT=DES        PRED=AES-256      (2.7s)
  ❌ tier3      standard     DES_0016_pycryptodome.bin GT=DES        PRED=AES-256      (2.7s)
  ❌ tier3      tier3_raw    DES_0016_pycryptodome.bin GT=DES        PRED=AES-256      (2.4s)
  ❌ tier3      standard     DES_0017_openssl.bin      GT=DES        PRED=AES-256      (2.6s)
  ❌ tier3      tier3_raw    DES_0017_openssl.bin      GT=DES        PRED=AES-256      (2.9s)
  ❌ tier3      standard     DES_0018_pycryptodome.bin GT=DES        PRED=AES-256      (2.9s)
  ❌ tier3      tier3_raw    DES_0018_pycryptodome.bin GT=DES        PRED=AES-256      (2.7s)
  ❌ tier3      standard     DES_0019_openssl.bin      GT=DES        PRED=AES-256      (4.8s)
  ❌ tier3      tier3_raw    DES_0019_openssl.bin      GT=DES        PRED=AES-256      (2.5s)
  ❌ tier3      standard     DES_0020_pycryptodome.bin GT=DES        PRED=AES-256      (3.6s)
  ❌ tier3      tier3_raw    DES_0020_pycryptodome.bin GT=DES        PRED=ML-KEM-768   (2.8s)
  ❌ tier3      standard     ML-KEM-768_0001_openssl.b GT=ML-KEM-768 PRED=AES-256      (2.3s)
  ❌ tier3      tier3_raw    ML-KEM-768_0001_openssl.b GT=ML-KEM-768 PRED=AES-256      (2.4s)
  ❌ tier3      standard     ML-KEM-768_0002_openssl.b GT=ML-KEM-768 PRED=AES-256      (2.8s)
  ✅ tier3      tier3_raw    ML-KEM-768_0002_openssl.b GT=ML-KEM-768 PRED=ML-KEM-768   (2.2s)
  ❌ tier3      standard     ML-KEM-768_0003_openssl.b GT=ML-KEM-768 PRED=AES-256      (2.7s)
  ❌ tier3      tier3_raw    ML-KEM-768_0003_openssl.b GT=ML-KEM-768 PRED=AES-256      (2.4s)
  ❌ tier3      standard     ML-KEM-768_0004_openssl.b GT=ML-KEM-768 PRED=AES-256      (2.3s)
  ❌ tier3      tier3_raw    ML-KEM-768_0004_openssl.b GT=ML-KEM-768 PRED=AES-256      (2.3s)
  ❌ tier3      standard     ML-KEM-768_0005_openssl.b GT=ML-KEM-768 PRED=AES-128      (3.2s)
  ✅ tier3      tier3_raw    ML-KEM-768_0005_openssl.b GT=ML-KEM-768 PRED=ML-KEM-768   (2.3s)
  ✅ tier3      standard     ML-KEM-768_0006_openssl.b GT=ML-KEM-768 PRED=ML-KEM-768   (3.5s)
  ❌ tier3      tier3_raw    ML-KEM-768_0006_openssl.b GT=ML-KEM-768 PRED=AES-256      (3.6s)
  ✅ tier3      standard     ML-KEM-768_0007_openssl.b GT=ML-KEM-768 PRED=ML-KEM-768   (2.3s)
  ❌ tier3      tier3_raw    ML-KEM-768_0007_openssl.b GT=ML-KEM-768 PRED=AES-256      (2.4s)
  ❌ tier3      standard     ML-KEM-768_0008_openssl.b GT=ML-KEM-768 PRED=AES-256      (2.9s)
  ✅ tier3      tier3_raw    ML-KEM-768_0008_openssl.b GT=ML-KEM-768 PRED=ML-KEM-768   (1.7s)
  ❌ tier3      standard     ML-KEM-768_0009_openssl.b GT=ML-KEM-768 PRED=AES-256      (3.6s)
  ❌ tier3      tier3_raw    ML-KEM-768_0009_openssl.b GT=ML-KEM-768 PRED=AES-256      (2.6s)
  ❌ tier3      standard     ML-KEM-768_0010_openssl.b GT=ML-KEM-768 PRED=AES-256      (2.5s)
  ❌ tier3      tier3_raw    ML-KEM-768_0010_openssl.b GT=ML-KEM-768 PRED=AES-256      (2.4s)
  ❌ tier3      standard     ML-KEM-768_0011_openssl.b GT=ML-KEM-768 PRED=AES-256      (4.1s)
  ❌ tier3      tier3_raw    ML-KEM-768_0011_openssl.b GT=ML-KEM-768 PRED=AES-256      (2.2s)
  ❌ tier3      standard     ML-KEM-768_0012_openssl.b GT=ML-KEM-768 PRED=AES-256      (2.5s)
  ✅ tier3      tier3_raw    ML-KEM-768_0012_openssl.b GT=ML-KEM-768 PRED=ML-KEM-768   (3.3s)
  ❌ tier3      standard     ML-KEM-768_0013_openssl.b GT=ML-KEM-768 PRED=AES-256      (2.4s)
  ❌ tier3      tier3_raw    ML-KEM-768_0013_openssl.b GT=ML-KEM-768 PRED=AES-256      (2.0s)
  ❌ tier3      standard     ML-KEM-768_0014_openssl.b GT=ML-KEM-768 PRED=AES-256      (2.9s)
  ✅ tier3      tier3_raw    ML-KEM-768_0014_openssl.b GT=ML-KEM-768 PRED=ML-KEM-768   (2.0s)
  ✅ tier3      standard     ML-KEM-768_0015_openssl.b GT=ML-KEM-768 PRED=ML-KEM-768   (1.9s)
  ❌ tier3      tier3_raw    ML-KEM-768_0015_openssl.b GT=ML-KEM-768 PRED=AES-256      (2.3s)
  ✅ tier3      standard     ML-KEM-768_0016_openssl.b GT=ML-KEM-768 PRED=ML-KEM-768   (2.2s)
  ✅ tier3      tier3_raw    ML-KEM-768_0016_openssl.b GT=ML-KEM-768 PRED=ML-KEM-768   (2.9s)
  ✅ tier3      standard     ML-KEM-768_0017_openssl.b GT=ML-KEM-768 PRED=ML-KEM-768   (2.7s)
  ❌ tier3      tier3_raw    ML-KEM-768_0017_openssl.b GT=ML-KEM-768 PRED=AES-256      (2.6s)
  ✅ tier3      standard     ML-KEM-768_0018_openssl.b GT=ML-KEM-768 PRED=ML-KEM-768   (1.4s)
  ❌ tier3      tier3_raw    ML-KEM-768_0018_openssl.b GT=ML-KEM-768 PRED=AES-256      (2.5s)
  ✅ tier3      standard     ML-KEM-768_0019_openssl.b GT=ML-KEM-768 PRED=ML-KEM-768   (2.0s)
  ❌ tier3      tier3_raw    ML-KEM-768_0019_openssl.b GT=ML-KEM-768 PRED=AES-256      (2.5s)
  ❌ tier3      standard     ML-KEM-768_0020_openssl.b GT=ML-KEM-768 PRED=AES-256      (2.7s)
  ❌ tier3      tier3_raw    ML-KEM-768_0020_openssl.b GT=ML-KEM-768 PRED=AES-256      (2.7s)
  ✅ tier3      standard     RSA-2048_0001_pycryptodom GT=RSA-2048   PRED=RSA-2048     (2.0s)
  ❌ tier3      tier3_raw    RSA-2048_0001_pycryptodom GT=RSA-2048   PRED=AES-256      (2.8s)
  ❌ tier3      standard     RSA-2048_0002_pycryptodom GT=RSA-2048   PRED=AES-256      (2.3s)
  ❌ tier3      tier3_raw    RSA-2048_0002_pycryptodom GT=RSA-2048   PRED=AES-256      (2.3s)
  ✅ tier3      standard     RSA-2048_0003_openssl.bin GT=RSA-2048   PRED=RSA-2048     (3.2s)
  ✅ tier3      tier3_raw    RSA-2048_0003_openssl.bin GT=RSA-2048   PRED=RSA-2048     (2.2s)
  ❌ tier3      standard     RSA-2048_0004_openssl.bin GT=RSA-2048   PRED=AES-256      (3.1s)
  ❌ tier3      tier3_raw    RSA-2048_0004_openssl.bin GT=RSA-2048   PRED=AES-256      (2.6s)
  ❌ tier3      standard     RSA-2048_0005_pycryptodom GT=RSA-2048   PRED=AES-256      (2.5s)
  ❌ tier3      tier3_raw    RSA-2048_0005_pycryptodom GT=RSA-2048   PRED=AES-256      (2.7s)
  ❌ tier3      standard     RSA-2048_0006_pycryptodom GT=RSA-2048   PRED=AES-256      (2.2s)
  ❌ tier3      tier3_raw    RSA-2048_0006_pycryptodom GT=RSA-2048   PRED=AES-256      (2.9s)
  ❌ tier3      standard     RSA-2048_0007_pycryptodom GT=RSA-2048   PRED=AES-256      (2.3s)
  ❌ tier3      tier3_raw    RSA-2048_0007_pycryptodom GT=RSA-2048   PRED=AES-256      (2.2s)
  ❌ tier3      standard     RSA-2048_0008_openssl.bin GT=RSA-2048   PRED=AES-256      (3.0s)
  ❌ tier3      tier3_raw    RSA-2048_0008_openssl.bin GT=RSA-2048   PRED=AES-256      (2.4s)
  ✅ tier3      standard     RSA-2048_0009_openssl.bin GT=RSA-2048   PRED=RSA-2048     (2.4s)
  ❌ tier3      tier3_raw    RSA-2048_0009_openssl.bin GT=RSA-2048   PRED=AES-256      (2.8s)
  ❌ tier3      standard     RSA-2048_0010_pycryptodom GT=RSA-2048   PRED=AES-256      (2.0s)
  ❌ tier3      tier3_raw    RSA-2048_0010_pycryptodom GT=RSA-2048   PRED=AES-256      (2.3s)
  ✅ tier3      standard     RSA-2048_0011_pycryptodom GT=RSA-2048   PRED=RSA-2048     (2.3s)
  ❌ tier3      tier3_raw    RSA-2048_0011_pycryptodom GT=RSA-2048   PRED=AES-256      (2.2s)
  ❌ tier3      standard     RSA-2048_0012_openssl.bin GT=RSA-2048   PRED=AES-256      (3.6s)
  ❌ tier3      tier3_raw    RSA-2048_0012_openssl.bin GT=RSA-2048   PRED=AES-128      (2.2s)
  ❌ tier3      standard     RSA-2048_0013_pycryptodom GT=RSA-2048   PRED=AES-256      (2.6s)
  ❌ tier3      tier3_raw    RSA-2048_0013_pycryptodom GT=RSA-2048   PRED=AES-256      (2.1s)
  ❌ tier3      standard     RSA-2048_0014_pycryptodom GT=RSA-2048   PRED=AES-256      (2.3s)
  ❌ tier3      tier3_raw    RSA-2048_0014_pycryptodom GT=RSA-2048   PRED=AES-256      (2.2s)
  ❌ tier3      standard     RSA-2048_0015_pycryptodom GT=RSA-2048   PRED=AES-256      (2.4s)
  ❌ tier3      tier3_raw    RSA-2048_0015_pycryptodom GT=RSA-2048   PRED=AES-256      (2.2s)
  ✅ tier3      standard     RSA-2048_0016_openssl.bin GT=RSA-2048   PRED=RSA-2048     (2.1s)
  ❌ tier3      tier3_raw    RSA-2048_0016_openssl.bin GT=RSA-2048   PRED=AES-256      (3.0s)
  ✅ tier3      standard     RSA-2048_0017_openssl.bin GT=RSA-2048   PRED=RSA-2048     (1.7s)
  ❌ tier3      tier3_raw    RSA-2048_0017_openssl.bin GT=RSA-2048   PRED=AES-256      (2.2s)
  ❌ tier3      standard     RSA-2048_0018_openssl.bin GT=RSA-2048   PRED=AES-256      (2.2s)
  ❌ tier3      tier3_raw    RSA-2048_0018_openssl.bin GT=RSA-2048   PRED=AES-256      (2.7s)
  ❌ tier3      standard     RSA-2048_0019_openssl.bin GT=RSA-2048   PRED=AES-256      (2.8s)
  ❌ tier3      tier3_raw    RSA-2048_0019_openssl.bin GT=RSA-2048   PRED=AES-256      (3.3s)
  ❌ tier3      standard     RSA-2048_0020_openssl.bin GT=RSA-2048   PRED=AES-256      (2.1s)
  ❌ tier3      tier3_raw    RSA-2048_0020_openssl.bin GT=RSA-2048   PRED=AES-256      (3.1s)
  ✓ tier3_raw complete for nemotron-3-super:cloud
  ❌ tier4a     standard     3DES_0001_openssl.bin     GT=3DES       PRED=AES-256      (2.2s)
  ❌ tier4a     standard     3DES_0002_openssl.bin     GT=3DES       PRED=AES-256      (2.7s)
  ❌ tier4a     standard     3DES_0003_pycryptodome.bi GT=3DES       PRED=AES-256      (2.5s)
  ❌ tier4a     standard     3DES_0004_pycryptodome.bi GT=3DES       PRED=AES-256      (2.1s)
  ❌ tier4a     standard     3DES_0005_openssl.bin     GT=3DES       PRED=AES-256      (2.8s)
  ❌ tier4a     standard     3DES_0006_pycryptodome.bi GT=3DES       PRED=AES-256      (3.4s)
  ❌ tier4a     standard     3DES_0007_openssl.bin     GT=3DES       PRED=AES-256      (2.2s)
  ❌ tier4a     standard     3DES_0008_pycryptodome.bi GT=3DES       PRED=AES-256      (1.8s)
  ❌ tier4a     standard     3DES_0009_openssl.bin     GT=3DES       PRED=AES-256      (2.1s)
  ❌ tier4a     standard     3DES_0010_pycryptodome.bi GT=3DES       PRED=AES-256      (1.9s)
  ❌ tier4a     standard     3DES_0011_pycryptodome.bi GT=3DES       PRED=AES-256      (2.9s)
  ❌ tier4a     standard     3DES_0012_openssl.bin     GT=3DES       PRED=AES-256      (2.4s)
  ❌ tier4a     standard     3DES_0013_openssl.bin     GT=3DES       PRED=AES-256      (2.2s)
  ❌ tier4a     standard     3DES_0014_openssl.bin     GT=3DES       PRED=AES-256      (2.1s)
  ❌ tier4a     standard     3DES_0015_pycryptodome.bi GT=3DES       PRED=AES-256      (1.7s)
  ❌ tier4a     standard     3DES_0016_openssl.bin     GT=3DES       PRED=AES-256      (3.9s)
  ❌ tier4a     standard     3DES_0017_openssl.bin     GT=3DES       PRED=AES-256      (2.5s)
  ❌ tier4a     standard     3DES_0018_pycryptodome.bi GT=3DES       PRED=AES-256      (2.8s)
  ❌ tier4a     standard     3DES_0019_pycryptodome.bi GT=3DES       PRED=AES-256      (1.8s)
  ❌ tier4a     standard     3DES_0020_openssl.bin     GT=3DES       PRED=AES-256      (2.0s)
  ❌ tier4a     standard     AES-128_0001_openssl.bin  GT=AES-128    PRED=AES-256      (2.7s)
  ❌ tier4a     standard     AES-128_0002_pycryptodome GT=AES-128    PRED=AES-256      (2.2s)
  ❌ tier4a     standard     AES-128_0003_pycryptodome GT=AES-128    PRED=AES-256      (2.2s)
  ❌ tier4a     standard     AES-128_0004_openssl.bin  GT=AES-128    PRED=AES-256      (2.0s)
  ❌ tier4a     standard     AES-128_0005_openssl.bin  GT=AES-128    PRED=AES-256      (1.9s)
  ❌ tier4a     standard     AES-128_0006_pycryptodome GT=AES-128    PRED=AES-256      (4.1s)
  ❌ tier4a     standard     AES-128_0007_pycryptodome GT=AES-128    PRED=AES-256      (2.4s)
  ❌ tier4a     standard     AES-128_0008_pycryptodome GT=AES-128    PRED=AES-256      (5.0s)
  ❌ tier4a     standard     AES-128_0009_openssl.bin  GT=AES-128    PRED=AES-256      (3.7s)
  ❌ tier4a     standard     AES-128_0010_openssl.bin  GT=AES-128    PRED=AES-256      (2.0s)
  ❌ tier4a     standard     AES-128_0011_pycryptodome GT=AES-128    PRED=AES-256      (1.8s)
  ❌ tier4a     standard     AES-128_0012_pycryptodome GT=AES-128    PRED=AES-256      (2.0s)
  ❌ tier4a     standard     AES-128_0013_openssl.bin  GT=AES-128    PRED=AES-256      (2.5s)
  ❌ tier4a     standard     AES-128_0014_openssl.bin  GT=AES-128    PRED=AES-256      (1.7s)
  ❌ tier4a     standard     AES-128_0015_pycryptodome GT=AES-128    PRED=AES-256      (3.5s)
  ❌ tier4a     standard     AES-128_0016_openssl.bin  GT=AES-128    PRED=AES-256      (4.3s)
  ❌ tier4a     standard     AES-128_0017_pycryptodome GT=AES-128    PRED=AES-256      (2.4s)
  ❌ tier4a     standard     AES-128_0018_openssl.bin  GT=AES-128    PRED=AES-256      (1.9s)
  ❌ tier4a     standard     AES-128_0019_pycryptodome GT=AES-128    PRED=AES-256      (2.3s)
  ❌ tier4a     standard     AES-128_0020_pycryptodome GT=AES-128    PRED=AES-256      (4.5s)
  ✅ tier4a     standard     AES-256_0001_openssl.bin  GT=AES-256    PRED=AES-256      (3.4s)
  ❌ tier4a     standard     AES-256_0002_openssl.bin  GT=AES-256    PRED=ML-KEM-768   (2.6s)
  ✅ tier4a     standard     AES-256_0003_openssl.bin  GT=AES-256    PRED=AES-256      (1.9s)
  ✅ tier4a     standard     AES-256_0004_openssl.bin  GT=AES-256    PRED=AES-256      (5.2s)
  ✅ tier4a     standard     AES-256_0005_openssl.bin  GT=AES-256    PRED=AES-256      (1.8s)
  ✅ tier4a     standard     AES-256_0006_openssl.bin  GT=AES-256    PRED=AES-256      (1.8s)
  ✅ tier4a     standard     AES-256_0007_pycryptodome GT=AES-256    PRED=AES-256      (2.0s)
  ✅ tier4a     standard     AES-256_0008_pycryptodome GT=AES-256    PRED=AES-256      (2.2s)
  ✅ tier4a     standard     AES-256_0009_openssl.bin  GT=AES-256    PRED=AES-256      (3.2s)
  ✅ tier4a     standard     AES-256_0010_openssl.bin  GT=AES-256    PRED=AES-256      (5.3s)
  ✅ tier4a     standard     AES-256_0011_pycryptodome GT=AES-256    PRED=AES-256      (3.2s)
  ✅ tier4a     standard     AES-256_0012_pycryptodome GT=AES-256    PRED=AES-256      (2.6s)
  ✅ tier4a     standard     AES-256_0013_openssl.bin  GT=AES-256    PRED=AES-256      (2.6s)
  ✅ tier4a     standard     AES-256_0014_openssl.bin  GT=AES-256    PRED=AES-256      (2.2s)
  ✅ tier4a     standard     AES-256_0015_openssl.bin  GT=AES-256    PRED=AES-256      (3.4s)
  ✅ tier4a     standard     AES-256_0016_pycryptodome GT=AES-256    PRED=AES-256      (2.9s)
  ✅ tier4a     standard     AES-256_0017_openssl.bin  GT=AES-256    PRED=AES-256      (7.4s)
  ✅ tier4a     standard     AES-256_0018_openssl.bin  GT=AES-256    PRED=AES-256      (4.1s)
  ✅ tier4a     standard     AES-256_0019_pycryptodome GT=AES-256    PRED=AES-256      (3.4s)
  ✅ tier4a     standard     AES-256_0020_pycryptodome GT=AES-256    PRED=AES-256      (3.4s)
  ❌ tier4a     standard     ChaCha20_0001_openssl.bin GT=ChaCha20   PRED=AES-256      (1.7s)
  ❌ tier4a     standard     ChaCha20_0002_pycryptodom GT=ChaCha20   PRED=AES-256      (4.2s)
  ❌ tier4a     standard     ChaCha20_0003_openssl.bin GT=ChaCha20   PRED=AES-256      (3.1s)
  ❌ tier4a     standard     ChaCha20_0004_pycryptodom GT=ChaCha20   PRED=AES-256      (3.5s)
  ❌ tier4a     standard     ChaCha20_0005_openssl.bin GT=ChaCha20   PRED=AES-256      (3.1s)
  ❌ tier4a     standard     ChaCha20_0006_pycryptodom GT=ChaCha20   PRED=AES-256      (3.2s)
  ❌ tier4a     standard     ChaCha20_0007_pycryptodom GT=ChaCha20   PRED=AES-256      (2.5s)
  ❌ tier4a     standard     ChaCha20_0008_pycryptodom GT=ChaCha20   PRED=AES-256      (2.4s)
  ❌ tier4a     standard     ChaCha20_0009_pycryptodom GT=ChaCha20   PRED=AES-256      (2.1s)
  ❌ tier4a     standard     ChaCha20_0010_pycryptodom GT=ChaCha20   PRED=AES-128      (1.9s)
  ❌ tier4a     standard     ChaCha20_0011_pycryptodom GT=ChaCha20   PRED=AES-256      (1.7s)
  ❌ tier4a     standard     ChaCha20_0012_openssl.bin GT=ChaCha20   PRED=AES-256      (2.2s)
  ❌ tier4a     standard     ChaCha20_0013_pycryptodom GT=ChaCha20   PRED=AES-256      (2.3s)
  ❌ tier4a     standard     ChaCha20_0014_openssl.bin GT=ChaCha20   PRED=AES-256      (2.5s)
  ❌ tier4a     standard     ChaCha20_0015_openssl.bin GT=ChaCha20   PRED=AES-256      (3.5s)
  ❌ tier4a     standard     ChaCha20_0016_openssl.bin GT=ChaCha20   PRED=AES-256      (5.3s)
  ❌ tier4a     standard     ChaCha20_0017_openssl.bin GT=ChaCha20   PRED=ML-KEM-768   (5.2s)
  ❌ tier4a     standard     ChaCha20_0018_pycryptodom GT=ChaCha20   PRED=AES-256      (2.1s)
  ❌ tier4a     standard     ChaCha20_0019_openssl.bin GT=ChaCha20   PRED=AES-256      (4.9s)
  ❌ tier4a     standard     ChaCha20_0020_openssl.bin GT=ChaCha20   PRED=AES-256      (2.5s)
  ❌ tier4a     standard     DES_0001_pycryptodome.bin GT=DES        PRED=AES-256      (1.9s)
  ❌ tier4a     standard     DES_0002_openssl.bin      GT=DES        PRED=AES-256      (2.5s)
  ❌ tier4a     standard     DES_0003_openssl.bin      GT=DES        PRED=AES-256      (5.2s)
  ❌ tier4a     standard     DES_0004_openssl.bin      GT=DES        PRED=AES-256      (2.6s)
  ❌ tier4a     standard     DES_0005_pycryptodome.bin GT=DES        PRED=ML-KEM-768   (4.0s)
  ❌ tier4a     standard     DES_0006_openssl.bin      GT=DES        PRED=AES-256      (2.6s)
  ❌ tier4a     standard     DES_0007_openssl.bin      GT=DES        PRED=AES-256      (2.9s)
  ❌ tier4a     standard     DES_0008_pycryptodome.bin GT=DES        PRED=AES-256      (2.1s)
  ❌ tier4a     standard     DES_0009_pycryptodome.bin GT=DES        PRED=AES-128      (2.3s)
  ❌ tier4a     standard     DES_0010_openssl.bin      GT=DES        PRED=AES-256      (2.1s)
  ❌ tier4a     standard     DES_0011_openssl.bin      GT=DES        PRED=AES-256      (3.2s)
  ❌ tier4a     standard     DES_0012_pycryptodome.bin GT=DES        PRED=AES-256      (4.4s)
  ❌ tier4a     standard     DES_0013_pycryptodome.bin GT=DES        PRED=AES-256      (2.5s)
  ❌ tier4a     standard     DES_0014_pycryptodome.bin GT=DES        PRED=3DES         (3.0s)
  ❌ tier4a     standard     DES_0015_openssl.bin      GT=DES        PRED=AES-256      (3.3s)
  ❌ tier4a     standard     DES_0016_pycryptodome.bin GT=DES        PRED=AES-256      (2.5s)
  ❌ tier4a     standard     DES_0017_openssl.bin      GT=DES        PRED=AES-256      (2.1s)
  ❌ tier4a     standard     DES_0018_pycryptodome.bin GT=DES        PRED=AES-256      (2.1s)
  ❌ tier4a     standard     DES_0019_openssl.bin      GT=DES        PRED=AES-256      (2.0s)
  ❌ tier4a     standard     DES_0020_pycryptodome.bin GT=DES        PRED=AES-256      (4.8s)
  ❌ tier4a     standard     ML-KEM-768_0001_openssl.b GT=ML-KEM-768 PRED=AES-256      (3.2s)
  ✅ tier4a     standard     ML-KEM-768_0002_openssl.b GT=ML-KEM-768 PRED=ML-KEM-768   (3.5s)
  ❌ tier4a     standard     ML-KEM-768_0003_openssl.b GT=ML-KEM-768 PRED=AES-256      (3.7s)
  ❌ tier4a     standard     ML-KEM-768_0004_openssl.b GT=ML-KEM-768 PRED=AES-256      (2.1s)
  ❌ tier4a     standard     ML-KEM-768_0005_openssl.b GT=ML-KEM-768 PRED=AES-256      (4.5s)
  ❌ tier4a     standard     ML-KEM-768_0006_openssl.b GT=ML-KEM-768 PRED=AES-256      (2.4s)
  ❌ tier4a     standard     ML-KEM-768_0007_openssl.b GT=ML-KEM-768 PRED=AES-256      (2.5s)
  ❌ tier4a     standard     ML-KEM-768_0008_openssl.b GT=ML-KEM-768 PRED=AES-256      (2.0s)
  ❌ tier4a     standard     ML-KEM-768_0009_openssl.b GT=ML-KEM-768 PRED=AES-256      (2.6s)
  ❌ tier4a     standard     ML-KEM-768_0010_openssl.b GT=ML-KEM-768 PRED=AES-256      (3.3s)
  ❌ tier4a     standard     ML-KEM-768_0011_openssl.b GT=ML-KEM-768 PRED=AES-256      (3.3s)
  ❌ tier4a     standard     ML-KEM-768_0012_openssl.b GT=ML-KEM-768 PRED=AES-256      (3.6s)
  ❌ tier4a     standard     ML-KEM-768_0013_openssl.b GT=ML-KEM-768 PRED=AES-256      (2.5s)
  ❌ tier4a     standard     ML-KEM-768_0014_openssl.b GT=ML-KEM-768 PRED=AES-256      (3.0s)
  ❌ tier4a     standard     ML-KEM-768_0015_openssl.b GT=ML-KEM-768 PRED=AES-256      (4.9s)
  ❌ tier4a     standard     ML-KEM-768_0016_openssl.b GT=ML-KEM-768 PRED=AES-256      (3.0s)
  ❌ tier4a     standard     ML-KEM-768_0017_openssl.b GT=ML-KEM-768 PRED=AES-256      (1.9s)
  ❌ tier4a     standard     ML-KEM-768_0018_openssl.b GT=ML-KEM-768 PRED=AES-256      (2.1s)
  ❌ tier4a     standard     ML-KEM-768_0019_openssl.b GT=ML-KEM-768 PRED=AES-256      (4.0s)
  ❌ tier4a     standard     ML-KEM-768_0020_openssl.b GT=ML-KEM-768 PRED=AES-256      (2.3s)
  ❌ tier4a     standard     RSA-2048_0001_pycryptodom GT=RSA-2048   PRED=AES-256      (1.8s)
  ❌ tier4a     standard     RSA-2048_0002_pycryptodom GT=RSA-2048   PRED=AES-256      (2.2s)
  ❌ tier4a     standard     RSA-2048_0003_openssl.bin GT=RSA-2048   PRED=AES-256      (3.0s)
  ❌ tier4a     standard     RSA-2048_0004_openssl.bin GT=RSA-2048   PRED=AES-256      (3.0s)
  ❌ tier4a     standard     RSA-2048_0005_pycryptodom GT=RSA-2048   PRED=AES-256      (3.0s)
  ❌ tier4a     standard     RSA-2048_0006_pycryptodom GT=RSA-2048   PRED=AES-256      (2.2s)
  ❌ tier4a     standard     RSA-2048_0007_pycryptodom GT=RSA-2048   PRED=AES-256      (1.8s)
  ❌ tier4a     standard     RSA-2048_0008_openssl.bin GT=RSA-2048   PRED=AES-256      (2.0s)
  ❌ tier4a     standard     RSA-2048_0009_openssl.bin GT=RSA-2048   PRED=AES-256      (2.8s)
  ❌ tier4a     standard     RSA-2048_0010_pycryptodom GT=RSA-2048   PRED=AES-256      (1.8s)
  ❌ tier4a     standard     RSA-2048_0011_pycryptodom GT=RSA-2048   PRED=AES-256      (2.8s)
  ❌ tier4a     standard     RSA-2048_0012_openssl.bin GT=RSA-2048   PRED=AES-256      (2.6s)
  ❌ tier4a     standard     RSA-2048_0013_pycryptodom GT=RSA-2048   PRED=AES-256      (2.3s)
  ❌ tier4a     standard     RSA-2048_0014_pycryptodom GT=RSA-2048   PRED=AES-256      (4.8s)
  ❌ tier4a     standard     RSA-2048_0015_pycryptodom GT=RSA-2048   PRED=AES-256      (4.3s)
  ❌ tier4a     standard     RSA-2048_0016_openssl.bin GT=RSA-2048   PRED=AES-256      (3.9s)
  ❌ tier4a     standard     RSA-2048_0017_openssl.bin GT=RSA-2048   PRED=AES-256      (2.1s)
  ❌ tier4a     standard     RSA-2048_0018_openssl.bin GT=RSA-2048   PRED=AES-256      (3.2s)
  ❌ tier4a     standard     RSA-2048_0019_openssl.bin GT=RSA-2048   PRED=AES-256      (2.3s)
  ❌ tier4a     standard     RSA-2048_0020_openssl.bin GT=RSA-2048   PRED=AES-256      (2.2s)
  ✓ tier4a complete for nemotron-3-super:cloud
  ❌ tier5      standard     3DES_0001_openssl.bin     GT=3DES       PRED=AES-256      (2.1s)
  ❌ tier5      standard     3DES_0002_openssl.bin     GT=3DES       PRED=ML-KEM-768   (2.2s)
  ❌ tier5      standard     3DES_0003_pycryptodome.bi GT=3DES       PRED=AES-256      (2.3s)
  ✅ tier5      standard     3DES_0004_pycryptodome.bi GT=3DES       PRED=3DES         (3.0s)
  ❌ tier5      standard     3DES_0005_openssl.bin     GT=3DES       PRED=RSA-2048     (3.2s)
  ❌ tier5      standard     3DES_0006_pycryptodome.bi GT=3DES       PRED=ML-KEM-768   (2.0s)
  ❌ tier5      standard     3DES_0007_openssl.bin     GT=3DES       PRED=ML-KEM-768   (2.2s)
  ❌ tier5      standard     3DES_0008_pycryptodome.bi GT=3DES       PRED=ChaCha20     (4.2s)
  ❌ tier5      standard     3DES_0009_openssl.bin     GT=3DES       PRED=ML-KEM-768   (3.1s)
  ❌ tier5      standard     3DES_0010_pycryptodome.bi GT=3DES       PRED=AES-256      (2.5s)
  ✅ tier5      standard     3DES_0011_pycryptodome.bi GT=3DES       PRED=3DES         (3.3s)
  ✅ tier5      standard     3DES_0012_openssl.bin     GT=3DES       PRED=3DES         (2.4s)
  ✅ tier5      standard     3DES_0013_openssl.bin     GT=3DES       PRED=3DES         (2.8s)
  ❌ tier5      standard     3DES_0014_openssl.bin     GT=3DES       PRED=AES-128      (2.4s)
  ❌ tier5      standard     3DES_0015_pycryptodome.bi GT=3DES       PRED=ChaCha20     (2.5s)
  ❌ tier5      standard     3DES_0016_openssl.bin     GT=3DES       PRED=RSA-2048     (2.4s)
  ❌ tier5      standard     3DES_0017_openssl.bin     GT=3DES       PRED=ChaCha20     (2.7s)
  ❌ tier5      standard     3DES_0018_pycryptodome.bi GT=3DES       PRED=AES-256      (4.8s)
  ✅ tier5      standard     3DES_0019_pycryptodome.bi GT=3DES       PRED=3DES         (2.2s)
  ❌ tier5      standard     3DES_0020_openssl.bin     GT=3DES       PRED=AES-256      (3.7s)
  ❌ tier5      standard     AES-128_0001_openssl.bin  GT=AES-128    PRED=AES-256      (2.5s)
  ❌ tier5      standard     AES-128_0002_pycryptodome GT=AES-128    PRED=3DES         (2.9s)
  ❌ tier5      standard     AES-128_0003_pycryptodome GT=AES-128    PRED=AES-256      (4.2s)
  ❌ tier5      standard     AES-128_0004_openssl.bin  GT=AES-128    PRED=ChaCha20     (2.6s)
  ❌ tier5      standard     AES-128_0005_openssl.bin  GT=AES-128    PRED=AES-256      (4.2s)
  ❌ tier5      standard     AES-128_0006_pycryptodome GT=AES-128    PRED=ML-KEM-768   (2.3s)
  ❌ tier5      standard     AES-128_0007_pycryptodome GT=AES-128    PRED=AES-256      (2.3s)
  ❌ tier5      standard     AES-128_0008_pycryptodome GT=AES-128    PRED=ML-KEM-768   (2.1s)
  ❌ tier5      standard     AES-128_0009_openssl.bin  GT=AES-128    PRED=AES-256      (2.4s)
  ❌ tier5      standard     AES-128_0010_openssl.bin  GT=AES-128    PRED=AES-256      (4.4s)
  ❌ tier5      standard     AES-128_0011_pycryptodome GT=AES-128    PRED=AES-256      (2.1s)
  ❌ tier5      standard     AES-128_0012_pycryptodome GT=AES-128    PRED=ChaCha20     (2.5s)
  ❌ tier5      standard     AES-128_0013_openssl.bin  GT=AES-128    PRED=3DES         (2.2s)
  ❌ tier5      standard     AES-128_0014_openssl.bin  GT=AES-128    PRED=ChaCha20     (2.9s)
  ❌ tier5      standard     AES-128_0015_pycryptodome GT=AES-128    PRED=AES-256      (1.8s)
  ❌ tier5      standard     AES-128_0016_openssl.bin  GT=AES-128    PRED=AES-256      (2.5s)
  ❌ tier5      standard     AES-128_0017_pycryptodome GT=AES-128    PRED=AES-256      (2.4s)
  ❌ tier5      standard     AES-128_0018_openssl.bin  GT=AES-128    PRED=ML-KEM-768   (3.8s)
  ❌ tier5      standard     AES-128_0019_pycryptodome GT=AES-128    PRED=RSA-2048     (3.2s)
  ❌ tier5      standard     AES-128_0020_pycryptodome GT=AES-128    PRED=ML-KEM-768   (2.9s)
  ❌ tier5      standard     AES-256_0001_openssl.bin  GT=AES-256    PRED=ML-KEM-768   (2.7s)
  ❌ tier5      standard     AES-256_0002_openssl.bin  GT=AES-256    PRED=3DES         (1.8s)
  ❌ tier5      standard     AES-256_0003_openssl.bin  GT=AES-256    PRED=ML-KEM-768   (4.2s)
  ✅ tier5      standard     AES-256_0004_openssl.bin  GT=AES-256    PRED=AES-256      (1.8s)
  ❌ tier5      standard     AES-256_0005_openssl.bin  GT=AES-256    PRED=DES          (2.2s)
  ❌ tier5      standard     AES-256_0006_openssl.bin  GT=AES-256    PRED=ML-KEM-768   (4.2s)
  ❌ tier5      standard     AES-256_0007_pycryptodome GT=AES-256    PRED=ML-KEM-768   (2.6s)
  ❌ tier5      standard     AES-256_0008_pycryptodome GT=AES-256    PRED=ChaCha20     (2.4s)
  ❌ tier5      standard     AES-256_0009_openssl.bin  GT=AES-256    PRED=ChaCha20     (4.1s)
  ❌ tier5      standard     AES-256_0010_openssl.bin  GT=AES-256    PRED=ML-KEM-768   (3.2s)
  ❌ tier5      standard     AES-256_0011_pycryptodome GT=AES-256    PRED=DES          (2.2s)
  ❌ tier5      standard     AES-256_0012_pycryptodome GT=AES-256    PRED=3DES         (2.2s)
  ❌ tier5      standard     AES-256_0013_openssl.bin  GT=AES-256    PRED=DES          (1.8s)
  ❌ tier5      standard     AES-256_0014_openssl.bin  GT=AES-256    PRED=ML-KEM-768   (3.0s)
  ✅ tier5      standard     AES-256_0015_openssl.bin  GT=AES-256    PRED=AES-256      (3.8s)
  ❌ tier5      standard     AES-256_0016_pycryptodome GT=AES-256    PRED=DES          (2.3s)
  ✅ tier5      standard     AES-256_0017_openssl.bin  GT=AES-256    PRED=AES-256      (2.2s)
  ✅ tier5      standard     AES-256_0018_openssl.bin  GT=AES-256    PRED=AES-256      (2.6s)
  ❌ tier5      standard     AES-256_0019_pycryptodome GT=AES-256    PRED=3DES         (4.8s)
  ❌ tier5      standard     AES-256_0020_pycryptodome GT=AES-256    PRED=ML-KEM-768   (2.1s)
  ❌ tier5      standard     ChaCha20_0001_openssl.bin GT=ChaCha20   PRED=AES-256      (1.7s)
  ❌ tier5      standard     ChaCha20_0002_pycryptodom GT=ChaCha20   PRED=AES-256      (2.1s)
  ❌ tier5      standard     ChaCha20_0003_openssl.bin GT=ChaCha20   PRED=AES-256      (3.3s)
  ❌ tier5      standard     ChaCha20_0004_pycryptodom GT=ChaCha20   PRED=AES-256      (2.5s)
  ❌ tier5      standard     ChaCha20_0005_openssl.bin GT=ChaCha20   PRED=AES-256      (4.8s)
  ❌ tier5      standard     ChaCha20_0006_pycryptodom GT=ChaCha20   PRED=AES-256      (1.7s)
  ❌ tier5      standard     ChaCha20_0007_pycryptodom GT=ChaCha20   PRED=AES-256      (3.2s)
  ❌ tier5      standard     ChaCha20_0008_pycryptodom GT=ChaCha20   PRED=AES-256      (2.4s)
  ❌ tier5      standard     ChaCha20_0009_pycryptodom GT=ChaCha20   PRED=AES-128      (2.3s)
  ❌ tier5      standard     ChaCha20_0010_pycryptodom GT=ChaCha20   PRED=AES-256      (4.0s)
  ❌ tier5      standard     ChaCha20_0011_pycryptodom GT=ChaCha20   PRED=AES-256      (3.3s)
  ❌ tier5      standard     ChaCha20_0012_openssl.bin GT=ChaCha20   PRED=AES-256      (4.3s)
  ❌ tier5      standard     ChaCha20_0013_pycryptodom GT=ChaCha20   PRED=AES-256      (2.9s)
  ❌ tier5      standard     ChaCha20_0014_openssl.bin GT=ChaCha20   PRED=RSA-2048     (4.8s)
  ❌ tier5      standard     ChaCha20_0015_openssl.bin GT=ChaCha20   PRED=AES-128      (3.1s)
  ❌ tier5      standard     ChaCha20_0016_openssl.bin GT=ChaCha20   PRED=AES-256      (2.4s)
  ❌ tier5      standard     ChaCha20_0017_openssl.bin GT=ChaCha20   PRED=AES-256      (2.1s)
  ❌ tier5      standard     ChaCha20_0018_pycryptodom GT=ChaCha20   PRED=AES-256      (4.5s)
  ❌ tier5      standard     ChaCha20_0019_openssl.bin GT=ChaCha20   PRED=AES-256      (6.1s)
  ✅ tier5      standard     ChaCha20_0020_openssl.bin GT=ChaCha20   PRED=ChaCha20     (3.2s)
  ❌ tier5      standard     DES_0001_pycryptodome.bin GT=DES        PRED=AES-256      (4.3s)
  ❌ tier5      standard     DES_0002_openssl.bin      GT=DES        PRED=3DES         (6.1s)
  ❌ tier5      standard     DES_0003_openssl.bin      GT=DES        PRED=ML-KEM-768   (4.5s)
  ❌ tier5      standard     DES_0004_openssl.bin      GT=DES        PRED=ML-KEM-768   (2.2s)
  ❌ tier5      standard     DES_0005_pycryptodome.bin GT=DES        PRED=3DES         (2.5s)
  ❌ tier5      standard     DES_0006_openssl.bin      GT=DES        PRED=3DES         (2.5s)
  ❌ tier5      standard     DES_0007_openssl.bin      GT=DES        PRED=AES-256      (4.9s)
  ❌ tier5      standard     DES_0008_pycryptodome.bin GT=DES        PRED=ChaCha20     (2.8s)
  ❌ tier5      standard     DES_0009_pycryptodome.bin GT=DES        PRED=3DES         (7.7s)
  ❌ tier5      standard     DES_0010_openssl.bin      GT=DES        PRED=3DES         (2.5s)
  ❌ tier5      standard     DES_0011_openssl.bin      GT=DES        PRED=3DES         (2.8s)
  ❌ tier5      standard     DES_0012_pycryptodome.bin GT=DES        PRED=ML-KEM-768   (4.7s)
  ❌ tier5      standard     DES_0013_pycryptodome.bin GT=DES        PRED=ML-KEM-768   (2.7s)
  ❌ tier5      standard     DES_0014_pycryptodome.bin GT=DES        PRED=ChaCha20     (4.7s)
  ❌ tier5      standard     DES_0015_openssl.bin      GT=DES        PRED=RSA-2048     (3.5s)
  ❌ tier5      standard     DES_0016_pycryptodome.bin GT=DES        PRED=AES-256      (4.7s)
  ❌ tier5      standard     DES_0017_openssl.bin      GT=DES        PRED=3DES         (2.3s)
  ❌ tier5      standard     DES_0018_pycryptodome.bin GT=DES        PRED=RSA-2048     (2.3s)
  ❌ tier5      standard     DES_0019_openssl.bin      GT=DES        PRED=3DES         (2.9s)
  ❌ tier5      standard     DES_0020_pycryptodome.bin GT=DES        PRED=ML-KEM-768   (5.1s)
  ✅ tier5      standard     ML-KEM-768_0001_openssl.b GT=ML-KEM-768 PRED=ML-KEM-768   (2.5s)
  ❌ tier5      standard     ML-KEM-768_0002_openssl.b GT=ML-KEM-768 PRED=AES-256      (2.2s)
  ✅ tier5      standard     ML-KEM-768_0003_openssl.b GT=ML-KEM-768 PRED=ML-KEM-768   (2.9s)
  ❌ tier5      standard     ML-KEM-768_0004_openssl.b GT=ML-KEM-768 PRED=ChaCha20     (4.2s)
  ❌ tier5      standard     ML-KEM-768_0005_openssl.b GT=ML-KEM-768 PRED=AES-256      (3.3s)
  ❌ tier5      standard     ML-KEM-768_0006_openssl.b GT=ML-KEM-768 PRED=AES-256      (2.5s)
  ✅ tier5      standard     ML-KEM-768_0007_openssl.b GT=ML-KEM-768 PRED=ML-KEM-768   (2.3s)
  ❌ tier5      standard     ML-KEM-768_0008_openssl.b GT=ML-KEM-768 PRED=AES-256      (4.7s)
  ✅ tier5      standard     ML-KEM-768_0009_openssl.b GT=ML-KEM-768 PRED=ML-KEM-768   (2.2s)
  ❌ tier5      standard     ML-KEM-768_0010_openssl.b GT=ML-KEM-768 PRED=AES-256      (2.4s)
  ✅ tier5      standard     ML-KEM-768_0011_openssl.b GT=ML-KEM-768 PRED=ML-KEM-768   (3.7s)
  ❌ tier5      standard     ML-KEM-768_0012_openssl.b GT=ML-KEM-768 PRED=3DES         (3.8s)
  ❌ tier5      standard     ML-KEM-768_0013_openssl.b GT=ML-KEM-768 PRED=DES          (2.2s)
  ✅ tier5      standard     ML-KEM-768_0014_openssl.b GT=ML-KEM-768 PRED=ML-KEM-768   (1.9s)
  ✅ tier5      standard     ML-KEM-768_0015_openssl.b GT=ML-KEM-768 PRED=ML-KEM-768   (1.8s)
  ❌ tier5      standard     ML-KEM-768_0016_openssl.b GT=ML-KEM-768 PRED=RSA-2048     (2.0s)
  ❌ tier5      standard     ML-KEM-768_0017_openssl.b GT=ML-KEM-768 PRED=AES-256      (5.3s)
  ❌ tier5      standard     ML-KEM-768_0018_openssl.b GT=ML-KEM-768 PRED=3DES         (2.7s)
  ❌ tier5      standard     ML-KEM-768_0019_openssl.b GT=ML-KEM-768 PRED=AES-256      (2.8s)
  ❌ tier5      standard     ML-KEM-768_0020_openssl.b GT=ML-KEM-768 PRED=AES-256      (2.8s)
  ❌ tier5      standard     RSA-2048_0001_pycryptodom GT=RSA-2048   PRED=AES-256      (2.4s)
  ❌ tier5      standard     RSA-2048_0002_pycryptodom GT=RSA-2048   PRED=ML-KEM-768   (2.1s)
  ❌ tier5      standard     RSA-2048_0003_openssl.bin GT=RSA-2048   PRED=AES-256      (2.0s)
  ❌ tier5      standard     RSA-2048_0004_openssl.bin GT=RSA-2048   PRED=AES-256      (2.2s)
  ✅ tier5      standard     RSA-2048_0005_pycryptodom GT=RSA-2048   PRED=RSA-2048     (2.1s)
  ❌ tier5      standard     RSA-2048_0006_pycryptodom GT=RSA-2048   PRED=AES-256      (2.9s)
  ❌ tier5      standard     RSA-2048_0007_pycryptodom GT=RSA-2048   PRED=AES-256      (2.5s)
  ❌ tier5      standard     RSA-2048_0008_openssl.bin GT=RSA-2048   PRED=AES-256      (2.5s)
  ❌ tier5      standard     RSA-2048_0009_openssl.bin GT=RSA-2048   PRED=ML-KEM-768   (2.6s)
  ❌ tier5      standard     RSA-2048_0010_pycryptodom GT=RSA-2048   PRED=AES-256      (3.2s)
  ❌ tier5      standard     RSA-2048_0011_pycryptodom GT=RSA-2048   PRED=AES-256      (2.3s)
  ❌ tier5      standard     RSA-2048_0012_openssl.bin GT=RSA-2048   PRED=AES-256      (2.4s)
  ❌ tier5      standard     RSA-2048_0013_pycryptodom GT=RSA-2048   PRED=AES-256      (2.8s)
  ❌ tier5      standard     RSA-2048_0014_pycryptodom GT=RSA-2048   PRED=AES-256      (2.5s)
  ❌ tier5      standard     RSA-2048_0015_pycryptodom GT=RSA-2048   PRED=AES-256      (2.1s)
  ❌ tier5      standard     RSA-2048_0016_openssl.bin GT=RSA-2048   PRED=AES-256      (1.9s)
  ❌ tier5      standard     RSA-2048_0017_openssl.bin GT=RSA-2048   PRED=AES-256      (4.3s)
  ❌ tier5      standard     RSA-2048_0018_openssl.bin GT=RSA-2048   PRED=AES-256      (2.3s)
  ❌ tier5      standard     RSA-2048_0019_openssl.bin GT=RSA-2048   PRED=AES-256      (2.2s)
  ✅ tier5      standard     RSA-2048_0020_openssl.bin GT=RSA-2048   PRED=RSA-2048     (2.0s)
  ✓ tier5 complete for nemotron-3-super:cloud

[4/6] openrouter/owl-alpha (delay=5.0s, max_tokens=300)
  ✅ tier1      standard     3DES_0001_openssl.bin     GT=3DES       PRED=3DES         (4.0s)
  ✅ tier1      standard     3DES_0002_openssl.bin     GT=3DES       PRED=3DES         (2.7s)
  ✅ tier1      standard     3DES_0003_pycryptodome.bi GT=3DES       PRED=3DES         (2.0s)
  ✅ tier1      standard     3DES_0004_pycryptodome.bi GT=3DES       PRED=3DES         (4.9s)
  ✅ tier1      standard     3DES_0005_openssl.bin     GT=3DES       PRED=3DES         (1.7s)
  ✅ tier1      standard     3DES_0006_pycryptodome.bi GT=3DES       PRED=3DES         (2.2s)
  ✅ tier1      standard     3DES_0007_openssl.bin     GT=3DES       PRED=3DES         (1.9s)
  ✅ tier1      standard     3DES_0008_pycryptodome.bi GT=3DES       PRED=3DES         (1.7s)
  ✅ tier1      standard     3DES_0009_openssl.bin     GT=3DES       PRED=3DES         (2.5s)
  ✅ tier1      standard     3DES_0010_pycryptodome.bi GT=3DES       PRED=3DES         (2.0s)
  ✅ tier1      standard     3DES_0011_pycryptodome.bi GT=3DES       PRED=3DES         (2.7s)
  ✅ tier1      standard     3DES_0012_openssl.bin     GT=3DES       PRED=3DES         (2.1s)
  ✅ tier1      standard     3DES_0013_openssl.bin     GT=3DES       PRED=3DES         (2.2s)
  ✅ tier1      standard     3DES_0014_openssl.bin     GT=3DES       PRED=3DES         (1.5s)
  ✅ tier1      standard     3DES_0015_pycryptodome.bi GT=3DES       PRED=3DES         (2.4s)
  ✅ tier1      standard     3DES_0016_openssl.bin     GT=3DES       PRED=3DES         (2.0s)
  ✅ tier1      standard     3DES_0017_openssl.bin     GT=3DES       PRED=3DES         (11.1s)
  ✅ tier1      standard     3DES_0018_pycryptodome.bi GT=3DES       PRED=3DES         (2.9s)
  ✅ tier1      standard     3DES_0019_pycryptodome.bi GT=3DES       PRED=3DES         (1.8s)
  ✅ tier1      standard     3DES_0020_openssl.bin     GT=3DES       PRED=3DES         (2.6s)
  ✅ tier1      standard     AES-128_0001_openssl.bin  GT=AES-128    PRED=AES-128      (2.5s)
  ✅ tier1      standard     AES-128_0002_pycryptodome GT=AES-128    PRED=AES-128      (2.7s)
  ✅ tier1      standard     AES-128_0003_pycryptodome GT=AES-128    PRED=AES-128      (2.6s)
  ✅ tier1      standard     AES-128_0004_openssl.bin  GT=AES-128    PRED=AES-128      (2.1s)
  ✅ tier1      standard     AES-128_0005_openssl.bin  GT=AES-128    PRED=AES-128      (2.4s)
  ✅ tier1      standard     AES-128_0006_pycryptodome GT=AES-128    PRED=AES-128      (3.2s)
  ✅ tier1      standard     AES-128_0007_pycryptodome GT=AES-128    PRED=AES-128      (4.2s)
  ✅ tier1      standard     AES-128_0008_pycryptodome GT=AES-128    PRED=AES-128      (3.0s)
  ✅ tier1      standard     AES-128_0009_openssl.bin  GT=AES-128    PRED=AES-128      (2.3s)
  ✅ tier1      standard     AES-128_0010_openssl.bin  GT=AES-128    PRED=AES-128      (4.5s)
  ✅ tier1      standard     AES-128_0011_pycryptodome GT=AES-128    PRED=AES-128      (4.0s)
  ✅ tier1      standard     AES-128_0012_pycryptodome GT=AES-128    PRED=AES-128      (3.0s)
  ✅ tier1      standard     AES-128_0013_openssl.bin  GT=AES-128    PRED=AES-128      (4.3s)
  ✅ tier1      standard     AES-128_0014_openssl.bin  GT=AES-128    PRED=AES-128      (2.2s)
  ✅ tier1      standard     AES-128_0015_pycryptodome GT=AES-128    PRED=AES-128      (5.7s)
  ✅ tier1      standard     AES-128_0016_openssl.bin  GT=AES-128    PRED=AES-128      (2.1s)
  ✅ tier1      standard     AES-128_0017_pycryptodome GT=AES-128    PRED=AES-128      (4.0s)
  ✅ tier1      standard     AES-128_0018_openssl.bin  GT=AES-128    PRED=AES-128      (1.9s)
  ✅ tier1      standard     AES-128_0019_pycryptodome GT=AES-128    PRED=AES-128      (4.0s)
  ✅ tier1      standard     AES-128_0020_pycryptodome GT=AES-128    PRED=AES-128      (3.2s)
  ✅ tier1      standard     AES-256_0001_openssl.bin  GT=AES-256    PRED=AES-256      (2.6s)
  ✅ tier1      standard     AES-256_0002_openssl.bin  GT=AES-256    PRED=AES-256      (2.3s)
  ✅ tier1      standard     AES-256_0003_openssl.bin  GT=AES-256    PRED=AES-256      (2.1s)
  ✅ tier1      standard     AES-256_0004_openssl.bin  GT=AES-256    PRED=AES-256      (1.7s)
  ✅ tier1      standard     AES-256_0005_openssl.bin  GT=AES-256    PRED=AES-256      (3.3s)
  ✅ tier1      standard     AES-256_0006_openssl.bin  GT=AES-256    PRED=AES-256      (3.8s)
  ✅ tier1      standard     AES-256_0007_pycryptodome GT=AES-256    PRED=AES-256      (2.2s)
  ✅ tier1      standard     AES-256_0008_pycryptodome GT=AES-256    PRED=AES-256      (2.1s)
  ✅ tier1      standard     AES-256_0009_openssl.bin  GT=AES-256    PRED=AES-256      (2.3s)
  ✅ tier1      standard     AES-256_0010_openssl.bin  GT=AES-256    PRED=AES-256      (5.7s)
  ✅ tier1      standard     AES-256_0011_pycryptodome GT=AES-256    PRED=AES-256      (1.7s)
  ✅ tier1      standard     AES-256_0012_pycryptodome GT=AES-256    PRED=AES-256      (1.5s)
  ✅ tier1      standard     AES-256_0013_openssl.bin  GT=AES-256    PRED=AES-256      (2.8s)
  ✅ tier1      standard     AES-256_0014_openssl.bin  GT=AES-256    PRED=AES-256      (2.5s)
  ✅ tier1      standard     AES-256_0015_openssl.bin  GT=AES-256    PRED=AES-256      (2.9s)
  ✅ tier1      standard     AES-256_0016_pycryptodome GT=AES-256    PRED=AES-256      (2.1s)
  ✅ tier1      standard     AES-256_0017_openssl.bin  GT=AES-256    PRED=AES-256      (2.5s)
  ✅ tier1      standard     AES-256_0018_openssl.bin  GT=AES-256    PRED=AES-256      (1.9s)
  ✅ tier1      standard     AES-256_0019_pycryptodome GT=AES-256    PRED=AES-256      (2.7s)
  ✅ tier1      standard     AES-256_0020_pycryptodome GT=AES-256    PRED=AES-256      (1.9s)
  ✅ tier1      standard     ChaCha20_0001_openssl.bin GT=ChaCha20   PRED=ChaCha20     (2.7s)
  ✅ tier1      standard     ChaCha20_0002_pycryptodom GT=ChaCha20   PRED=ChaCha20     (4.4s)
  ✅ tier1      standard     ChaCha20_0003_openssl.bin GT=ChaCha20   PRED=ChaCha20     (2.4s)
  ✅ tier1      standard     ChaCha20_0004_pycryptodom GT=ChaCha20   PRED=ChaCha20     (4.9s)
  ✅ tier1      standard     ChaCha20_0005_openssl.bin GT=ChaCha20   PRED=ChaCha20     (2.2s)
  ✅ tier1      standard     ChaCha20_0006_pycryptodom GT=ChaCha20   PRED=ChaCha20     (4.0s)
  ✅ tier1      standard     ChaCha20_0007_pycryptodom GT=ChaCha20   PRED=ChaCha20     (4.8s)
  ✅ tier1      standard     ChaCha20_0008_pycryptodom GT=ChaCha20   PRED=ChaCha20     (2.1s)
  ✅ tier1      standard     ChaCha20_0009_pycryptodom GT=ChaCha20   PRED=ChaCha20     (3.1s)
  ✅ tier1      standard     ChaCha20_0010_pycryptodom GT=ChaCha20   PRED=ChaCha20     (4.8s)
  ✅ tier1      standard     ChaCha20_0011_pycryptodom GT=ChaCha20   PRED=ChaCha20     (4.6s)
  ✅ tier1      standard     ChaCha20_0012_openssl.bin GT=ChaCha20   PRED=ChaCha20     (3.4s)
  ✅ tier1      standard     ChaCha20_0013_pycryptodom GT=ChaCha20   PRED=ChaCha20     (3.2s)
  ✅ tier1      standard     ChaCha20_0014_openssl.bin GT=ChaCha20   PRED=ChaCha20     (2.0s)
  ✅ tier1      standard     ChaCha20_0015_openssl.bin GT=ChaCha20   PRED=ChaCha20     (3.6s)
  ✅ tier1      standard     ChaCha20_0016_openssl.bin GT=ChaCha20   PRED=ChaCha20     (2.1s)
  ✅ tier1      standard     ChaCha20_0017_openssl.bin GT=ChaCha20   PRED=ChaCha20     (1.9s)
  ✅ tier1      standard     ChaCha20_0018_pycryptodom GT=ChaCha20   PRED=ChaCha20     (1.9s)
  ✅ tier1      standard     ChaCha20_0019_openssl.bin GT=ChaCha20   PRED=ChaCha20     (2.2s)
  ✅ tier1      standard     ChaCha20_0020_openssl.bin GT=ChaCha20   PRED=ChaCha20     (2.6s)
  ✅ tier1      standard     DES_0001_pycryptodome.bin GT=DES        PRED=DES          (1.9s)
  ✅ tier1      standard     DES_0002_openssl.bin      GT=DES        PRED=DES          (1.9s)
  ✅ tier1      standard     DES_0003_openssl.bin      GT=DES        PRED=DES          (1.9s)
  ✅ tier1      standard     DES_0004_openssl.bin      GT=DES        PRED=DES          (2.0s)
  ✅ tier1      standard     DES_0005_pycryptodome.bin GT=DES        PRED=DES          (1.7s)
  ✅ tier1      standard     DES_0006_openssl.bin      GT=DES        PRED=DES          (2.3s)
  ✅ tier1      standard     DES_0007_openssl.bin      GT=DES        PRED=DES          (2.1s)
  ✅ tier1      standard     DES_0008_pycryptodome.bin GT=DES        PRED=DES          (9.2s)
  ✅ tier1      standard     DES_0009_pycryptodome.bin GT=DES        PRED=DES          (1.6s)
  ✅ tier1      standard     DES_0010_openssl.bin      GT=DES        PRED=DES          (2.1s)
  ✅ tier1      standard     DES_0011_openssl.bin      GT=DES        PRED=DES          (2.2s)
  ✅ tier1      standard     DES_0012_pycryptodome.bin GT=DES        PRED=DES          (4.0s)
  ✅ tier1      standard     DES_0013_pycryptodome.bin GT=DES        PRED=DES          (6.4s)
  ✅ tier1      standard     DES_0014_pycryptodome.bin GT=DES        PRED=DES          (5.3s)
  ✅ tier1      standard     DES_0015_openssl.bin      GT=DES        PRED=DES          (2.1s)
  ✅ tier1      standard     DES_0016_pycryptodome.bin GT=DES        PRED=DES          (9.1s)
  ✅ tier1      standard     DES_0017_openssl.bin      GT=DES        PRED=DES          (1.9s)
  ✅ tier1      standard     DES_0018_pycryptodome.bin GT=DES        PRED=DES          (2.0s)
  ✅ tier1      standard     DES_0019_openssl.bin      GT=DES        PRED=DES          (4.5s)
  ✅ tier1      standard     DES_0020_pycryptodome.bin GT=DES        PRED=DES          (1.9s)
  ✅ tier1      standard     ML-KEM-768_0001_openssl.b GT=ML-KEM-768 PRED=ML-KEM-768   (2.2s)
  ✅ tier1      standard     ML-KEM-768_0002_openssl.b GT=ML-KEM-768 PRED=ML-KEM-768   (2.5s)
  ✅ tier1      standard     ML-KEM-768_0003_openssl.b GT=ML-KEM-768 PRED=ML-KEM-768   (2.9s)
  ✅ tier1      standard     ML-KEM-768_0004_openssl.b GT=ML-KEM-768 PRED=ML-KEM-768   (3.3s)
  ✅ tier1      standard     ML-KEM-768_0005_openssl.b GT=ML-KEM-768 PRED=ML-KEM-768   (4.3s)
  ✅ tier1      standard     ML-KEM-768_0006_openssl.b GT=ML-KEM-768 PRED=ML-KEM-768   (3.2s)
  ✅ tier1      standard     ML-KEM-768_0007_openssl.b GT=ML-KEM-768 PRED=ML-KEM-768   (6.9s)
  ✅ tier1      standard     ML-KEM-768_0008_openssl.b GT=ML-KEM-768 PRED=ML-KEM-768   (2.7s)
  ✅ tier1      standard     ML-KEM-768_0009_openssl.b GT=ML-KEM-768 PRED=ML-KEM-768   (2.3s)
  ✅ tier1      standard     ML-KEM-768_0010_openssl.b GT=ML-KEM-768 PRED=ML-KEM-768   (3.7s)
  ✅ tier1      standard     ML-KEM-768_0011_openssl.b GT=ML-KEM-768 PRED=ML-KEM-768   (2.5s)
  ✅ tier1      standard     ML-KEM-768_0012_openssl.b GT=ML-KEM-768 PRED=ML-KEM-768   (2.5s)
  ✅ tier1      standard     ML-KEM-768_0013_openssl.b GT=ML-KEM-768 PRED=ML-KEM-768   (2.4s)
  ✅ tier1      standard     ML-KEM-768_0014_openssl.b GT=ML-KEM-768 PRED=ML-KEM-768   (2.9s)
  ✅ tier1      standard     ML-KEM-768_0015_openssl.b GT=ML-KEM-768 PRED=ML-KEM-768   (3.1s)
  ✅ tier1      standard     ML-KEM-768_0016_openssl.b GT=ML-KEM-768 PRED=ML-KEM-768   (5.1s)
  ✅ tier1      standard     ML-KEM-768_0017_openssl.b GT=ML-KEM-768 PRED=ML-KEM-768   (2.6s)
  ✅ tier1      standard     ML-KEM-768_0018_openssl.b GT=ML-KEM-768 PRED=ML-KEM-768   (3.5s)
  ✅ tier1      standard     ML-KEM-768_0019_openssl.b GT=ML-KEM-768 PRED=ML-KEM-768   (3.5s)
  ✅ tier1      standard     ML-KEM-768_0020_openssl.b GT=ML-KEM-768 PRED=ML-KEM-768   (3.9s)
  ✅ tier1      standard     RSA-2048_0001_pycryptodom GT=RSA-2048   PRED=RSA-2048     (2.3s)
  ✅ tier1      standard     RSA-2048_0002_pycryptodom GT=RSA-2048   PRED=RSA-2048     (5.8s)
  ✅ tier1      standard     RSA-2048_0003_openssl.bin GT=RSA-2048   PRED=RSA-2048     (1.8s)
  ✅ tier1      standard     RSA-2048_0004_openssl.bin GT=RSA-2048   PRED=RSA-2048     (3.4s)
  ✅ tier1      standard     RSA-2048_0005_pycryptodom GT=RSA-2048   PRED=RSA-2048     (4.2s)
  ✅ tier1      standard     RSA-2048_0006_pycryptodom GT=RSA-2048   PRED=RSA-2048     (2.8s)
  ✅ tier1      standard     RSA-2048_0007_pycryptodom GT=RSA-2048   PRED=RSA-2048     (3.1s)
  ✅ tier1      standard     RSA-2048_0008_openssl.bin GT=RSA-2048   PRED=RSA-2048     (1.6s)
  ✅ tier1      standard     RSA-2048_0009_openssl.bin GT=RSA-2048   PRED=RSA-2048     (1.5s)
  ✅ tier1      standard     RSA-2048_0010_pycryptodom GT=RSA-2048   PRED=RSA-2048     (3.2s)
  ✅ tier1      standard     RSA-2048_0011_pycryptodom GT=RSA-2048   PRED=RSA-2048     (2.3s)
  ✅ tier1      standard     RSA-2048_0012_openssl.bin GT=RSA-2048   PRED=RSA-2048     (1.7s)
  ✅ tier1      standard     RSA-2048_0013_pycryptodom GT=RSA-2048   PRED=RSA-2048     (1.6s)
  ✅ tier1      standard     RSA-2048_0014_pycryptodom GT=RSA-2048   PRED=RSA-2048     (5.0s)
  ✅ tier1      standard     RSA-2048_0015_pycryptodom GT=RSA-2048   PRED=RSA-2048     (1.7s)
  ✅ tier1      standard     RSA-2048_0016_openssl.bin GT=RSA-2048   PRED=RSA-2048     (1.7s)
  ✅ tier1      standard     RSA-2048_0017_openssl.bin GT=RSA-2048   PRED=RSA-2048     (1.7s)
  ✅ tier1      standard     RSA-2048_0018_openssl.bin GT=RSA-2048   PRED=RSA-2048     (1.7s)
  ✅ tier1      standard     RSA-2048_0019_openssl.bin GT=RSA-2048   PRED=RSA-2048     (1.8s)
  ✅ tier1      standard     RSA-2048_0020_openssl.bin GT=RSA-2048   PRED=RSA-2048     (1.7s)
  ✓ tier1 complete for openrouter/owl-alpha
  ✅ tier2      standard     3DES_0001_openssl.bin     GT=3DES       PRED=3DES         (2.2s)
  ✅ tier2      standard     3DES_0002_openssl.bin     GT=3DES       PRED=3DES         (3.3s)
  ✅ tier2      standard     3DES_0003_pycryptodome.bi GT=3DES       PRED=3DES         (2.3s)
  ✅ tier2      standard     3DES_0004_pycryptodome.bi GT=3DES       PRED=3DES         (1.7s)
  ✅ tier2      standard     3DES_0005_openssl.bin     GT=3DES       PRED=3DES         (2.1s)
  ✅ tier2      standard     3DES_0006_pycryptodome.bi GT=3DES       PRED=3DES         (1.9s)
  ✅ tier2      standard     3DES_0007_openssl.bin     GT=3DES       PRED=3DES         (2.7s)
  ✅ tier2      standard     3DES_0008_pycryptodome.bi GT=3DES       PRED=3DES         (1.9s)
  ✅ tier2      standard     3DES_0009_openssl.bin     GT=3DES       PRED=3DES         (3.1s)
  ✅ tier2      standard     3DES_0010_pycryptodome.bi GT=3DES       PRED=3DES         (2.1s)
  ✅ tier2      standard     3DES_0011_pycryptodome.bi GT=3DES       PRED=3DES         (2.5s)
  ✅ tier2      standard     3DES_0012_openssl.bin     GT=3DES       PRED=3DES         (1.9s)
  ✅ tier2      standard     3DES_0013_openssl.bin     GT=3DES       PRED=3DES         (1.6s)
  ✅ tier2      standard     3DES_0014_openssl.bin     GT=3DES       PRED=3DES         (5.8s)
  ✅ tier2      standard     3DES_0015_pycryptodome.bi GT=3DES       PRED=3DES         (2.5s)
  ✅ tier2      standard     3DES_0016_openssl.bin     GT=3DES       PRED=3DES         (3.1s)
  ✅ tier2      standard     3DES_0017_openssl.bin     GT=3DES       PRED=3DES         (8.9s)
  ✅ tier2      standard     3DES_0018_pycryptodome.bi GT=3DES       PRED=3DES         (1.9s)
  ✅ tier2      standard     3DES_0019_pycryptodome.bi GT=3DES       PRED=3DES         (2.1s)
  ✅ tier2      standard     3DES_0020_openssl.bin     GT=3DES       PRED=3DES         (3.0s)
  ✅ tier2      standard     AES-128_0001_openssl.bin  GT=AES-128    PRED=AES-128      (1.5s)
  ✅ tier2      standard     AES-128_0002_pycryptodome GT=AES-128    PRED=AES-128      (1.8s)
  ✅ tier2      standard     AES-128_0003_pycryptodome GT=AES-128    PRED=AES-128      (4.8s)
  ✅ tier2      standard     AES-128_0004_openssl.bin  GT=AES-128    PRED=AES-128      (2.7s)
  ✅ tier2      standard     AES-128_0005_openssl.bin  GT=AES-128    PRED=AES-128      (3.1s)
  ✅ tier2      standard     AES-128_0006_pycryptodome GT=AES-128    PRED=AES-128      (3.3s)
  ✅ tier2      standard     AES-128_0007_pycryptodome GT=AES-128    PRED=AES-128      (2.2s)
  ✅ tier2      standard     AES-128_0008_pycryptodome GT=AES-128    PRED=AES-128      (4.6s)
  ✅ tier2      standard     AES-128_0009_openssl.bin  GT=AES-128    PRED=AES-128      (2.2s)
  ✅ tier2      standard     AES-128_0010_openssl.bin  GT=AES-128    PRED=AES-128      (1.8s)
  ✅ tier2      standard     AES-128_0011_pycryptodome GT=AES-128    PRED=AES-128      (2.1s)
  ✅ tier2      standard     AES-128_0012_pycryptodome GT=AES-128    PRED=AES-128      (4.6s)
  ✅ tier2      standard     AES-128_0013_openssl.bin  GT=AES-128    PRED=AES-128      (14.7s)
  ✅ tier2      standard     AES-128_0014_openssl.bin  GT=AES-128    PRED=AES-128      (3.1s)
  ✅ tier2      standard     AES-128_0015_pycryptodome GT=AES-128    PRED=AES-128      (3.8s)
  ✅ tier2      standard     AES-128_0016_openssl.bin  GT=AES-128    PRED=AES-128      (1.7s)
  ✅ tier2      standard     AES-128_0017_pycryptodome GT=AES-128    PRED=AES-128      (3.7s)
  ✅ tier2      standard     AES-128_0018_openssl.bin  GT=AES-128    PRED=AES-128      (2.3s)
  ✅ tier2      standard     AES-128_0019_pycryptodome GT=AES-128    PRED=AES-128      (5.4s)
  ✅ tier2      standard     AES-128_0020_pycryptodome GT=AES-128    PRED=AES-128      (1.8s)
  ✅ tier2      standard     AES-256_0001_openssl.bin  GT=AES-256    PRED=AES-256      (2.0s)
  ✅ tier2      standard     AES-256_0002_openssl.bin  GT=AES-256    PRED=AES-256      (2.0s)
  ✅ tier2      standard     AES-256_0003_openssl.bin  GT=AES-256    PRED=AES-256      (2.4s)
  ✅ tier2      standard     AES-256_0004_openssl.bin  GT=AES-256    PRED=AES-256      (1.8s)
  ✅ tier2      standard     AES-256_0005_openssl.bin  GT=AES-256    PRED=AES-256      (1.8s)
  ✅ tier2      standard     AES-256_0006_openssl.bin  GT=AES-256    PRED=AES-256      (2.1s)
  ✅ tier2      standard     AES-256_0007_pycryptodome GT=AES-256    PRED=AES-256      (2.8s)
  ✅ tier2      standard     AES-256_0008_pycryptodome GT=AES-256    PRED=AES-256      (4.5s)
  ✅ tier2      standard     AES-256_0009_openssl.bin  GT=AES-256    PRED=AES-256      (2.1s)
  ✅ tier2      standard     AES-256_0010_openssl.bin  GT=AES-256    PRED=AES-256      (6.3s)
  ✅ tier2      standard     AES-256_0011_pycryptodome GT=AES-256    PRED=AES-256      (2.1s)
  ✅ tier2      standard     AES-256_0012_pycryptodome GT=AES-256    PRED=AES-256      (1.9s)
  ✅ tier2      standard     AES-256_0013_openssl.bin  GT=AES-256    PRED=AES-256      (3.9s)
  ✅ tier2      standard     AES-256_0014_openssl.bin  GT=AES-256    PRED=AES-256      (2.2s)
  ✅ tier2      standard     AES-256_0015_openssl.bin  GT=AES-256    PRED=AES-256      (3.0s)
  ✅ tier2      standard     AES-256_0016_pycryptodome GT=AES-256    PRED=AES-256      (1.9s)
  ✅ tier2      standard     AES-256_0017_openssl.bin  GT=AES-256    PRED=AES-256      (1.7s)
  ✅ tier2      standard     AES-256_0018_openssl.bin  GT=AES-256    PRED=AES-256      (1.9s)
  ✅ tier2      standard     AES-256_0019_pycryptodome GT=AES-256    PRED=AES-256      (18.7s)
  ✅ tier2      standard     AES-256_0020_pycryptodome GT=AES-256    PRED=AES-256      (2.9s)
  ✅ tier2      standard     ChaCha20_0001_openssl.bin GT=ChaCha20   PRED=ChaCha20     (6.2s)
  ✅ tier2      standard     ChaCha20_0002_pycryptodom GT=ChaCha20   PRED=ChaCha20     (2.8s)
  ✅ tier2      standard     ChaCha20_0003_openssl.bin GT=ChaCha20   PRED=ChaCha20     (3.2s)
  ✅ tier2      standard     ChaCha20_0004_pycryptodom GT=ChaCha20   PRED=ChaCha20     (1.9s)
  ✅ tier2      standard     ChaCha20_0005_openssl.bin GT=ChaCha20   PRED=ChaCha20     (2.3s)
  ✅ tier2      standard     ChaCha20_0006_pycryptodom GT=ChaCha20   PRED=ChaCha20     (2.6s)
  ✅ tier2      standard     ChaCha20_0007_pycryptodom GT=ChaCha20   PRED=ChaCha20     (1.9s)
  ✅ tier2      standard     ChaCha20_0008_pycryptodom GT=ChaCha20   PRED=ChaCha20     (2.5s)
  ✅ tier2      standard     ChaCha20_0009_pycryptodom GT=ChaCha20   PRED=ChaCha20     (2.0s)
  ✅ tier2      standard     ChaCha20_0010_pycryptodom GT=ChaCha20   PRED=ChaCha20     (2.9s)
  ✅ tier2      standard     ChaCha20_0011_pycryptodom GT=ChaCha20   PRED=ChaCha20     (3.7s)
  ✅ tier2      standard     ChaCha20_0012_openssl.bin GT=ChaCha20   PRED=ChaCha20     (2.0s)
  ✅ tier2      standard     ChaCha20_0013_pycryptodom GT=ChaCha20   PRED=ChaCha20     (3.8s)
  ✅ tier2      standard     ChaCha20_0014_openssl.bin GT=ChaCha20   PRED=ChaCha20     (57.7s)
  ✅ tier2      standard     ChaCha20_0015_openssl.bin GT=ChaCha20   PRED=ChaCha20     (1.9s)
  ✅ tier2      standard     ChaCha20_0016_openssl.bin GT=ChaCha20   PRED=ChaCha20     (2.3s)
  ✅ tier2      standard     ChaCha20_0017_openssl.bin GT=ChaCha20   PRED=ChaCha20     (2.2s)
  ✅ tier2      standard     ChaCha20_0018_pycryptodom GT=ChaCha20   PRED=ChaCha20     (2.3s)
  ✅ tier2      standard     ChaCha20_0019_openssl.bin GT=ChaCha20   PRED=ChaCha20     (2.3s)
  ✅ tier2      standard     ChaCha20_0020_openssl.bin GT=ChaCha20   PRED=ChaCha20     (3.0s)
  ✅ tier2      standard     DES_0001_pycryptodome.bin GT=DES        PRED=DES          (12.7s)
  ✅ tier2      standard     DES_0002_openssl.bin      GT=DES        PRED=DES          (1.8s)
  ✅ tier2      standard     DES_0003_openssl.bin      GT=DES        PRED=DES          (1.7s)
  ✅ tier2      standard     DES_0004_openssl.bin      GT=DES        PRED=DES          (6.2s)
  ✅ tier2      standard     DES_0005_pycryptodome.bin GT=DES        PRED=DES          (2.0s)
  ✅ tier2      standard     DES_0006_openssl.bin      GT=DES        PRED=DES          (1.6s)
  ✅ tier2      standard     DES_0007_openssl.bin      GT=DES        PRED=DES          (1.5s)
  ✅ tier2      standard     DES_0008_pycryptodome.bin GT=DES        PRED=DES          (2.7s)
  ✅ tier2      standard     DES_0009_pycryptodome.bin GT=DES        PRED=DES          (2.1s)
  ✅ tier2      standard     DES_0010_openssl.bin      GT=DES        PRED=DES          (1.8s)
  ✅ tier2      standard     DES_0011_openssl.bin      GT=DES        PRED=DES          (1.5s)
  ✅ tier2      standard     DES_0012_pycryptodome.bin GT=DES        PRED=DES          (1.7s)
  ✅ tier2      standard     DES_0013_pycryptodome.bin GT=DES        PRED=DES          (1.8s)
  ✅ tier2      standard     DES_0014_pycryptodome.bin GT=DES        PRED=DES          (3.0s)
  ✅ tier2      standard     DES_0015_openssl.bin      GT=DES        PRED=DES          (1.8s)
  ✅ tier2      standard     DES_0016_pycryptodome.bin GT=DES        PRED=DES          (2.0s)
  ✅ tier2      standard     DES_0017_openssl.bin      GT=DES        PRED=DES          (1.7s)
  ✅ tier2      standard     DES_0018_pycryptodome.bin GT=DES        PRED=DES          (2.4s)
  ✅ tier2      standard     DES_0019_openssl.bin      GT=DES        PRED=DES          (6.7s)
  ✅ tier2      standard     DES_0020_pycryptodome.bin GT=DES        PRED=DES          (2.0s)
  ✅ tier2      standard     ML-KEM-768_0001_openssl.b GT=ML-KEM-768 PRED=ML-KEM-768   (2.6s)
  ✅ tier2      standard     ML-KEM-768_0002_openssl.b GT=ML-KEM-768 PRED=ML-KEM-768   (1.9s)
  ✅ tier2      standard     ML-KEM-768_0003_openssl.b GT=ML-KEM-768 PRED=ML-KEM-768   (2.2s)
  ✅ tier2      standard     ML-KEM-768_0004_openssl.b GT=ML-KEM-768 PRED=ML-KEM-768   (4.7s)
  ✅ tier2      standard     ML-KEM-768_0005_openssl.b GT=ML-KEM-768 PRED=ML-KEM-768   (5.3s)
  ✅ tier2      standard     ML-KEM-768_0006_openssl.b GT=ML-KEM-768 PRED=ML-KEM-768   (2.1s)
  ✅ tier2      standard     ML-KEM-768_0007_openssl.b GT=ML-KEM-768 PRED=ML-KEM-768   (2.5s)
  ✅ tier2      standard     ML-KEM-768_0008_openssl.b GT=ML-KEM-768 PRED=ML-KEM-768   (1.8s)
  ✅ tier2      standard     ML-KEM-768_0009_openssl.b GT=ML-KEM-768 PRED=ML-KEM-768   (8.8s)
  ✅ tier2      standard     ML-KEM-768_0010_openssl.b GT=ML-KEM-768 PRED=ML-KEM-768   (2.3s)
  ✅ tier2      standard     ML-KEM-768_0011_openssl.b GT=ML-KEM-768 PRED=ML-KEM-768   (2.3s)
  ✅ tier2      standard     ML-KEM-768_0012_openssl.b GT=ML-KEM-768 PRED=ML-KEM-768   (1.9s)
  ✅ tier2      standard     ML-KEM-768_0013_openssl.b GT=ML-KEM-768 PRED=ML-KEM-768   (6.5s)
  ✅ tier2      standard     ML-KEM-768_0014_openssl.b GT=ML-KEM-768 PRED=ML-KEM-768   (1.8s)
  ✅ tier2      standard     ML-KEM-768_0015_openssl.b GT=ML-KEM-768 PRED=ML-KEM-768   (5.9s)
  ✅ tier2      standard     ML-KEM-768_0016_openssl.b GT=ML-KEM-768 PRED=ML-KEM-768   (2.5s)
  ✅ tier2      standard     ML-KEM-768_0017_openssl.b GT=ML-KEM-768 PRED=ML-KEM-768   (7.3s)
  ✅ tier2      standard     ML-KEM-768_0018_openssl.b GT=ML-KEM-768 PRED=ML-KEM-768   (4.4s)
  ✅ tier2      standard     ML-KEM-768_0019_openssl.b GT=ML-KEM-768 PRED=ML-KEM-768   (2.0s)
  ✅ tier2      standard     ML-KEM-768_0020_openssl.b GT=ML-KEM-768 PRED=ML-KEM-768   (6.7s)
  ✅ tier2      standard     RSA-2048_0001_pycryptodom GT=RSA-2048   PRED=RSA-2048     (2.2s)
  ✅ tier2      standard     RSA-2048_0002_pycryptodom GT=RSA-2048   PRED=RSA-2048     (2.4s)
  ✅ tier2      standard     RSA-2048_0003_openssl.bin GT=RSA-2048   PRED=RSA-2048     (5.4s)
  ✅ tier2      standard     RSA-2048_0004_openssl.bin GT=RSA-2048   PRED=RSA-2048     (2.1s)
  ✅ tier2      standard     RSA-2048_0005_pycryptodom GT=RSA-2048   PRED=RSA-2048     (2.0s)
  ✅ tier2      standard     RSA-2048_0006_pycryptodom GT=RSA-2048   PRED=RSA-2048     (3.9s)
  ✅ tier2      standard     RSA-2048_0007_pycryptodom GT=RSA-2048   PRED=RSA-2048     (4.2s)
  ✅ tier2      standard     RSA-2048_0008_openssl.bin GT=RSA-2048   PRED=RSA-2048     (3.8s)
  ✅ tier2      standard     RSA-2048_0009_openssl.bin GT=RSA-2048   PRED=RSA-2048     (4.4s)
  ✅ tier2      standard     RSA-2048_0010_pycryptodom GT=RSA-2048   PRED=RSA-2048     (1.8s)
  ✅ tier2      standard     RSA-2048_0011_pycryptodom GT=RSA-2048   PRED=RSA-2048     (2.2s)
  ✅ tier2      standard     RSA-2048_0012_openssl.bin GT=RSA-2048   PRED=RSA-2048     (1.9s)
  ✅ tier2      standard     RSA-2048_0013_pycryptodom GT=RSA-2048   PRED=RSA-2048     (2.2s)
  ✅ tier2      standard     RSA-2048_0014_pycryptodom GT=RSA-2048   PRED=RSA-2048     (3.6s)
  ✅ tier2      standard     RSA-2048_0015_pycryptodom GT=RSA-2048   PRED=RSA-2048     (2.8s)
  ✅ tier2      standard     RSA-2048_0016_openssl.bin GT=RSA-2048   PRED=RSA-2048     (2.7s)
  ✅ tier2      standard     RSA-2048_0017_openssl.bin GT=RSA-2048   PRED=RSA-2048     (1.9s)
  ✅ tier2      standard     RSA-2048_0018_openssl.bin GT=RSA-2048   PRED=RSA-2048     (3.6s)
  ✅ tier2      standard     RSA-2048_0019_openssl.bin GT=RSA-2048   PRED=RSA-2048     (2.8s)
  ✅ tier2      standard     RSA-2048_0020_openssl.bin GT=RSA-2048   PRED=RSA-2048     (2.8s)
  ✓ tier2 complete for openrouter/owl-alpha
  ❌ tier3      standard     3DES_0001_openssl.bin     GT=3DES       PRED=ChaCha20     (2.0s)
  ❌ tier3      tier3_raw    3DES_0001_openssl.bin     GT=3DES       PRED=ChaCha20     (2.0s)
  ❌ tier3      standard     3DES_0002_openssl.bin     GT=3DES       PRED=ChaCha20     (6.4s)
  ❌ tier3      tier3_raw    3DES_0002_openssl.bin     GT=3DES       PRED=ChaCha20     (1.8s)
  ❌ tier3      standard     3DES_0003_pycryptodome.bi GT=3DES       PRED=ChaCha20     (2.5s)
  ❌ tier3      tier3_raw    3DES_0003_pycryptodome.bi GT=3DES       PRED=ChaCha20     (2.2s)
  ❌ tier3      standard     3DES_0004_pycryptodome.bi GT=3DES       PRED=ChaCha20     (2.9s)
  ❌ tier3      tier3_raw    3DES_0004_pycryptodome.bi GT=3DES       PRED=ChaCha20     (2.6s)
  ❌ tier3      standard     3DES_0005_openssl.bin     GT=3DES       PRED=ChaCha20     (2.0s)
  ❌ tier3      tier3_raw    3DES_0005_openssl.bin     GT=3DES       PRED=AES-256      (2.0s)
  ❌ tier3      standard     3DES_0006_pycryptodome.bi GT=3DES       PRED=AES-256      (2.8s)
  ❌ tier3      tier3_raw    3DES_0006_pycryptodome.bi GT=3DES       PRED=AES-256      (2.7s)
  ❌ tier3      standard     3DES_0007_openssl.bin     GT=3DES       PRED=AES-256      (3.1s)
  ❌ tier3      tier3_raw    3DES_0007_openssl.bin     GT=3DES       PRED=ChaCha20     (2.1s)
  ❌ tier3      standard     3DES_0008_pycryptodome.bi GT=3DES       PRED=ChaCha20     (5.8s)
  ❌ tier3      tier3_raw    3DES_0008_pycryptodome.bi GT=3DES       PRED=ChaCha20     (2.8s)
  ❌ tier3      standard     3DES_0009_openssl.bin     GT=3DES       PRED=AES-256      (4.3s)
  ❌ tier3      tier3_raw    3DES_0009_openssl.bin     GT=3DES       PRED=ChaCha20     (8.4s)
  ❌ tier3      standard     3DES_0010_pycryptodome.bi GT=3DES       PRED=ChaCha20     (1.8s)
  ❌ tier3      tier3_raw    3DES_0010_pycryptodome.bi GT=3DES       PRED=ChaCha20     (2.7s)
  ❌ tier3      standard     3DES_0011_pycryptodome.bi GT=3DES       PRED=ChaCha20     (2.5s)
  ❌ tier3      tier3_raw    3DES_0011_pycryptodome.bi GT=3DES       PRED=ChaCha20     (3.7s)
  ❌ tier3      standard     3DES_0012_openssl.bin     GT=3DES       PRED=AES-256      (2.3s)
  ❌ tier3      tier3_raw    3DES_0012_openssl.bin     GT=3DES       PRED=ChaCha20     (1.9s)
  ❌ tier3      standard     3DES_0013_openssl.bin     GT=3DES       PRED=AES-256      (2.1s)
  ❌ tier3      tier3_raw    3DES_0013_openssl.bin     GT=3DES       PRED=AES-256      (3.2s)
  ❌ tier3      standard     3DES_0014_openssl.bin     GT=3DES       PRED=ChaCha20     (5.2s)
  ❌ tier3      tier3_raw    3DES_0014_openssl.bin     GT=3DES       PRED=ChaCha20     (2.0s)
  ❌ tier3      standard     3DES_0015_pycryptodome.bi GT=3DES       PRED=AES-256      (3.7s)
  ❌ tier3      tier3_raw    3DES_0015_pycryptodome.bi GT=3DES       PRED=ChaCha20     (2.3s)
  ❌ tier3      standard     3DES_0016_openssl.bin     GT=3DES       PRED=AES-256      (2.6s)
  ❌ tier3      tier3_raw    3DES_0016_openssl.bin     GT=3DES       PRED=ChaCha20     (2.1s)
  ❌ tier3      standard     3DES_0017_openssl.bin     GT=3DES       PRED=ChaCha20     (2.1s)
  ❌ tier3      tier3_raw    3DES_0017_openssl.bin     GT=3DES       PRED=AES-128      (4.6s)
  ❌ tier3      standard     3DES_0018_pycryptodome.bi GT=3DES       PRED=ChaCha20     (1.9s)
  ❌ tier3      tier3_raw    3DES_0018_pycryptodome.bi GT=3DES       PRED=AES-256      (3.3s)
  ❌ tier3      standard     3DES_0019_pycryptodome.bi GT=3DES       PRED=ChaCha20     (10.5s)
  ❌ tier3      tier3_raw    3DES_0019_pycryptodome.bi GT=3DES       PRED=ChaCha20     (2.3s)
  ❌ tier3      standard     3DES_0020_openssl.bin     GT=3DES       PRED=AES-256      (2.4s)
  ❌ tier3      tier3_raw    3DES_0020_openssl.bin     GT=3DES       PRED=AES-256      (2.2s)
  ❌ tier3      standard     AES-128_0001_openssl.bin  GT=AES-128    PRED=ChaCha20     (2.1s)
  ❌ tier3      tier3_raw    AES-128_0001_openssl.bin  GT=AES-128    PRED=AES-256      (2.2s)
  ❌ tier3      standard     AES-128_0002_pycryptodome GT=AES-128    PRED=AES-256      (2.2s)
  ❌ tier3      tier3_raw    AES-128_0002_pycryptodome GT=AES-128    PRED=ChaCha20     (2.9s)
  ❌ tier3      standard     AES-128_0003_pycryptodome GT=AES-128    PRED=AES-256      (2.1s)
  ❌ tier3      tier3_raw    AES-128_0003_pycryptodome GT=AES-128    PRED=AES-256      (3.3s)
  ❌ tier3      standard     AES-128_0004_openssl.bin  GT=AES-128    PRED=AES-256      (3.0s)
  ❌ tier3      tier3_raw    AES-128_0004_openssl.bin  GT=AES-128    PRED=ChaCha20     (2.0s)
  ❌ tier3      standard     AES-128_0005_openssl.bin  GT=AES-128    PRED=ChaCha20     (5.9s)
  ❌ tier3      tier3_raw    AES-128_0005_openssl.bin  GT=AES-128    PRED=AES-256      (6.0s)
  ❌ tier3      standard     AES-128_0006_pycryptodome GT=AES-128    PRED=ChaCha20     (1.9s)
  ❌ tier3      tier3_raw    AES-128_0006_pycryptodome GT=AES-128    PRED=ChaCha20     (2.2s)
  ❌ tier3      standard     AES-128_0007_pycryptodome GT=AES-128    PRED=AES-256      (2.1s)
  ❌ tier3      tier3_raw    AES-128_0007_pycryptodome GT=AES-128    PRED=AES-256      (1.6s)
  ❌ tier3      standard     AES-128_0008_pycryptodome GT=AES-128    PRED=AES-256      (2.4s)
  ❌ tier3      tier3_raw    AES-128_0008_pycryptodome GT=AES-128    PRED=ChaCha20     (5.0s)
  ❌ tier3      standard     AES-128_0009_openssl.bin  GT=AES-128    PRED=ChaCha20     (1.8s)
  ❌ tier3      tier3_raw    AES-128_0009_openssl.bin  GT=AES-128    PRED=AES-256      (2.5s)
  ❌ tier3      standard     AES-128_0010_openssl.bin  GT=AES-128    PRED=ChaCha20     (2.1s)
  ❌ tier3      tier3_raw    AES-128_0010_openssl.bin  GT=AES-128    PRED=AES-256      (2.1s)
  ❌ tier3      standard     AES-128_0011_pycryptodome GT=AES-128    PRED=ChaCha20     (2.3s)
  ❌ tier3      tier3_raw    AES-128_0011_pycryptodome GT=AES-128    PRED=ChaCha20     (12.4s)
  ❌ tier3      standard     AES-128_0012_pycryptodome GT=AES-128    PRED=AES-256      (2.1s)
  ❌ tier3      tier3_raw    AES-128_0012_pycryptodome GT=AES-128    PRED=ChaCha20     (2.1s)
  ❌ tier3      standard     AES-128_0013_openssl.bin  GT=AES-128    PRED=AES-256      (2.3s)
  ❌ tier3      tier3_raw    AES-128_0013_openssl.bin  GT=AES-128    PRED=ChaCha20     (2.4s)
  ❌ tier3      standard     AES-128_0014_openssl.bin  GT=AES-128    PRED=ChaCha20     (3.0s)
  ❌ tier3      tier3_raw    AES-128_0014_openssl.bin  GT=AES-128    PRED=ChaCha20     (2.7s)
  ❌ tier3      standard     AES-128_0015_pycryptodome GT=AES-128    PRED=ChaCha20     (1.9s)
  ❌ tier3      tier3_raw    AES-128_0015_pycryptodome GT=AES-128    PRED=ChaCha20     (2.7s)
  ❌ tier3      standard     AES-128_0016_openssl.bin  GT=AES-128    PRED=ChaCha20     (2.4s)
  ❌ tier3      tier3_raw    AES-128_0016_openssl.bin  GT=AES-128    PRED=ChaCha20     (2.2s)
  ❌ tier3      standard     AES-128_0017_pycryptodome GT=AES-128    PRED=AES-256      (2.0s)
  ❌ tier3      tier3_raw    AES-128_0017_pycryptodome GT=AES-128    PRED=ChaCha20     (2.2s)
  ❌ tier3      standard     AES-128_0018_openssl.bin  GT=AES-128    PRED=AES-256      (2.4s)
  ❌ tier3      tier3_raw    AES-128_0018_openssl.bin  GT=AES-128    PRED=ChaCha20     (7.1s)
  ❌ tier3      standard     AES-128_0019_pycryptodome GT=AES-128    PRED=ChaCha20     (1.6s)
  ❌ tier3      tier3_raw    AES-128_0019_pycryptodome GT=AES-128    PRED=ChaCha20     (2.2s)
  ⚠️ tier3      standard     AES-128_0020_pycryptodome GT=AES-128    PRED=UNKNOWN      (120.4s)
  ❌ tier3      tier3_raw    AES-128_0020_pycryptodome GT=AES-128    PRED=AES-256      (2.0s)
  ❌ tier3      standard     AES-256_0001_openssl.bin  GT=AES-256    PRED=ChaCha20     (2.3s)
  ❌ tier3      tier3_raw    AES-256_0001_openssl.bin  GT=AES-256    PRED=ChaCha20     (2.0s)
  ✅ tier3      standard     AES-256_0002_openssl.bin  GT=AES-256    PRED=AES-256      (6.5s)
  ✅ tier3      tier3_raw    AES-256_0002_openssl.bin  GT=AES-256    PRED=AES-256      (1.9s)
  ❌ tier3      standard     AES-256_0003_openssl.bin  GT=AES-256    PRED=ChaCha20     (2.2s)
  ❌ tier3      tier3_raw    AES-256_0003_openssl.bin  GT=AES-256    PRED=ChaCha20     (2.1s)
  ❌ tier3      standard     AES-256_0004_openssl.bin  GT=AES-256    PRED=ChaCha20     (2.1s)
  ❌ tier3      tier3_raw    AES-256_0004_openssl.bin  GT=AES-256    PRED=ChaCha20     (3.8s)
  ✅ tier3      standard     AES-256_0005_openssl.bin  GT=AES-256    PRED=AES-256      (2.3s)
  ✅ tier3      tier3_raw    AES-256_0005_openssl.bin  GT=AES-256    PRED=AES-256      (2.9s)
  ✅ tier3      standard     AES-256_0006_openssl.bin  GT=AES-256    PRED=AES-256      (2.0s)
  ❌ tier3      tier3_raw    AES-256_0006_openssl.bin  GT=AES-256    PRED=ChaCha20     (1.9s)
  ❌ tier3      standard     AES-256_0007_pycryptodome GT=AES-256    PRED=ChaCha20     (2.0s)
  ❌ tier3      tier3_raw    AES-256_0007_pycryptodome GT=AES-256    PRED=ChaCha20     (2.5s)
  ❌ tier3      standard     AES-256_0008_pycryptodome GT=AES-256    PRED=ChaCha20     (2.3s)
  ✅ tier3      tier3_raw    AES-256_0008_pycryptodome GT=AES-256    PRED=AES-256      (1.7s)
  ✅ tier3      standard     AES-256_0009_openssl.bin  GT=AES-256    PRED=AES-256      (2.3s)
  ❌ tier3      tier3_raw    AES-256_0009_openssl.bin  GT=AES-256    PRED=ChaCha20     (4.4s)
  ❌ tier3      standard     AES-256_0010_openssl.bin  GT=AES-256    PRED=ChaCha20     (9.6s)
  ❌ tier3      tier3_raw    AES-256_0010_openssl.bin  GT=AES-256    PRED=ChaCha20     (1.9s)
  ✅ tier3      standard     AES-256_0011_pycryptodome GT=AES-256    PRED=AES-256      (2.7s)
  ✅ tier3      tier3_raw    AES-256_0011_pycryptodome GT=AES-256    PRED=AES-256      (2.8s)
  ❌ tier3      standard     AES-256_0012_pycryptodome GT=AES-256    PRED=ChaCha20     (3.2s)
  ❌ tier3      tier3_raw    AES-256_0012_pycryptodome GT=AES-256    PRED=ChaCha20     (3.0s)
  ❌ tier3      standard     AES-256_0013_openssl.bin  GT=AES-256    PRED=ChaCha20     (4.9s)
  ✅ tier3      tier3_raw    AES-256_0013_openssl.bin  GT=AES-256    PRED=AES-256      (3.9s)
  ✅ tier3      standard     AES-256_0014_openssl.bin  GT=AES-256    PRED=AES-256      (2.3s)
  ❌ tier3      tier3_raw    AES-256_0014_openssl.bin  GT=AES-256    PRED=ChaCha20     (2.3s)
  ❌ tier3      standard     AES-256_0015_openssl.bin  GT=AES-256    PRED=ChaCha20     (1.8s)
  ❌ tier3      tier3_raw    AES-256_0015_openssl.bin  GT=AES-256    PRED=ChaCha20     (2.2s)
  ✅ tier3      standard     AES-256_0016_pycryptodome GT=AES-256    PRED=AES-256      (1.9s)
  ❌ tier3      tier3_raw    AES-256_0016_pycryptodome GT=AES-256    PRED=ChaCha20     (2.9s)
  ✅ tier3      standard     AES-256_0017_openssl.bin  GT=AES-256    PRED=AES-256      (2.4s)
  ❌ tier3      tier3_raw    AES-256_0017_openssl.bin  GT=AES-256    PRED=ChaCha20     (2.1s)
  ❌ tier3      standard     AES-256_0018_openssl.bin  GT=AES-256    PRED=ChaCha20     (1.9s)
  ❌ tier3      tier3_raw    AES-256_0018_openssl.bin  GT=AES-256    PRED=ChaCha20     (4.8s)
  ❌ tier3      standard     AES-256_0019_pycryptodome GT=AES-256    PRED=ChaCha20     (2.1s)
  ✅ tier3      tier3_raw    AES-256_0019_pycryptodome GT=AES-256    PRED=AES-256      (2.2s)
  ❌ tier3      standard     AES-256_0020_pycryptodome GT=AES-256    PRED=ChaCha20     (2.5s)
  ❌ tier3      tier3_raw    AES-256_0020_pycryptodome GT=AES-256    PRED=ChaCha20     (5.0s)
  ✅ tier3      standard     ChaCha20_0001_openssl.bin GT=ChaCha20   PRED=ChaCha20     (1.7s)
  ✅ tier3      tier3_raw    ChaCha20_0001_openssl.bin GT=ChaCha20   PRED=ChaCha20     (4.4s)
  ✅ tier3      standard     ChaCha20_0002_pycryptodom GT=ChaCha20   PRED=ChaCha20     (6.2s)
  ❌ tier3      tier3_raw    ChaCha20_0002_pycryptodom GT=ChaCha20   PRED=AES-256      (2.8s)
  ❌ tier3      standard     ChaCha20_0003_openssl.bin GT=ChaCha20   PRED=AES-256      (6.0s)
  ❌ tier3      tier3_raw    ChaCha20_0003_openssl.bin GT=ChaCha20   PRED=AES-256      (1.8s)
  ❌ tier3      standard     ChaCha20_0004_pycryptodom GT=ChaCha20   PRED=AES-256      (3.6s)
  ✅ tier3      tier3_raw    ChaCha20_0004_pycryptodom GT=ChaCha20   PRED=ChaCha20     (4.0s)
  ✅ tier3      standard     ChaCha20_0005_openssl.bin GT=ChaCha20   PRED=ChaCha20     (2.4s)
  ✅ tier3      tier3_raw    ChaCha20_0005_openssl.bin GT=ChaCha20   PRED=ChaCha20     (1.8s)
  ❌ tier3      standard     ChaCha20_0006_pycryptodom GT=ChaCha20   PRED=AES-256      (3.2s)
  ✅ tier3      tier3_raw    ChaCha20_0006_pycryptodom GT=ChaCha20   PRED=ChaCha20     (2.3s)
  ❌ tier3      standard     ChaCha20_0007_pycryptodom GT=ChaCha20   PRED=AES-256      (2.7s)
  ✅ tier3      tier3_raw    ChaCha20_0007_pycryptodom GT=ChaCha20   PRED=ChaCha20     (2.6s)
  ❌ tier3      standard     ChaCha20_0008_pycryptodom GT=ChaCha20   PRED=AES-256      (2.1s)
  ✅ tier3      tier3_raw    ChaCha20_0008_pycryptodom GT=ChaCha20   PRED=ChaCha20     (2.0s)
  ❌ tier3      standard     ChaCha20_0009_pycryptodom GT=ChaCha20   PRED=AES-256      (2.2s)
  ✅ tier3      tier3_raw    ChaCha20_0009_pycryptodom GT=ChaCha20   PRED=ChaCha20     (4.8s)
  ❌ tier3      standard     ChaCha20_0010_pycryptodom GT=ChaCha20   PRED=AES-256      (6.4s)
  ✅ tier3      tier3_raw    ChaCha20_0010_pycryptodom GT=ChaCha20   PRED=ChaCha20     (2.2s)
  ✅ tier3      standard     ChaCha20_0011_pycryptodom GT=ChaCha20   PRED=ChaCha20     (4.1s)
  ❌ tier3      tier3_raw    ChaCha20_0011_pycryptodom GT=ChaCha20   PRED=AES-256      (1.9s)
  ❌ tier3      standard     ChaCha20_0012_openssl.bin GT=ChaCha20   PRED=AES-256      (5.5s)
  ❌ tier3      tier3_raw    ChaCha20_0012_openssl.bin GT=ChaCha20   PRED=AES-256      (2.1s)
  ✅ tier3      standard     ChaCha20_0013_pycryptodom GT=ChaCha20   PRED=ChaCha20     (2.0s)
  ✅ tier3      tier3_raw    ChaCha20_0013_pycryptodom GT=ChaCha20   PRED=ChaCha20     (1.8s)
  ❌ tier3      standard     ChaCha20_0014_openssl.bin GT=ChaCha20   PRED=AES-256      (1.8s)
  ✅ tier3      tier3_raw    ChaCha20_0014_openssl.bin GT=ChaCha20   PRED=ChaCha20     (2.4s)
  ✅ tier3      standard     ChaCha20_0015_openssl.bin GT=ChaCha20   PRED=ChaCha20     (4.0s)
  ❌ tier3      tier3_raw    ChaCha20_0015_openssl.bin GT=ChaCha20   PRED=AES-256      (1.8s)
  ❌ tier3      standard     ChaCha20_0016_openssl.bin GT=ChaCha20   PRED=AES-256      (3.3s)
  ✅ tier3      tier3_raw    ChaCha20_0016_openssl.bin GT=ChaCha20   PRED=ChaCha20     (2.9s)
  ✅ tier3      standard     ChaCha20_0017_openssl.bin GT=ChaCha20   PRED=ChaCha20     (2.1s)
  ✅ tier3      tier3_raw    ChaCha20_0017_openssl.bin GT=ChaCha20   PRED=ChaCha20     (2.4s)
  ❌ tier3      standard     ChaCha20_0018_pycryptodom GT=ChaCha20   PRED=AES-256      (2.5s)
  ✅ tier3      tier3_raw    ChaCha20_0018_pycryptodom GT=ChaCha20   PRED=ChaCha20     (2.2s)
  ✅ tier3      standard     ChaCha20_0019_openssl.bin GT=ChaCha20   PRED=ChaCha20     (1.9s)
  ✅ tier3      tier3_raw    ChaCha20_0019_openssl.bin GT=ChaCha20   PRED=ChaCha20     (3.7s)
  ❌ tier3      standard     ChaCha20_0020_openssl.bin GT=ChaCha20   PRED=AES-256      (2.4s)
  ✅ tier3      tier3_raw    ChaCha20_0020_openssl.bin GT=ChaCha20   PRED=ChaCha20     (1.9s)
  ❌ tier3      standard     DES_0001_pycryptodome.bin GT=DES        PRED=ChaCha20     (2.6s)
  ❌ tier3      tier3_raw    DES_0001_pycryptodome.bin GT=DES        PRED=ChaCha20     (1.9s)
  ❌ tier3      standard     DES_0002_openssl.bin      GT=DES        PRED=AES-256      (6.3s)
  ❌ tier3      tier3_raw    DES_0002_openssl.bin      GT=DES        PRED=ChaCha20     (3.1s)
  ❌ tier3      standard     DES_0003_openssl.bin      GT=DES        PRED=ChaCha20     (2.0s)
  ❌ tier3      tier3_raw    DES_0003_openssl.bin      GT=DES        PRED=ChaCha20     (4.4s)
  ❌ tier3      standard     DES_0004_openssl.bin      GT=DES        PRED=ChaCha20     (2.5s)
  ❌ tier3      tier3_raw    DES_0004_openssl.bin      GT=DES        PRED=ChaCha20     (2.7s)
  ❌ tier3      standard     DES_0005_pycryptodome.bin GT=DES        PRED=ChaCha20     (2.5s)
  ❌ tier3      tier3_raw    DES_0005_pycryptodome.bin GT=DES        PRED=ChaCha20     (7.8s)
  ❌ tier3      standard     DES_0006_openssl.bin      GT=DES        PRED=ChaCha20     (3.7s)
  ❌ tier3      tier3_raw    DES_0006_openssl.bin      GT=DES        PRED=ChaCha20     (2.1s)
  ❌ tier3      standard     DES_0007_openssl.bin      GT=DES        PRED=AES-256      (3.2s)
  ❌ tier3      tier3_raw    DES_0007_openssl.bin      GT=DES        PRED=ChaCha20     (3.8s)
  ❌ tier3      standard     DES_0008_pycryptodome.bin GT=DES        PRED=ChaCha20     (2.0s)
  ❌ tier3      tier3_raw    DES_0008_pycryptodome.bin GT=DES        PRED=ChaCha20     (1.7s)
  ❌ tier3      standard     DES_0009_pycryptodome.bin GT=DES        PRED=AES-256      (2.9s)
  ❌ tier3      tier3_raw    DES_0009_pycryptodome.bin GT=DES        PRED=AES-256      (3.0s)
  ❌ tier3      standard     DES_0010_openssl.bin      GT=DES        PRED=ChaCha20     (2.6s)
  ❌ tier3      tier3_raw    DES_0010_openssl.bin      GT=DES        PRED=ChaCha20     (2.2s)
  ❌ tier3      standard     DES_0011_openssl.bin      GT=DES        PRED=AES-256      (3.1s)
  ❌ tier3      tier3_raw    DES_0011_openssl.bin      GT=DES        PRED=ChaCha20     (2.0s)
  ❌ tier3      standard     DES_0012_pycryptodome.bin GT=DES        PRED=AES-256      (15.1s)
  ❌ tier3      tier3_raw    DES_0012_pycryptodome.bin GT=DES        PRED=ChaCha20     (5.6s)
  ❌ tier3      standard     DES_0013_pycryptodome.bin GT=DES        PRED=AES-256      (2.0s)
  ❌ tier3      tier3_raw    DES_0013_pycryptodome.bin GT=DES        PRED=ChaCha20     (2.4s)
  ❌ tier3      standard     DES_0014_pycryptodome.bin GT=DES        PRED=AES-256      (2.0s)
  ❌ tier3      tier3_raw    DES_0014_pycryptodome.bin GT=DES        PRED=AES-256      (2.0s)
  ❌ tier3      standard     DES_0015_openssl.bin      GT=DES        PRED=ChaCha20     (2.4s)
  ❌ tier3      tier3_raw    DES_0015_openssl.bin      GT=DES        PRED=ChaCha20     (2.4s)
  ❌ tier3      standard     DES_0016_pycryptodome.bin GT=DES        PRED=ChaCha20     (2.1s)
  ❌ tier3      tier3_raw    DES_0016_pycryptodome.bin GT=DES        PRED=ChaCha20     (2.1s)
  ❌ tier3      standard     DES_0017_openssl.bin      GT=DES        PRED=AES-256      (2.1s)
  ❌ tier3      tier3_raw    DES_0017_openssl.bin      GT=DES        PRED=ChaCha20     (2.6s)
  ❌ tier3      standard     DES_0018_pycryptodome.bin GT=DES        PRED=ChaCha20     (2.0s)
  ❌ tier3      tier3_raw    DES_0018_pycryptodome.bin GT=DES        PRED=AES-256      (3.1s)
  ❌ tier3      standard     DES_0019_openssl.bin      GT=DES        PRED=ChaCha20     (4.5s)
  ❌ tier3      tier3_raw    DES_0019_openssl.bin      GT=DES        PRED=ChaCha20     (2.6s)
  ❌ tier3      standard     DES_0020_pycryptodome.bin GT=DES        PRED=AES-256      (3.4s)
  ❌ tier3      tier3_raw    DES_0020_pycryptodome.bin GT=DES        PRED=ChaCha20     (5.0s)
  ❌ tier3      standard     ML-KEM-768_0001_openssl.b GT=ML-KEM-768 PRED=AES-256      (2.4s)
  ❌ tier3      tier3_raw    ML-KEM-768_0001_openssl.b GT=ML-KEM-768 PRED=AES-256      (2.4s)
  ❌ tier3      standard     ML-KEM-768_0002_openssl.b GT=ML-KEM-768 PRED=AES-256      (1.8s)
  ❌ tier3      tier3_raw    ML-KEM-768_0002_openssl.b GT=ML-KEM-768 PRED=ChaCha20     (2.3s)
  ❌ tier3      standard     ML-KEM-768_0003_openssl.b GT=ML-KEM-768 PRED=ChaCha20     (3.1s)
  ❌ tier3      tier3_raw    ML-KEM-768_0003_openssl.b GT=ML-KEM-768 PRED=AES-256      (2.4s)
  ❌ tier3      standard     ML-KEM-768_0004_openssl.b GT=ML-KEM-768 PRED=AES-256      (2.2s)
  ❌ tier3      tier3_raw    ML-KEM-768_0004_openssl.b GT=ML-KEM-768 PRED=ChaCha20     (3.0s)
  ❌ tier3      standard     ML-KEM-768_0005_openssl.b GT=ML-KEM-768 PRED=AES-256      (1.9s)
  ❌ tier3      tier3_raw    ML-KEM-768_0005_openssl.b GT=ML-KEM-768 PRED=ChaCha20     (1.6s)
  ❌ tier3      standard     ML-KEM-768_0006_openssl.b GT=ML-KEM-768 PRED=AES-256      (2.7s)
  ❌ tier3      tier3_raw    ML-KEM-768_0006_openssl.b GT=ML-KEM-768 PRED=ChaCha20     (1.9s)
  ❌ tier3      standard     ML-KEM-768_0007_openssl.b GT=ML-KEM-768 PRED=ChaCha20     (2.4s)
  ❌ tier3      tier3_raw    ML-KEM-768_0007_openssl.b GT=ML-KEM-768 PRED=ChaCha20     (1.9s)
  ❌ tier3      standard     ML-KEM-768_0008_openssl.b GT=ML-KEM-768 PRED=AES-256      (2.0s)
  ❌ tier3      tier3_raw    ML-KEM-768_0008_openssl.b GT=ML-KEM-768 PRED=ChaCha20     (2.5s)
  ❌ tier3      standard     ML-KEM-768_0009_openssl.b GT=ML-KEM-768 PRED=ChaCha20     (3.0s)
  ❌ tier3      tier3_raw    ML-KEM-768_0009_openssl.b GT=ML-KEM-768 PRED=ChaCha20     (4.8s)
  ❌ tier3      standard     ML-KEM-768_0010_openssl.b GT=ML-KEM-768 PRED=ChaCha20     (2.2s)
  ❌ tier3      tier3_raw    ML-KEM-768_0010_openssl.b GT=ML-KEM-768 PRED=ChaCha20     (2.6s)
  ❌ tier3      standard     ML-KEM-768_0011_openssl.b GT=ML-KEM-768 PRED=ChaCha20     (2.4s)
  ❌ tier3      tier3_raw    ML-KEM-768_0011_openssl.b GT=ML-KEM-768 PRED=ChaCha20     (2.4s)
  ❌ tier3      standard     ML-KEM-768_0012_openssl.b GT=ML-KEM-768 PRED=ChaCha20     (6.1s)
  ❌ tier3      tier3_raw    ML-KEM-768_0012_openssl.b GT=ML-KEM-768 PRED=ChaCha20     (2.5s)
  ❌ tier3      standard     ML-KEM-768_0013_openssl.b GT=ML-KEM-768 PRED=ChaCha20     (2.6s)
  ❌ tier3      tier3_raw    ML-KEM-768_0013_openssl.b GT=ML-KEM-768 PRED=ChaCha20     (1.5s)
  ❌ tier3      standard     ML-KEM-768_0014_openssl.b GT=ML-KEM-768 PRED=ChaCha20     (2.0s)
  ❌ tier3      tier3_raw    ML-KEM-768_0014_openssl.b GT=ML-KEM-768 PRED=ChaCha20     (2.3s)
  ❌ tier3      standard     ML-KEM-768_0015_openssl.b GT=ML-KEM-768 PRED=ChaCha20     (1.9s)
  ❌ tier3      tier3_raw    ML-KEM-768_0015_openssl.b GT=ML-KEM-768 PRED=ChaCha20     (2.4s)
  ❌ tier3      standard     ML-KEM-768_0016_openssl.b GT=ML-KEM-768 PRED=ChaCha20     (3.6s)
  ❌ tier3      tier3_raw    ML-KEM-768_0016_openssl.b GT=ML-KEM-768 PRED=AES-256      (2.8s)
  ❌ tier3      standard     ML-KEM-768_0017_openssl.b GT=ML-KEM-768 PRED=AES-256      (8.9s)
  ❌ tier3      tier3_raw    ML-KEM-768_0017_openssl.b GT=ML-KEM-768 PRED=AES-256      (2.3s)
  ❌ tier3      standard     ML-KEM-768_0018_openssl.b GT=ML-KEM-768 PRED=AES-256      (2.9s)
  ❌ tier3      tier3_raw    ML-KEM-768_0018_openssl.b GT=ML-KEM-768 PRED=ChaCha20     (2.2s)
  ❌ tier3      standard     ML-KEM-768_0019_openssl.b GT=ML-KEM-768 PRED=AES-128      (3.1s)
  ❌ tier3      tier3_raw    ML-KEM-768_0019_openssl.b GT=ML-KEM-768 PRED=ChaCha20     (1.7s)
  ❌ tier3      standard     ML-KEM-768_0020_openssl.b GT=ML-KEM-768 PRED=AES-256      (2.1s)
  ❌ tier3      tier3_raw    ML-KEM-768_0020_openssl.b GT=ML-KEM-768 PRED=ChaCha20     (3.1s)
  ❌ tier3      standard     RSA-2048_0001_pycryptodom GT=RSA-2048   PRED=ChaCha20     (4.0s)
  ❌ tier3      tier3_raw    RSA-2048_0001_pycryptodom GT=RSA-2048   PRED=ChaCha20     (2.7s)
  ❌ tier3      standard     RSA-2048_0002_pycryptodom GT=RSA-2048   PRED=ChaCha20     (2.1s)
  ❌ tier3      tier3_raw    RSA-2048_0002_pycryptodom GT=RSA-2048   PRED=ChaCha20     (6.8s)
  ❌ tier3      standard     RSA-2048_0003_openssl.bin GT=RSA-2048   PRED=ChaCha20     (3.7s)
  ❌ tier3      tier3_raw    RSA-2048_0003_openssl.bin GT=RSA-2048   PRED=ChaCha20     (2.3s)
  ❌ tier3      standard     RSA-2048_0004_openssl.bin GT=RSA-2048   PRED=ChaCha20     (2.2s)
  ❌ tier3      tier3_raw    RSA-2048_0004_openssl.bin GT=RSA-2048   PRED=ChaCha20     (1.9s)
  ❌ tier3      standard     RSA-2048_0005_pycryptodom GT=RSA-2048   PRED=ChaCha20     (3.3s)
  ❌ tier3      tier3_raw    RSA-2048_0005_pycryptodom GT=RSA-2048   PRED=ChaCha20     (1.8s)
  ❌ tier3      standard     RSA-2048_0006_pycryptodom GT=RSA-2048   PRED=AES-128      (5.1s)
  ❌ tier3      tier3_raw    RSA-2048_0006_pycryptodom GT=RSA-2048   PRED=AES-256      (1.8s)
  ❌ tier3      standard     RSA-2048_0007_pycryptodom GT=RSA-2048   PRED=ChaCha20     (2.4s)
  ❌ tier3      tier3_raw    RSA-2048_0007_pycryptodom GT=RSA-2048   PRED=ChaCha20     (5.7s)
  ❌ tier3      standard     RSA-2048_0008_openssl.bin GT=RSA-2048   PRED=AES-256      (2.1s)
  ❌ tier3      tier3_raw    RSA-2048_0008_openssl.bin GT=RSA-2048   PRED=ChaCha20     (3.5s)
  ❌ tier3      standard     RSA-2048_0009_openssl.bin GT=RSA-2048   PRED=AES-256      (4.6s)
  ❌ tier3      tier3_raw    RSA-2048_0009_openssl.bin GT=RSA-2048   PRED=ChaCha20     (3.6s)
  ❌ tier3      standard     RSA-2048_0010_pycryptodom GT=RSA-2048   PRED=ChaCha20     (3.5s)
  ❌ tier3      tier3_raw    RSA-2048_0010_pycryptodom GT=RSA-2048   PRED=ChaCha20     (2.5s)
  ❌ tier3      standard     RSA-2048_0011_pycryptodom GT=RSA-2048   PRED=AES-128      (3.7s)
  ❌ tier3      tier3_raw    RSA-2048_0011_pycryptodom GT=RSA-2048   PRED=AES-256      (2.8s)
  ❌ tier3      standard     RSA-2048_0012_openssl.bin GT=RSA-2048   PRED=ChaCha20     (2.5s)
  ❌ tier3      tier3_raw    RSA-2048_0012_openssl.bin GT=RSA-2048   PRED=ChaCha20     (1.6s)
  ❌ tier3      standard     RSA-2048_0013_pycryptodom GT=RSA-2048   PRED=ChaCha20     (2.0s)
  ❌ tier3      tier3_raw    RSA-2048_0013_pycryptodom GT=RSA-2048   PRED=ChaCha20     (3.1s)
  ❌ tier3      standard     RSA-2048_0014_pycryptodom GT=RSA-2048   PRED=ChaCha20     (2.4s)
  ❌ tier3      tier3_raw    RSA-2048_0014_pycryptodom GT=RSA-2048   PRED=ChaCha20     (4.2s)
  ❌ tier3      standard     RSA-2048_0015_pycryptodom GT=RSA-2048   PRED=ChaCha20     (2.3s)
  ❌ tier3      tier3_raw    RSA-2048_0015_pycryptodom GT=RSA-2048   PRED=AES-256      (1.9s)
  ❌ tier3      standard     RSA-2048_0016_openssl.bin GT=RSA-2048   PRED=ChaCha20     (2.3s)
  ❌ tier3      tier3_raw    RSA-2048_0016_openssl.bin GT=RSA-2048   PRED=AES-256      (4.8s)
  ❌ tier3      standard     RSA-2048_0017_openssl.bin GT=RSA-2048   PRED=ChaCha20     (2.0s)
  ❌ tier3      tier3_raw    RSA-2048_0017_openssl.bin GT=RSA-2048   PRED=ChaCha20     (2.5s)
  ❌ tier3      standard     RSA-2048_0018_openssl.bin GT=RSA-2048   PRED=ChaCha20     (3.2s)
  ❌ tier3      tier3_raw    RSA-2048_0018_openssl.bin GT=RSA-2048   PRED=ChaCha20     (2.3s)
  ❌ tier3      standard     RSA-2048_0019_openssl.bin GT=RSA-2048   PRED=AES-256      (1.8s)
  ❌ tier3      tier3_raw    RSA-2048_0019_openssl.bin GT=RSA-2048   PRED=ChaCha20     (2.6s)
  ❌ tier3      standard     RSA-2048_0020_openssl.bin GT=RSA-2048   PRED=ChaCha20     (2.3s)
  ❌ tier3      tier3_raw    RSA-2048_0020_openssl.bin GT=RSA-2048   PRED=ChaCha20     (2.2s)
  ✓ tier3_raw complete for openrouter/owl-alpha
  ❌ tier4a     standard     3DES_0001_openssl.bin     GT=3DES       PRED=ChaCha20     (2.3s)
  ❌ tier4a     standard     3DES_0002_openssl.bin     GT=3DES       PRED=ChaCha20     (7.7s)
  ❌ tier4a     standard     3DES_0003_pycryptodome.bi GT=3DES       PRED=ChaCha20     (2.8s)
    ⏳ 429, retry in 6s (attempt 1)
    ⏳ 429, retry in 11s (attempt 2)
    ⏳ 429, retry in 21s (attempt 3)
    ⏳ 429, retry in 41s (attempt 4)
    ⏳ 429, retry in 60s (attempt 5)
  ⚠️ tier4a     standard     3DES_0004_pycryptodome.bi GT=3DES       PRED=UNKNOWN      (0.3s)
    ⏳ 429, retry in 6s (attempt 1)
    ⏳ 429, retry in 11s (attempt 2)
    ⏳ 429, retry in 21s (attempt 3)
    ⏳ 429, retry in 41s (attempt 4)
    ⏳ 429, retry in 60s (attempt 5)
  ⚠️ tier4a     standard     3DES_0005_openssl.bin     GT=3DES       PRED=UNKNOWN      (0.3s)
    ⏳ 429, retry in 6s (attempt 1)
    ⏳ 429, retry in 11s (attempt 2)
    ⏳ 429, retry in 21s (attempt 3)
    ⏳ 429, retry in 41s (attempt 4)
    ⏳ 429, retry in 60s (attempt 5)
  ⚠️ tier4a     standard     3DES_0006_pycryptodome.bi GT=3DES       PRED=UNKNOWN      (0.3s)
    ⏳ 429, retry in 6s (attempt 1)
    ⏳ 429, retry in 11s (attempt 2)
    ⏳ 429, retry in 21s (attempt 3)
    ⏳ 429, retry in 41s (attempt 4)
    ⏳ 429, retry in 60s (attempt 5)
  ⚠️ tier4a     standard     3DES_0007_openssl.bin     GT=3DES       PRED=UNKNOWN      (0.3s)
    ⏳ 429, retry in 6s (attempt 1)
    ⏳ 429, retry in 11s (attempt 2)
    ⏳ 429, retry in 21s (attempt 3)
    ⏳ 429, retry in 41s (attempt 4)
    ⏳ 429, retry in 60s (attempt 5)
  ⚠️ tier4a     standard     3DES_0008_pycryptodome.bi GT=3DES       PRED=UNKNOWN      (0.3s)
    ⏳ 429, retry in 6s (attempt 1)
    ⏳ 429, retry in 11s (attempt 2)
    ⏳ 429, retry in 21s (attempt 3)
    ⏳ 429, retry in 41s (attempt 4)
    ⏳ 429, retry in 60s (attempt 5)
  ⚠️ tier4a     standard     3DES_0009_openssl.bin     GT=3DES       PRED=UNKNOWN      (0.3s)
    ⏳ 429, retry in 6s (attempt 1)
    ⏳ 429, retry in 11s (attempt 2)
    ⏳ 429, retry in 21s (attempt 3)
    ⏳ 429, retry in 41s (attempt 4)
    ⏳ 429, retry in 60s (attempt 5)
  ⚠️ tier4a     standard     3DES_0010_pycryptodome.bi GT=3DES       PRED=UNKNOWN      (0.3s)
    ⏳ 429, retry in 6s (attempt 1)
    ⏳ 429, retry in 11s (attempt 2)
    ⏳ 429, retry in 21s (attempt 3)
    ⏳ 429, retry in 41s (attempt 4)
    ⏳ 429, retry in 60s (attempt 5)
  ⚠️ tier4a     standard     3DES_0011_pycryptodome.bi GT=3DES       PRED=UNKNOWN      (0.3s)
    ⏳ 429, retry in 6s (attempt 1)
    ⏳ 429, retry in 11s (attempt 2)
    ⏳ 429, retry in 21s (attempt 3)
    ⏳ 429, retry in 41s (attempt 4)
    ⏳ 429, retry in 60s (attempt 5)
  ⚠️ tier4a     standard     3DES_0012_openssl.bin     GT=3DES       PRED=UNKNOWN      (0.3s)
    ⏳ 429, retry in 6s (attempt 1)
    ⏳ 429, retry in 11s (attempt 2)
    ⏳ 429, retry in 21s (attempt 3)
    ⏳ 429, retry in 41s (attempt 4)
    ⏳ 429, retry in 60s (attempt 5)
  ⚠️ tier4a     standard     3DES_0013_openssl.bin     GT=3DES       PRED=UNKNOWN      (0.3s)
    ⏳ 429, retry in 6s (attempt 1)
    ⏳ 429, retry in 11s (attempt 2)
    ⏳ 429, retry in 21s (attempt 3)
    ⏳ 429, retry in 41s (attempt 4)
    ⏳ 429, retry in 60s (attempt 5)
  ⚠️ tier4a     standard     3DES_0014_openssl.bin     GT=3DES       PRED=UNKNOWN      (0.3s)
    ⏳ 429, retry in 6s (attempt 1)
    ⏳ 429, retry in 11s (attempt 2)
    ⏳ 429, retry in 21s (attempt 3)
    ⏳ 429, retry in 41s (attempt 4)
    ⏳ 429, retry in 60s (attempt 5)
  ⚠️ tier4a     standard     3DES_0015_pycryptodome.bi GT=3DES       PRED=UNKNOWN      (0.4s)
    ⏳ 429, retry in 6s (attempt 1)
    ⏳ 429, retry in 11s (attempt 2)
    ⏳ 429, retry in 21s (attempt 3)
    ⏳ 429, retry in 41s (attempt 4)
    ⏳ 429, retry in 60s (attempt 5)
  ⚠️ tier4a     standard     3DES_0016_openssl.bin     GT=3DES       PRED=UNKNOWN      (0.6s)
    ⏳ 429, retry in 6s (attempt 1)
    ⏳ 429, retry in 11s (attempt 2)
    ⏳ 429, retry in 21s (attempt 3)
    ⏳ 429, retry in 41s (attempt 4)
    ⏳ 429, retry in 60s (attempt 5)
  ⚠️ tier4a     standard     3DES_0017_openssl.bin     GT=3DES       PRED=UNKNOWN      (0.3s)
    ⏳ 429, retry in 6s (attempt 1)
    ⏳ 429, retry in 11s (attempt 2)
    ⏳ 429, retry in 21s (attempt 3)
    ⏳ 429, retry in 41s (attempt 4)
    ⏳ 429, retry in 60s (attempt 5)
  ⚠️ tier4a     standard     3DES_0018_pycryptodome.bi GT=3DES       PRED=UNKNOWN      (0.3s)
    ⏳ 429, retry in 6s (attempt 1)
    ⏳ 429, retry in 11s (attempt 2)
    ⏳ 429, retry in 21s (attempt 3)
    ⏳ 429, retry in 41s (attempt 4)
    ⏳ 429, retry in 60s (attempt 5)
  ⚠️ tier4a     standard     3DES_0019_pycryptodome.bi GT=3DES       PRED=UNKNOWN      (0.3s)
    ⏳ 429, retry in 6s (attempt 1)
    ⏳ 429, retry in 11s (attempt 2)
    ⏳ 429, retry in 21s (attempt 3)
    ⏳ 429, retry in 41s (attempt 4)
    ⏳ 429, retry in 60s (attempt 5)
  ⚠️ tier4a     standard     3DES_0020_openssl.bin     GT=3DES       PRED=UNKNOWN      (0.3s)
    ⏳ 429, retry in 6s (attempt 1)
    ⏳ 429, retry in 11s (attempt 2)
    ⏳ 429, retry in 21s (attempt 3)
    ⏳ 429, retry in 41s (attempt 4)
    ⏳ 429, retry in 60s (attempt 5)
  ⚠️ tier4a     standard     AES-128_0001_openssl.bin  GT=AES-128    PRED=UNKNOWN      (0.3s)
    ⏳ 429, retry in 6s (attempt 1)
    ⏳ 429, retry in 11s (attempt 2)
    ⏳ 429, retry in 21s (attempt 3)
    ⏳ 429, retry in 41s (attempt 4)
    ⏳ 429, retry in 60s (attempt 5)
  ⚠️ tier4a     standard     AES-128_0002_pycryptodome GT=AES-128    PRED=UNKNOWN      (0.4s)
    ⏳ 429, retry in 6s (attempt 1)
    ⏳ 429, retry in 11s (attempt 2)
    ⏳ 429, retry in 21s (attempt 3)
    ⏳ 429, retry in 41s (attempt 4)
    ⏳ 429, retry in 60s (attempt 5)
  ⚠️ tier4a     standard     AES-128_0003_pycryptodome GT=AES-128    PRED=UNKNOWN      (0.3s)
    ⏳ 429, retry in 6s (attempt 1)
    ⏳ 429, retry in 11s (attempt 2)
    ⏳ 429, retry in 21s (attempt 3)
    ⏳ 429, retry in 41s (attempt 4)
    ⏳ 429, retry in 60s (attempt 5)
  ⚠️ tier4a     standard     AES-128_0004_openssl.bin  GT=AES-128    PRED=UNKNOWN      (1.0s)
    ⏳ 429, retry in 6s (attempt 1)
    ⏳ 429, retry in 11s (attempt 2)
    ⏳ 429, retry in 21s (attempt 3)
    ⏳ 429, retry in 41s (attempt 4)
    ⏳ 429, retry in 60s (attempt 5)
  ⚠️ tier4a     standard     AES-128_0005_openssl.bin  GT=AES-128    PRED=UNKNOWN      (0.3s)
    ⏳ 429, retry in 6s (attempt 1)
    ⏳ 429, retry in 11s (attempt 2)
    ⏳ 429, retry in 21s (attempt 3)
    ⏳ 429, retry in 41s (attempt 4)
    ⏳ 429, retry in 60s (attempt 5)
  ⚠️ tier4a     standard     AES-128_0006_pycryptodome GT=AES-128    PRED=UNKNOWN      (0.3s)
    ⏳ 429, retry in 6s (attempt 1)
    ⏳ 429, retry in 11s (attempt 2)
    ⏳ 429, retry in 21s (attempt 3)
    ⏳ 429, retry in 41s (attempt 4)
    ⏳ 429, retry in 60s (attempt 5)
  ⚠️ tier4a     standard     AES-128_0007_pycryptodome GT=AES-128    PRED=UNKNOWN      (0.4s)
    ⏳ 429, retry in 6s (attempt 1)
    ⏳ 429, retry in 11s (attempt 2)
    ⏳ 429, retry in 21s (attempt 3)
    ⏳ 429, retry in 41s (attempt 4)
    ⏳ 429, retry in 60s (attempt 5)
  ⚠️ tier4a     standard     AES-128_0008_pycryptodome GT=AES-128    PRED=UNKNOWN      (0.3s)
    ⏳ 429, retry in 6s (attempt 1)
    ⏳ 429, retry in 11s (attempt 2)
    ⏳ 429, retry in 21s (attempt 3)
    ⏳ 429, retry in 41s (attempt 4)
    ⏳ 429, retry in 60s (attempt 5)
  ⚠️ tier4a     standard     AES-128_0009_openssl.bin  GT=AES-128    PRED=UNKNOWN      (0.4s)
    ⏳ 429, retry in 6s (attempt 1)
    ⏳ 429, retry in 11s (attempt 2)
    ⏳ 429, retry in 21s (attempt 3)
    ⏳ 429, retry in 41s (attempt 4)
    ⏳ 429, retry in 60s (attempt 5)
  ⚠️ tier4a     standard     AES-128_0010_openssl.bin  GT=AES-128    PRED=UNKNOWN      (0.5s)
    ⏳ 429, retry in 6s (attempt 1)
    ⏳ 429, retry in 11s (attempt 2)
    ⏳ 429, retry in 21s (attempt 3)
    ⏳ 429, retry in 41s (attempt 4)
    ⏳ 429, retry in 60s (attempt 5)
  ⚠️ tier4a     standard     AES-128_0011_pycryptodome GT=AES-128    PRED=UNKNOWN      (0.5s)
    ⏳ 429, retry in 6s (attempt 1)
    ⏳ 429, retry in 11s (attempt 2)
    ⏳ 429, retry in 21s (attempt 3)
    ⏳ 429, retry in 41s (attempt 4)
  ⚠️ tier4a     standard     AES-128_0012_pycryptodome GT=AES-128    PRED=UNKNOWN      (32.8s)
